isin,symbol,company_name,sector,trade_date,open,high,low,close,volume
INE040A01034,HDFCBANK,HDFC Bank Ltd.,Financial Services,2024-10-08,815.0,828.4,811.0,825.53,29734406
INE040A01034,HDFCBANK,HDFC Bank Ltd.,Financial Services,2024-10-09,824.75,828.38,814.35,816.58,41125642
INE040A01034,HDFCBANK,HDFC Bank Ltd.,Financial Services,2024-10-10,819.5,832.72,816.25,831.2,21754766
INE040A01034,HDFCBANK,HDFC Bank Ltd.,Financial Services,2024-10-11,832.22,832.22,821.62,825.5,23672594
INE040A01034,HDFCBANK,HDFC Bank Ltd.,Financial Services,2024-10-14,828.03,846.03,827.0,844.05,18527508
INE040A01034,HDFCBANK,HDFC Bank Ltd.,Financial Services,2024-10-15,847.0,849.0,837.75,842.05,19651130
INE040A01034,HDFCBANK,HDFC Bank Ltd.,Financial Services,2024-10-16,840.05,853.97,840.05,849.9,20470682
INE040A01034,HDFCBANK,HDFC Bank Ltd.,Financial Services,2024-10-17,847.47,848.83,832.6,836.58,14695732
INE040A01034,HDFCBANK,HDFC Bank Ltd.,Financial Services,2024-10-18,831.55,845.5,827.05,840.92,24809724
INE040A01034,HDFCBANK,HDFC Bank Ltd.,Financial Services,2024-10-21,857.5,874.08,855.53,864.35,46548354
INE040A01034,HDFCBANK,HDFC Bank Ltd.,Financial Services,2024-10-22,865.03,870.0,855.35,857.28,38875280
INE040A01034,HDFCBANK,HDFC Bank Ltd.,Financial Services,2024-10-23,852.53,873.25,852.53,867.9,38036090
INE040A01034,HDFCBANK,HDFC Bank Ltd.,Financial Services,2024-10-24,869.05,884.33,869.05,874.83,30832258
INE040A01034,HDFCBANK,HDFC Bank Ltd.,Financial Services,2024-10-25,877.5,878.92,864.35,871.7,26130478
INE040A01034,HDFCBANK,HDFC Bank Ltd.,Financial Services,2024-10-28,871.0,875.5,864.45,867.1,22012142
INE040A01034,HDFCBANK,HDFC Bank Ltd.,Financial Services,2024-10-29,863.08,882.0,862.55,875.92,35794926
INE040A01034,HDFCBANK,HDFC Bank Ltd.,Financial Services,2024-10-30,871.0,877.38,862.1,867.3,32715724
INE040A01034,HDFCBANK,HDFC Bank Ltd.,Financial Services,2024-10-31,864.0,869.45,859.7,867.85,22895912
INE040A01034,HDFCBANK,HDFC Bank Ltd.,Financial Services,2024-11-01,866.5,872.05,863.05,868.65,1759692
INE040A01034,HDFCBANK,HDFC Bank Ltd.,Financial Services,2024-11-04,872.5,872.5,855.45,857.05,28089248
INE040A01034,HDFCBANK,HDFC Bank Ltd.,Financial Services,2024-11-05,851.5,881.35,848.95,878.92,44232406
INE040A01034,HDFCBANK,HDFC Bank Ltd.,Financial Services,2024-11-06,885.75,885.75,872.67,877.62,27787910
INE040A01034,HDFCBANK,HDFC Bank Ltd.,Financial Services,2024-11-07,872.15,880.47,869.0,873.28,18895456
INE040A01034,HDFCBANK,HDFC Bank Ltd.,Financial Services,2024-11-08,876.0,880.9,872.92,877.22,19902986
INE040A01034,HDFCBANK,HDFC Bank Ltd.,Financial Services,2024-11-11,877.28,891.4,875.6,883.15,24565362
INE040A01034,HDFCBANK,HDFC Bank Ltd.,Financial Services,2024-11-12,886.0,887.5,854.33,859.1,31395406
INE040A01034,HDFCBANK,HDFC Bank Ltd.,Financial Services,2024-11-13,858.38,864.7,836.5,840.67,35728500
INE040A01034,HDFCBANK,HDFC Bank Ltd.,Financial Services,2024-11-14,836.55,852.42,836.05,846.38,27146470
INE040A01034,HDFCBANK,HDFC Bank Ltd.,Financial Services,2024-11-18,850.0,859.45,847.5,852.55,27081968
INE040A01034,HDFCBANK,HDFC Bank Ltd.,Financial Services,2024-11-19,857.0,876.88,851.35,871.12,50981272
INE040A01034,HDFCBANK,HDFC Bank Ltd.,Financial Services,2024-11-21,874.7,879.5,867.1,870.6,35716512
INE040A01034,HDFCBANK,HDFC Bank Ltd.,Financial Services,2024-11-22,871.78,877.15,864.78,872.8,24773612
INE040A01034,HDFCBANK,HDFC Bank Ltd.,Financial Services,2024-11-25,892.53,901.78,882.45,892.8,427737274
INE040A01034,HDFCBANK,HDFC Bank Ltd.,Financial Services,2024-11-26,905.0,905.0,884.9,892.78,30935566
INE040A01034,HDFCBANK,HDFC Bank Ltd.,Financial Services,2024-11-27,894.95,908.67,892.58,906.15,32714976
INE040A01034,HDFCBANK,HDFC Bank Ltd.,Financial Services,2024-11-28,909.5,918.05,894.0,896.58,35722392
INE040A01034,HDFCBANK,HDFC Bank Ltd.,Financial Services,2024-11-29,900.65,902.3,891.45,898.03,27669536
INE040A01034,HDFCBANK,HDFC Bank Ltd.,Financial Services,2024-12-02,901.75,904.08,887.5,902.35,15110876
INE040A01034,HDFCBANK,HDFC Bank Ltd.,Financial Services,2024-12-03,911.35,918.7,908.05,913.15,43410242
INE040A01034,HDFCBANK,HDFC Bank Ltd.,Financial Services,2024-12-04,919.0,932.5,915.58,930.05,44669084
INE040A01034,HDFCBANK,HDFC Bank Ltd.,Financial Services,2024-12-05,930.0,939.97,917.6,932.88,39682714
INE040A01034,HDFCBANK,HDFC Bank Ltd.,Financial Services,2024-12-06,928.5,932.1,922.0,927.92,17783156
INE040A01034,HDFCBANK,HDFC Bank Ltd.,Financial Services,2024-12-09,926.83,940.0,924.5,935.0,26947912
INE040A01034,HDFCBANK,HDFC Bank Ltd.,Financial Services,2024-12-10,938.85,938.85,929.28,934.05,13325480
INE040A01034,HDFCBANK,HDFC Bank Ltd.,Financial Services,2024-12-11,930.85,935.95,928.38,931.55,14045426
INE040A01034,HDFCBANK,HDFC Bank Ltd.,Financial Services,2024-12-12,925.5,934.33,924.35,929.62,17293790
INE040A01034,HDFCBANK,HDFC Bank Ltd.,Financial Services,2024-12-13,931.25,937.5,914.62,935.88,19009002
INE040A01034,HDFCBANK,HDFC Bank Ltd.,Financial Services,2024-12-16,932.55,934.97,927.62,932.6,13107082
INE040A01034,HDFCBANK,HDFC Bank Ltd.,Financial Services,2024-12-17,928.17,931.17,913.25,916.62,21079532
INE040A01034,HDFCBANK,HDFC Bank Ltd.,Financial Services,2024-12-18,914.92,918.0,903.58,905.35,23422312
INE040A01034,HDFCBANK,HDFC Bank Ltd.,Financial Services,2024-12-19,899.8,900.55,889.5,896.75,25380770
INE040A01034,HDFCBANK,HDFC Bank Ltd.,Financial Services,2024-12-20,891.1,898.78,883.53,885.75,25692348
INE040A01034,HDFCBANK,HDFC Bank Ltd.,Financial Services,2024-12-23,891.0,903.0,890.65,900.5,11044592
INE040A01034,HDFCBANK,HDFC Bank Ltd.,Financial Services,2024-12-24,901.03,904.35,894.78,899.05,14485834
INE040A01034,HDFCBANK,HDFC Bank Ltd.,Financial Services,2024-12-26,899.28,906.0,890.38,895.38,10481678
INE040A01034,HDFCBANK,HDFC Bank Ltd.,Financial Services,2024-12-27,897.4,902.97,894.55,899.12,7259330
INE040A01034,HDFCBANK,HDFC Bank Ltd.,Financial Services,2024-12-30,896.1,907.5,885.5,888.95,22222218
INE040A01034,HDFCBANK,HDFC Bank Ltd.,Financial Services,2024-12-31,885.15,890.9,882.8,886.42,14117236
INE040A01034,HDFCBANK,HDFC Bank Ltd.,Financial Services,2025-01-01,886.72,897.0,880.55,891.38,7313806
INE040A01034,HDFCBANK,HDFC Bank Ltd.,Financial Services,2025-01-02,888.55,901.72,886.5,896.88,18558576
INE040A01034,HDFCBANK,HDFC Bank Ltd.,Financial Services,2025-01-03,895.5,897.62,873.15,874.6,24426194
INE040A01034,HDFCBANK,HDFC Bank Ltd.,Financial Services,2025-01-06,870.05,878.6,852.9,855.25,18816348
INE040A01034,HDFCBANK,HDFC Bank Ltd.,Financial Services,2025-01-07,857.5,860.5,850.0,856.7,13527906
INE040A01034,HDFCBANK,HDFC Bank Ltd.,Financial Services,2025-01-08,854.12,855.83,841.67,847.15,19738190
INE040A01034,HDFCBANK,HDFC Bank Ltd.,Financial Services,2025-01-09,842.08,844.5,829.05,833.9,40420222
INE040A01034,HDFCBANK,HDFC Bank Ltd.,Financial Services,2025-01-10,835.5,837.45,827.0,828.38,17453280
INE040A01034,HDFCBANK,HDFC Bank Ltd.,Financial Services,2025-01-13,820.0,823.38,812.15,815.42,21669066
INE040A01034,HDFCBANK,HDFC Bank Ltd.,Financial Services,2025-01-14,819.95,828.1,818.5,823.3,26661432
INE040A01034,HDFCBANK,HDFC Bank Ltd.,Financial Services,2025-01-15,828.25,831.35,818.15,821.53,14022892
INE040A01034,HDFCBANK,HDFC Bank Ltd.,Financial Services,2025-01-16,826.42,830.28,821.42,826.03,21212454
INE040A01034,HDFCBANK,HDFC Bank Ltd.,Financial Services,2025-01-17,821.75,825.25,814.25,818.38,23112076
INE040A01034,HDFCBANK,HDFC Bank Ltd.,Financial Services,2025-01-20,813.0,830.47,813.0,825.62,17557618
INE040A01034,HDFCBANK,HDFC Bank Ltd.,Financial Services,2025-01-21,829.12,830.53,816.53,821.2,31158144
INE040A01034,HDFCBANK,HDFC Bank Ltd.,Financial Services,2025-01-22,821.2,835.95,812.72,833.03,30619306
INE040A01034,HDFCBANK,HDFC Bank Ltd.,Financial Services,2025-01-23,843.5,843.5,825.62,832.45,34909158
INE040A01034,HDFCBANK,HDFC Bank Ltd.,Financial Services,2025-01-24,830.0,835.15,822.25,824.9,24236200
INE040A01034,HDFCBANK,HDFC Bank Ltd.,Financial Services,2025-01-27,820.55,821.8,813.0,814.9,22804166
INE040A01034,HDFCBANK,HDFC Bank Ltd.,Financial Services,2025-01-28,823.5,842.15,823.5,835.2,30179312
INE040A01034,HDFCBANK,HDFC Bank Ltd.,Financial Services,2025-01-29,837.5,840.58,834.42,838.65,12619890
INE040A01034,HDFCBANK,HDFC Bank Ltd.,Financial Services,2025-01-30,840.5,848.95,836.28,845.75,25744846
INE040A01034,HDFCBANK,HDFC Bank Ltd.,Financial Services,2025-01-31,843.62,852.35,841.97,849.38,15821686
INE040A01034,HDFCBANK,HDFC Bank Ltd.,Financial Services,2025-02-01,848.75,856.5,838.03,845.47,5587528
INE040A01034,HDFCBANK,HDFC Bank Ltd.,Financial Services,2025-02-03,835.0,843.4,831.72,839.0,20276540
INE040A01034,HDFCBANK,HDFC Bank Ltd.,Financial Services,2025-02-04,844.35,862.9,840.03,860.45,28616502
INE040A01034,HDFCBANK,HDFC Bank Ltd.,Financial Services,2025-02-05,866.5,872.1,859.45,868.9,23675506
INE040A01034,HDFCBANK,HDFC Bank Ltd.,Financial Services,2025-02-06,867.75,874.5,862.0,871.92,26760716
INE040A01034,HDFCBANK,HDFC Bank Ltd.,Financial Services,2025-02-07,875.0,883.5,862.5,866.38,23509600
INE040A01034,HDFCBANK,HDFC Bank Ltd.,Financial Services,2025-02-10,858.65,861.72,854.25,857.88,17195950
INE040A01034,HDFCBANK,HDFC Bank Ltd.,Financial Services,2025-02-11,851.5,855.5,844.35,850.7,22724704
INE040A01034,HDFCBANK,HDFC Bank Ltd.,Financial Services,2025-02-12,846.5,856.0,840.6,853.4,22809570
INE040A01034,HDFCBANK,HDFC Bank Ltd.,Financial Services,2025-02-13,849.5,857.12,846.78,848.85,12602434
INE040A01034,HDFCBANK,HDFC Bank Ltd.,Financial Services,2025-02-14,850.95,850.95,840.0,847.42,19959892
INE040A01034,HDFCBANK,HDFC Bank Ltd.,Financial Services,2025-02-17,842.6,860.0,840.62,858.67,12938946
INE040A01034,HDFCBANK,HDFC Bank Ltd.,Financial Services,2025-02-18,856.53,865.78,853.08,861.53,16350910
INE040A01034,HDFCBANK,HDFC Bank Ltd.,Financial Services,2025-02-19,858.5,868.95,856.22,863.6,11884112
INE040A01034,HDFCBANK,HDFC Bank Ltd.,Financial Services,2025-02-20,855.5,857.35,842.65,843.55,26390510
INE040A01034,HDFCBANK,HDFC Bank Ltd.,Financial Services,2025-02-21,840.45,847.47,838.62,846.25,15680940
INE040A01034,HDFCBANK,HDFC Bank Ltd.,Financial Services,2025-02-24,840.55,842.1,830.55,838.55,20693646
INE040A01034,HDFCBANK,HDFC Bank Ltd.,Financial Services,2025-02-25,835.55,844.0,835.55,841.17,24138708
INE040A01034,HDFCBANK,HDFC Bank Ltd.,Financial Services,2025-02-27,841.28,855.38,841.28,850.35,35786800
INE040A01034,HDFCBANK,HDFC Bank Ltd.,Financial Services,2025-02-28,842.5,868.62,842.5,866.2,54516728
INE040A01034,HDFCBANK,HDFC Bank Ltd.,Financial Services,2025-03-03,869.9,871.53,847.05,850.78,21205364
INE040A01034,HDFCBANK,HDFC Bank Ltd.,Financial Services,2025-03-04,849.0,857.15,846.62,855.0,19920958
INE040A01034,HDFCBANK,HDFC Bank Ltd.,Financial Services,2025-03-05,850.97,855.4,844.12,845.0,21583872
INE040A01034,HDFCBANK,HDFC Bank Ltd.,Financial Services,2025-03-06,843.5,849.95,836.12,845.6,32966088
INE040A01034,HDFCBANK,HDFC Bank Ltd.,Financial Services,2025-03-07,841.0,850.58,838.8,844.62,13372914
INE040A01034,HDFCBANK,HDFC Bank Ltd.,Financial Services,2025-03-10,844.5,849.95,841.53,843.75,15604050
INE040A01034,HDFCBANK,HDFC Bank Ltd.,Financial Services,2025-03-11,841.2,847.0,835.03,842.75,19898430
INE040A01034,HDFCBANK,HDFC Bank Ltd.,Financial Services,2025-03-12,845.78,859.25,845.78,855.58,18784106
INE040A01034,HDFCBANK,HDFC Bank Ltd.,Financial Services,2025-03-13,858.03,860.4,850.03,853.3,15736264
INE040A01034,HDFCBANK,HDFC Bank Ltd.,Financial Services,2025-03-17,852.5,862.0,852.5,855.2,18950652
INE040A01034,HDFCBANK,HDFC Bank Ltd.,Financial Services,2025-03-18,855.2,855.2,855.2,855.2,0
INE040A01034,HDFCBANK,HDFC Bank Ltd.,Financial Services,2025-03-19,867.5,875.5,866.1,872.05,15221406
INE040A01034,HDFCBANK,HDFC Bank Ltd.,Financial Services,2025-03-20,877.0,887.0,874.65,884.38,17833978
INE040A01034,HDFCBANK,HDFC Bank Ltd.,Financial Services,2025-03-21,877.78,887.05,877.78,885.17,33508264
INE040A01034,HDFCBANK,HDFC Bank Ltd.,Financial Services,2025-03-24,889.5,902.2,886.83,900.0,17393736
INE040A01034,HDFCBANK,HDFC Bank Ltd.,Financial Services,2025-03-25,902.45,921.85,900.75,910.72,39101416
INE040A01034,HDFCBANK,HDFC Bank Ltd.,Financial Services,2025-03-26,912.5,913.75,901.0,903.28,24478442
INE040A01034,HDFCBANK,HDFC Bank Ltd.,Financial Services,2025-03-27,900.0,920.5,899.05,912.67,41658100
INE040A01034,HDFCBANK,HDFC Bank Ltd.,Financial Services,2025-03-28,914.5,918.0,902.92,914.1,28773648
INE040A01034,HDFCBANK,HDFC Bank Ltd.,Financial Services,2025-04-01,901.0,904.95,882.67,883.92,28511006
INE040A01034,HDFCBANK,HDFC Bank Ltd.,Financial Services,2025-04-02,885.35,899.6,885.35,898.45,11573564
INE040A01034,HDFCBANK,HDFC Bank Ltd.,Financial Services,2025-04-03,890.55,902.0,888.5,897.42,11250038
INE040A01034,HDFCBANK,HDFC Bank Ltd.,Financial Services,2025-04-04,906.5,920.97,905.55,908.65,33540454
INE040A01034,HDFCBANK,HDFC Bank Ltd.,Financial Services,2025-04-07,881.4,889.92,869.1,878.85,37995450
INE040A01034,HDFCBANK,HDFC Bank Ltd.,Financial Services,2025-04-08,882.5,891.0,875.15,884.58,35563872
INE040A01034,HDFCBANK,HDFC Bank Ltd.,Financial Services,2025-04-09,882.5,887.5,876.75,882.5,22454608
INE040A01034,HDFCBANK,HDFC Bank Ltd.,Financial Services,2025-04-11,887.38,909.7,887.38,903.38,32775766
INE040A01034,HDFCBANK,HDFC Bank Ltd.,Financial Services,2025-04-15,932.5,938.4,927.5,932.45,49298344
INE040A01034,HDFCBANK,HDFC Bank Ltd.,Financial Services,2025-04-16,941.9,941.9,930.25,939.0,19136820
INE040A01034,HDFCBANK,HDFC Bank Ltd.,Financial Services,2025-04-17,941.0,959.85,938.35,953.35,35703084
INE040A01034,HDFCBANK,HDFC Bank Ltd.,Financial Services,2025-04-21,962.0,975.35,955.0,963.55,34247298
INE040A01034,HDFCBANK,HDFC Bank Ltd.,Financial Services,2025-04-22,967.5,985.3,967.5,980.85,45961750
INE040A01034,HDFCBANK,HDFC Bank Ltd.,Financial Services,2025-04-23,989.45,989.45,960.25,961.95,30570642
INE040A01034,HDFCBANK,HDFC Bank Ltd.,Financial Services,2025-04-24,955.0,961.95,952.55,958.4,25931754
INE040A01034,HDFCBANK,HDFC Bank Ltd.,Financial Services,2025-04-25,962.4,966.5,945.9,955.6,18500878
INE040A01034,HDFCBANK,HDFC Bank Ltd.,Financial Services,2025-04-28,955.6,964.85,954.2,960.1,13920492
INE040A01034,HDFCBANK,HDFC Bank Ltd.,Financial Services,2025-04-29,959.4,964.4,950.1,954.4,18918308
INE040A01034,HDFCBANK,HDFC Bank Ltd.,Financial Services,2025-04-30,956.5,968.45,955.15,962.5,31936870
INE040A01034,HDFCBANK,HDFC Bank Ltd.,Financial Services,2025-05-02,964.9,970.95,960.0,960.95,17840404
INE040A01034,HDFCBANK,HDFC Bank Ltd.,Financial Services,2025-05-05,969.5,976.0,966.15,968.4,15068024
INE040A01034,HDFCBANK,HDFC Bank Ltd.,Financial Services,2025-05-06,965.0,970.05,962.15,965.85,17490156
INE040A01034,HDFCBANK,HDFC Bank Ltd.,Financial Services,2025-05-07,967.0,974.35,961.2,972.8,21420778
INE040A01034,HDFCBANK,HDFC Bank Ltd.,Financial Services,2025-05-08,977.4,977.4,959.55,964.25,34803430
INE040A01034,HDFCBANK,HDFC Bank Ltd.,Financial Services,2025-05-09,955.05,959.5,943.4,944.85,17188796
INE040A01034,HDFCBANK,HDFC Bank Ltd.,Financial Services,2025-05-12,958.8,979.95,956.15,978.6,18618972
INE040A01034,HDFCBANK,HDFC Bank Ltd.,Financial Services,2025-05-13,975.0,980.85,960.0,961.3,24242102
INE040A01034,HDFCBANK,HDFC Bank Ltd.,Financial Services,2025-05-14,961.05,965.1,951.5,955.3,15445308
INE040A01034,HDFCBANK,HDFC Bank Ltd.,Financial Services,2025-05-15,956.75,972.4,948.5,966.9,32241458
INE040A01034,HDFCBANK,HDFC Bank Ltd.,Financial Services,2025-05-16,966.9,971.9,964.2,967.35,15868010
INE040A01034,HDFCBANK,HDFC Bank Ltd.,Financial Services,2025-05-19,968.5,972.5,965.5,969.35,10202964
INE040A01034,HDFCBANK,HDFC Bank Ltd.,Financial Services,2025-05-20,964.05,967.3,956.5,957.45,23879090
INE040A01034,HDFCBANK,HDFC Bank Ltd.,Financial Services,2025-05-21,963.5,973.45,960.55,963.4,15132040
INE040A01034,HDFCBANK,HDFC Bank Ltd.,Financial Services,2025-05-22,957.6,962.1,952.6,959.95,21306670
INE040A01034,HDFCBANK,HDFC Bank Ltd.,Financial Services,2025-05-23,960.05,968.5,957.25,966.8,9566072
INE040A01034,HDFCBANK,HDFC Bank Ltd.,Financial Services,2025-05-26,967.5,974.95,963.45,970.1,10802860
INE040A01034,HDFCBANK,HDFC Bank Ltd.,Financial Services,2025-05-27,965.8,974.0,958.15,963.15,26162148
INE040A01034,HDFCBANK,HDFC Bank Ltd.,Financial Services,2025-05-28,960.1,967.25,958.85,961.75,18157594
INE040A01034,HDFCBANK,HDFC Bank Ltd.,Financial Services,2025-05-29,964.0,970.4,953.65,963.75,28917794
INE040A01034,HDFCBANK,HDFC Bank Ltd.,Financial Services,2025-05-30,965.95,974.4,962.7,972.45,28748078
INE040A01034,HDFCBANK,HDFC Bank Ltd.,Financial Services,2025-06-02,965.05,968.0,954.0,966.05,14668822
INE040A01034,HDFCBANK,HDFC Bank Ltd.,Financial Services,2025-06-03,969.0,976.0,960.0,962.3,24377584
INE040A01034,HDFCBANK,HDFC Bank Ltd.,Financial Services,2025-06-04,960.5,971.65,960.45,970.6,12961542
INE040A01034,HDFCBANK,HDFC Bank Ltd.,Financial Services,2025-06-05,974.0,979.45,970.1,974.8,22255418
INE040A01034,HDFCBANK,HDFC Bank Ltd.,Financial Services,2025-06-06,972.0,998.15,971.35,989.35,30127008
INE040A01034,HDFCBANK,HDFC Bank Ltd.,Financial Services,2025-06-09,997.5,997.5,987.95,989.45,13202588
INE040A01034,HDFCBANK,HDFC Bank Ltd.,Financial Services,2025-06-10,991.4,991.4,980.55,982.65,15533126
INE040A01034,HDFCBANK,HDFC Bank Ltd.,Financial Services,2025-06-11,983.8,983.8,973.5,975.2,11096394
INE040A01034,HDFCBANK,HDFC Bank Ltd.,Financial Services,2025-06-12,975.0,980.5,967.65,971.7,16349130
INE040A01034,HDFCBANK,HDFC Bank Ltd.,Financial Services,2025-06-13,960.0,966.5,956.5,958.8,12117762
INE040A01034,HDFCBANK,HDFC Bank Ltd.,Financial Services,2025-06-16,962.0,969.45,960.05,967.7,16513746
INE040A01034,HDFCBANK,HDFC Bank Ltd.,Financial Services,2025-06-17,968.5,970.8,959.55,964.8,16978736
INE040A01034,HDFCBANK,HDFC Bank Ltd.,Financial Services,2025-06-18,958.5,968.15,958.5,966.95,18433816
INE040A01034,HDFCBANK,HDFC Bank Ltd.,Financial Services,2025-06-19,966.95,973.4,962.8,967.65,16876220
INE040A01034,HDFCBANK,HDFC Bank Ltd.,Financial Services,2025-06-20,965.8,984.95,965.8,982.35,32900408
INE040A01034,HDFCBANK,HDFC Bank Ltd.,Financial Services,2025-06-23,974.2,978.95,970.9,974.2,11739518
INE040A01034,HDFCBANK,HDFC Bank Ltd.,Financial Services,2025-06-24,982.5,989.5,977.8,980.45,22625322
INE040A01034,HDFCBANK,HDFC Bank Ltd.,Financial Services,2025-06-25,983.0,991.0,981.95,990.1,18405932
INE040A01034,HDFCBANK,HDFC Bank Ltd.,Financial Services,2025-06-26,990.7,1013.55,990.0,1010.9,50084830
INE040A01034,HDFCBANK,HDFC Bank Ltd.,Financial Services,2025-06-27,1006.5,1009.9,996.7,1007.45,28213384
INE040A01034,HDFCBANK,HDFC Bank Ltd.,Financial Services,2025-06-30,1005.75,1006.9,997.75,1000.75,13649020
INE040A01034,HDFCBANK,HDFC Bank Ltd.,Financial Services,2025-07-01,1002.5,1008.0,1002.0,1006.05,14389386
INE040A01034,HDFCBANK,HDFC Bank Ltd.,Financial Services,2025-07-02,1009.95,1009.95,988.95,993.0,18878250
INE040A01034,HDFCBANK,HDFC Bank Ltd.,Financial Services,2025-07-03,997.45,1004.0,992.15,993.55,16860506
INE040A01034,HDFCBANK,HDFC Bank Ltd.,Financial Services,2025-07-04,993.55,1001.75,990.0,994.65,7863944
INE040A01034,HDFCBANK,HDFC Bank Ltd.,Financial Services,2025-07-07,994.5,999.2,991.9,993.7,11349426
INE040A01034,HDFCBANK,HDFC Bank Ltd.,Financial Services,2025-07-08,988.5,1002.5,988.5,1000.7,15224316
INE040A01034,HDFCBANK,HDFC Bank Ltd.,Financial Services,2025-07-09,1003.5,1006.9,999.05,1005.6,13861428
INE040A01034,HDFCBANK,HDFC Bank Ltd.,Financial Services,2025-07-10,1008.0,1008.5,1000.0,1003.1,17030310
INE040A01034,HDFCBANK,HDFC Bank Ltd.,Financial Services,2025-07-11,999.0,1002.4,990.45,991.85,12516922
INE040A01034,HDFCBANK,HDFC Bank Ltd.,Financial Services,2025-07-14,991.5,994.35,985.3,991.5,13088850
INE040A01034,HDFCBANK,HDFC Bank Ltd.,Financial Services,2025-07-15,986.5,1001.8,986.5,997.75,14498168
INE040A01034,HDFCBANK,HDFC Bank Ltd.,Financial Services,2025-07-16,1009.0,1011.35,996.3,998.15,17994612
INE040A01034,HDFCBANK,HDFC Bank Ltd.,Financial Services,2025-07-17,1002.0,1002.4,991.35,993.45,22529158
INE040A01034,HDFCBANK,HDFC Bank Ltd.,Financial Services,2025-07-18,993.45,998.5,976.5,978.7,16129446
INE040A01034,HDFCBANK,HDFC Bank Ltd.,Financial Services,2025-07-21,989.1,1001.0,988.25,1000.25,22309078
INE040A01034,HDFCBANK,HDFC Bank Ltd.,Financial Services,2025-07-22,1006.55,1009.0,1001.5,1003.55,14836814
INE040A01034,HDFCBANK,HDFC Bank Ltd.,Financial Services,2025-07-23,1005.5,1014.9,1001.5,1012.15,13634916
INE040A01034,HDFCBANK,HDFC Bank Ltd.,Financial Services,2025-07-24,1018.85,1018.85,1004.2,1007.1,19107176
INE040A01034,HDFCBANK,HDFC Bank Ltd.,Financial Services,2025-07-25,1007.5,1007.5,999.5,1002.3,9306598
INE040A01034,HDFCBANK,HDFC Bank Ltd.,Financial Services,2025-07-28,1001.5,1010.7,1000.25,1004.25,12059580
INE040A01034,HDFCBANK,HDFC Bank Ltd.,Financial Services,2025-07-29,999.95,1013.25,998.15,1010.8,19895696
INE040A01034,HDFCBANK,HDFC Bank Ltd.,Financial Services,2025-07-30,1014.0,1016.3,1008.5,1012.9,15154036
INE040A01034,HDFCBANK,HDFC Bank Ltd.,Financial Services,2025-07-31,1007.3,1015.7,1004.0,1009.1,22183032
INE040A01034,HDFCBANK,HDFC Bank Ltd.,Financial Services,2025-08-01,1007.0,1014.15,1004.65,1006.1,11317258
INE040A01034,HDFCBANK,HDFC Bank Ltd.,Financial Services,2025-08-04,1005.05,1009.25,994.05,996.0,13933946
INE040A01034,HDFCBANK,HDFC Bank Ltd.,Financial Services,2025-08-05,993.25,997.2,982.75,988.8,23978058
INE040A01034,HDFCBANK,HDFC Bank Ltd.,Financial Services,2025-08-06,985.55,994.0,985.0,992.65,14080204
INE040A01034,HDFCBANK,HDFC Bank Ltd.,Financial Services,2025-08-07,990.05,1000.8,988.4,997.7,13081186
INE040A01034,HDFCBANK,HDFC Bank Ltd.,Financial Services,2025-08-08,993.55,996.4,985.0,986.95,13895264
INE040A01034,HDFCBANK,HDFC Bank Ltd.,Financial Services,2025-08-11,987.95,998.8,986.55,997.8,9105854
INE040A01034,HDFCBANK,HDFC Bank Ltd.,Financial Services,2025-08-12,995.95,998.0,983.75,984.95,12937802
INE040A01034,HDFCBANK,HDFC Bank Ltd.,Financial Services,2025-08-13,997.0,997.0,984.55,990.15,13577396
INE040A01034,HDFCBANK,HDFC Bank Ltd.,Financial Services,2025-08-14,989.0,998.0,985.6,995.55,17511716
INE040A01034,HDFCBANK,HDFC Bank Ltd.,Financial Services,2025-08-18,1005.0,1013.3,997.8,1001.8,19284796
INE040A01034,HDFCBANK,HDFC Bank Ltd.,Financial Services,2025-08-19,999.15,1003.05,993.35,995.55,12352438
INE040A01034,HDFCBANK,HDFC Bank Ltd.,Financial Services,2025-08-20,993.5,996.0,989.5,994.1,9950228
INE040A01034,HDFCBANK,HDFC Bank Ltd.,Financial Services,2025-08-21,998.75,998.75,991.6,995.6,12439850
INE040A01034,HDFCBANK,HDFC Bank Ltd.,Financial Services,2025-08-22,994.95,998.0,978.55,982.3,19833502
INE040A01034,HDFCBANK,HDFC Bank Ltd.,Financial Services,2025-08-25,980.1,988.7,978.5,982.05,17518044
INE040A01034,HDFCBANK,HDFC Bank Ltd.,Financial Services,2025-08-26,979.5,985.7,968.0,973.4,16917731
INE040A01034,HDFCBANK,HDFC Bank Ltd.,Financial Services,2025-08-28,967.0,972.2,955.0,957.8,25438255
INE040A01034,HDFCBANK,HDFC Bank Ltd.,Financial Services,2025-08-29,954.0,963.3,950.1,951.6,14823813
INE040A01034,HDFCBANK,HDFC Bank Ltd.,Financial Services,2025-09-01,949.6,957.45,946.35,950.6,20178344
INE040A01034,HDFCBANK,HDFC Bank Ltd.,Financial Services,2025-09-02,951.0,954.8,944.0,944.5,14196320
INE040A01034,HDFCBANK,HDFC Bank Ltd.,Financial Services,2025-09-03,945.0,956.3,940.0,954.45,16083481
INE040A01034,HDFCBANK,HDFC Bank Ltd.,Financial Services,2025-09-04,960.2,965.7,956.25,961.25,17597657
INE040A01034,HDFCBANK,HDFC Bank Ltd.,Financial Services,2025-09-05,967.5,967.5,954.05,963.4,11602111
INE040A01034,HDFCBANK,HDFC Bank Ltd.,Financial Services,2025-09-08,969.0,973.15,960.45,966.0,11711307
INE040A01034,HDFCBANK,HDFC Bank Ltd.,Financial Services,2025-09-09,974.0,974.4,962.7,965.15,13985539
INE040A01034,HDFCBANK,HDFC Bank Ltd.,Financial Services,2025-09-10,973.9,973.9,961.7,965.9,18091100
INE040A01034,HDFCBANK,HDFC Bank Ltd.,Financial Services,2025-09-11,960.3,969.25,959.9,967.8,15113633
INE040A01034,HDFCBANK,HDFC Bank Ltd.,Financial Services,2025-09-12,969.9,970.75,962.25,967.3,14363519
INE040A01034,HDFCBANK,HDFC Bank Ltd.,Financial Services,2025-09-15,969.6,972.35,965.0,967.05,14486377
INE040A01034,HDFCBANK,HDFC Bank Ltd.,Financial Services,2025-09-16,961.2,969.35,961.2,966.85,18661794
INE040A01034,HDFCBANK,HDFC Bank Ltd.,Financial Services,2025-09-17,965.15,974.4,964.35,966.5,17361476
INE040A01034,HDFCBANK,HDFC Bank Ltd.,Financial Services,2025-09-18,973.3,979.65,969.25,976.9,17791598
INE040A01034,HDFCBANK,HDFC Bank Ltd.,Financial Services,2025-09-19,974.9,976.7,962.1,966.9,31243267
INE040A01034,HDFCBANK,HDFC Bank Ltd.,Financial Services,2025-09-22,964.0,971.2,961.95,964.2,10854415
INE040A01034,HDFCBANK,HDFC Bank Ltd.,Financial Services,2025-09-23,967.0,968.2,955.5,957.2,21022298
INE040A01034,HDFCBANK,HDFC Bank Ltd.,Financial Services,2025-09-24,952.2,956.45,943.0,951.05,15117220
INE040A01034,HDFCBANK,HDFC Bank Ltd.,Financial Services,2025-09-25,952.5,958.0,947.4,949.85,31413279
INE040A01034,HDFCBANK,HDFC Bank Ltd.,Financial Services,2025-09-26,945.1,951.45,941.3,945.05,14874656
INE040A01034,HDFCBANK,HDFC Bank Ltd.,Financial Services,2025-09-29,946.05,956.8,939.1,950.3,32398179
INE040A01034,HDFCBANK,HDFC Bank Ltd.,Financial Services,2025-09-30,958.05,960.0,946.3,951.0,28296687
INE040A01034,HDFCBANK,HDFC Bank Ltd.,Financial Services,2025-10-01,952.7,969.6,946.0,965.25,25350832
INE040A01034,HDFCBANK,HDFC Bank Ltd.,Financial Services,2025-10-03,952.0,966.75,952.0,965.15,26658296
INE040A01034,HDFCBANK,HDFC Bank Ltd.,Financial Services,2025-10-06,971.9,977.4,962.0,973.45,18542683
INE040A01034,HDFCBANK,HDFC Bank Ltd.,Financial Services,2025-10-07,974.0,989.85,971.0,982.5,25535736
INE040A01034,HDFCBANK,HDFC Bank Ltd.,Financial Services,2025-10-08,976.0,985.9,974.55,978.7,15939710
INE040A01034,HDFCBANK,HDFC Bank Ltd.,Financial Services,2025-10-09,974.5,979.0,970.15,977.1,15370950
INE040A01034,HDFCBANK,HDFC Bank Ltd.,Financial Services,2025-10-10,979.0,986.2,978.1,980.9,13757080
INE040A01034,HDFCBANK,HDFC Bank Ltd.,Financial Services,2025-10-13,974.3,981.0,972.0,977.0,18634254
INE040A01034,HDFCBANK,HDFC Bank Ltd.,Financial Services,2025-10-14,970.0,980.45,967.0,977.15,22934382
INE040A01034,HDFCBANK,HDFC Bank Ltd.,Financial Services,2025-10-15,975.0,984.9,973.35,978.25,23310447
INE040A01034,HDFCBANK,HDFC Bank Ltd.,Financial Services,2025-10-16,982.65,996.6,981.5,994.35,22936566
INE040A01034,HDFCBANK,HDFC Bank Ltd.,Financial Services,2025-10-17,993.95,1009.0,986.0,1002.55,25210511
INE040A01034,HDFCBANK,HDFC Bank Ltd.,Financial Services,2025-10-20,997.0,1020.0,997.0,1002.95,22195202
INE040A01034,HDFCBANK,HDFC Bank Ltd.,Financial Services,2025-10-21,1006.0,1010.0,1004.0,1007.7,3471600
INE040A01034,HDFCBANK,HDFC Bank Ltd.,Financial Services,2025-10-23,1016.0,1020.5,1006.0,1008.8,43526526
INE040A01034,HDFCBANK,HDFC Bank Ltd.,Financial Services,2025-10-24,1011.0,1011.95,991.3,994.75,17707768
INE040A01034,HDFCBANK,HDFC Bank Ltd.,Financial Services,2025-10-27,996.5,1009.05,996.2,1002.95,15700796
INE040A01034,HDFCBANK,HDFC Bank Ltd.,Financial Services,2025-10-28,997.65,1008.0,995.0,1003.55,33904289
INE040A01034,HDFCBANK,HDFC Bank Ltd.,Financial Services,2025-10-29,1004.9,1012.5,1000.0,1007.85,17769445
INE040A01034,HDFCBANK,HDFC Bank Ltd.,Financial Services,2025-10-30,1000.0,1009.5,997.1,998.15,19962917
INE040A01034,HDFCBANK,HDFC Bank Ltd.,Financial Services,2025-10-31,994.0,1004.45,981.15,987.3,23221330
INE040A01034,HDFCBANK,HDFC Bank Ltd.,Financial Services,2025-11-03,985.0,994.55,983.3,992.65,16607180
INE040A01034,HDFCBANK,HDFC Bank Ltd.,Financial Services,2025-11-04,987.0,997.0,983.7,985.25,20024544
INE040A01034,HDFCBANK,HDFC Bank Ltd.,Financial Services,2025-11-06,981.0,991.05,974.0,984.65,22279516
INE040A01034,HDFCBANK,HDFC Bank Ltd.,Financial Services,2025-11-07,980.0,984.9,974.75,982.3,15004568
INE040A01034,HDFCBANK,HDFC Bank Ltd.,Financial Services,2025-11-10,982.3,990.95,980.2,984.5,15988262
INE040A01034,HDFCBANK,HDFC Bank Ltd.,Financial Services,2025-11-11,983.5,993.5,978.0,991.7,10200530
INE040A01034,HDFCBANK,HDFC Bank Ltd.,Financial Services,2025-11-12,998.8,999.0,987.7,989.5,13137263
INE040A01034,HDFCBANK,HDFC Bank Ltd.,Financial Services,2025-11-13,984.0,990.1,982.6,986.65,14124839
INE040A01034,HDFCBANK,HDFC Bank Ltd.,Financial Services,2025-11-14,976.05,991.65,976.05,989.6,21386965
INE040A01034,HDFCBANK,HDFC Bank Ltd.,Financial Services,2025-11-17,991.25,997.95,985.6,996.55,18396408
INE040A01034,HDFCBANK,HDFC Bank Ltd.,Financial Services,2025-11-18,997.65,999.0,990.0,992.45,20002640
INE040A01034,HDFCBANK,HDFC Bank Ltd.,Financial Services,2025-11-19,990.0,996.55,984.0,994.6,19813847
INE040A01034,HDFCBANK,HDFC Bank Ltd.,Financial Services,2025-11-20,995.3,1011.6,992.45,1008.85,19850865
INE040A01034,HDFCBANK,HDFC Bank Ltd.,Financial Services,2025-11-21,1003.1,1008.3,996.55,998.05,17499897
INE040A01034,HDFCBANK,HDFC Bank Ltd.,Financial Services,2025-11-24,1000.0,1011.45,993.6,999.15,32204053
INE040A01034,HDFCBANK,HDFC Bank Ltd.,Financial Services,2025-11-25,1004.0,1006.1,988.4,989.8,24989383
INE040A01034,HDFCBANK,HDFC Bank Ltd.,Financial Services,2025-11-26,981.3,1006.95,981.3,1003.9,19494356
INE040A01034,HDFCBANK,HDFC Bank Ltd.,Financial Services,2025-11-27,1002.1,1016.8,1001.0,1009.5,25536848
INE040A01034,HDFCBANK,HDFC Bank Ltd.,Financial Services,2025-11-28,1007.0,1012.05,1004.2,1007.6,15988807
INE040A01034,HDFCBANK,HDFC Bank Ltd.,Financial Services,2025-12-01,1017.5,1017.5,999.3,1002.1,16746566
INE040A01034,HDFCBANK,HDFC Bank Ltd.,Financial Services,2025-12-02,988.0,994.4,985.0,989.8,27316662
INE040A01034,HDFCBANK,HDFC Bank Ltd.,Financial Services,2025-12-03,986.0,1002.3,986.0,1000.5,15448777
INE040A01034,HDFCBANK,HDFC Bank Ltd.,Financial Services,2025-12-04,1000.0,1004.7,993.0,997.2,14528169
INE040A01034,HDFCBANK,HDFC Bank Ltd.,Financial Services,2025-12-05,992.0,1008.0,990.2,1003.3,12843366
INE040A01034,HDFCBANK,HDFC Bank Ltd.,Financial Services,2025-12-08,1000.0,1006.5,997.5,1003.1,12901022
INE040A01034,HDFCBANK,HDFC Bank Ltd.,Financial Services,2025-12-09,994.9,1002.8,994.0,997.1,15294322
INE040A01034,HDFCBANK,HDFC Bank Ltd.,Financial Services,2025-12-10,997.5,998.5,985.3,989.8,15322830
INE040A01034,HDFCBANK,HDFC Bank Ltd.,Financial Services,2025-12-11,990.0,1002.7,988.5,1000.3,11844809
INE040A01034,HDFCBANK,HDFC Bank Ltd.,Financial Services,2025-12-12,1003.0,1004.7,998.2,1001.5,11988618
INE040A01034,HDFCBANK,HDFC Bank Ltd.,Financial Services,2025-12-15,992.0,1001.8,992.0,996.1,9790060
INE040A01034,HDFCBANK,HDFC Bank Ltd.,Financial Services,2025-12-16,990.1,998.7,990.1,994.3,20049088
INE040A01034,HDFCBANK,HDFC Bank Ltd.,Financial Services,2025-12-17,996.0,996.0,980.8,984.0,19080922
INE040A01034,HDFCBANK,HDFC Bank Ltd.,Financial Services,2025-12-18,973.3,987.4,973.3,979.7,14912404
INE040A01034,HDFCBANK,HDFC Bank Ltd.,Financial Services,2025-12-19,987.0,988.0,978.7,985.5,25952384
INE040A01034,HDFCBANK,HDFC Bank Ltd.,Financial Services,2025-12-22,988.0,992.9,983.9,987.7,13540411
INE040A01034,HDFCBANK,HDFC Bank Ltd.,Financial Services,2025-12-23,990.5,998.9,987.7,996.6,17927849
INE040A01034,HDFCBANK,HDFC Bank Ltd.,Financial Services,2025-12-24,993.0,999.4,993.0,997.2,13699996
INE040A01034,HDFCBANK,HDFC Bank Ltd.,Financial Services,2025-12-26,996.0,997.2,987.7,992.1,9360853
INE040A01034,HDFCBANK,HDFC Bank Ltd.,Financial Services,2025-12-29,993.1,997.4,987.2,991.7,13545749
INE040A01034,HDFCBANK,HDFC Bank Ltd.,Financial Services,2025-12-30,990.2,995.0,982.2,990.9,33155849
INE040A01034,HDFCBANK,HDFC Bank Ltd.,Financial Services,2025-12-31,991.0,997.6,987.6,991.2,10963454
INE040A01034,HDFCBANK,HDFC Bank Ltd.,Financial Services,2026-01-01,993.5,997.55,989.5,991.15,7132074
INE040A01034,HDFCBANK,HDFC Bank Ltd.,Financial Services,2026-01-02,991.15,1003.2,988.8,1001.6,11751459
INE040A01034,HDFCBANK,HDFC Bank Ltd.,Financial Services,2026-01-05,1005.75,1006.4,976.3,977.5,27647379
INE040A01034,HDFCBANK,HDFC Bank Ltd.,Financial Services,2026-01-06,962.7,966.7,956.0,962.2,31988783
INE040A01034,HDFCBANK,HDFC Bank Ltd.,Financial Services,2026-01-07,956.0,956.45,946.0,949.05,52884712
INE040A01034,HDFCBANK,HDFC Bank Ltd.,Financial Services,2026-01-08,944.7,953.0,941.4,946.7,21928849
INE040A01034,HDFCBANK,HDFC Bank Ltd.,Financial Services,2026-01-09,945.0,950.6,933.3,939.0,38183839
INE040A01034,HDFCBANK,HDFC Bank Ltd.,Financial Services,2026-01-12,937.5,942.0,929.6,936.95,21071666
INE040A01034,HDFCBANK,HDFC Bank Ltd.,Financial Services,2026-01-13,947.7,947.7,932.6,937.35,32042827
INE040A01034,HDFCBANK,HDFC Bank Ltd.,Financial Services,2026-01-14,930.0,940.05,920.2,925.45,36688248
INE040A01034,HDFCBANK,HDFC Bank Ltd.,Financial Services,2026-01-15,925.45,925.45,925.45,925.45,0
INE040A01034,HDFCBANK,HDFC Bank Ltd.,Financial Services,2026-01-16,922.0,935.95,919.2,931.1,37780235
INE040A01034,HDFCBANK,HDFC Bank Ltd.,Financial Services,2026-01-19,935.9,936.15,919.5,927.9,38191942
INE040A01034,HDFCBANK,HDFC Bank Ltd.,Financial Services,2026-01-20,929.3,934.5,919.6,931.2,36022727
INE040A01034,HDFCBANK,HDFC Bank Ltd.,Financial Services,2026-01-21,925.0,932.15,915.5,920.35,32766854
INE040A01034,HDFCBANK,HDFC Bank Ltd.,Financial Services,2026-01-22,928.0,928.3,913.2,918.7,44444755
INE040A01034,HDFCBANK,HDFC Bank Ltd.,Financial Services,2026-01-23,920.0,926.1,909.25,916.1,30985247
INE040A01034,HDFCBANK,HDFC Bank Ltd.,Financial Services,2026-01-27,906.0,931.2,905.0,926.4,44753093
INE040A01034,HDFCBANK,HDFC Bank Ltd.,Financial Services,2026-01-28,932.5,941.45,928.4,932.7,35347138
INE040A01034,HDFCBANK,HDFC Bank Ltd.,Financial Services,2026-01-29,930.1,939.3,924.35,935.5,37175628
INE040A01034,HDFCBANK,HDFC Bank Ltd.,Financial Services,2026-01-30,930.0,938.9,927.75,929.25,29691233
INE040A01034,HDFCBANK,HDFC Bank Ltd.,Financial Services,2026-02-02,915.0,929.8,909.3,928.1,28032106
INE040A01034,HDFCBANK,HDFC Bank Ltd.,Financial Services,2026-02-03,983.75,994.0,945.0,948.7,50336968
INE040A01034,HDFCBANK,HDFC Bank Ltd.,Financial Services,2026-02-04,952.5,957.2,947.95,953.1,24366770
INE040A01034,HDFCBANK,HDFC Bank Ltd.,Financial Services,2026-02-05,956.0,956.05,946.7,949.7,28103169
INE040A01034,HDFCBANK,HDFC Bank Ltd.,Financial Services,2026-02-06,945.0,948.1,937.6,941.1,18120272
INE040A01034,HDFCBANK,HDFC Bank Ltd.,Financial Services,2026-02-09,945.0,950.0,935.35,937.25,23947829
INE040A01034,HDFCBANK,HDFC Bank Ltd.,Financial Services,2026-02-10,930.0,940.9,929.95,932.4,31525385
INE040A01034,HDFCBANK,HDFC Bank Ltd.,Financial Services,2026-02-11,931.25,936.0,925.3,927.1,24869804
INE040A01034,HDFCBANK,HDFC Bank Ltd.,Financial Services,2026-02-12,927.0,928.6,918.5,920.6,33872203
INE040A01034,HDFCBANK,HDFC Bank Ltd.,Financial Services,2026-02-13,913.0,928.2,901.0,903.9,50188359
INE040A01034,HDFCBANK,HDFC Bank Ltd.,Financial Services,2026-02-16,903.9,929.5,902.1,925.8,18806989
INE040A01034,HDFCBANK,HDFC Bank Ltd.,Financial Services,2026-02-17,923.0,928.1,918.6,925.7,22599629
INE040A01034,HDFCBANK,HDFC Bank Ltd.,Financial Services,2026-02-18,923.2,925.5,919.55,924.7,12738702
INE040A01034,HDFCBANK,HDFC Bank Ltd.,Financial Services,2026-02-19,929.0,929.2,912.45,915.6,21209234
INE040A01034,HDFCBANK,HDFC Bank Ltd.,Financial Services,2026-02-20,911.0,917.85,908.4,911.85,22654907
INE040A01034,HDFCBANK,HDFC Bank Ltd.,Financial Services,2026-02-23,916.5,925.65,915.25,923.6,23270122
INE040A01034,HDFCBANK,HDFC Bank Ltd.,Financial Services,2026-02-24,927.95,927.95,909.15,910.5,31313985
INE040A01034,HDFCBANK,HDFC Bank Ltd.,Financial Services,2026-02-25,910.55,916.0,903.1,907.6,27884303
INE040A01034,HDFCBANK,HDFC Bank Ltd.,Financial Services,2026-02-26,912.0,912.0,895.0,898.6,41165937
INE040A01034,HDFCBANK,HDFC Bank Ltd.,Financial Services,2026-02-27,898.6,898.95,885.0,887.75,34620755
INE040A01034,HDFCBANK,HDFC Bank Ltd.,Financial Services,2026-03-02,876.2,887.75,871.55,879.4,38378924
INE040A01034,HDFCBANK,HDFC Bank Ltd.,Financial Services,2026-03-04,848.0,879.3,848.0,868.65,39862322
INE040A01034,HDFCBANK,HDFC Bank Ltd.,Financial Services,2026-03-05,873.85,881.4,863.5,877.75,31324582
INE040A01034,HDFCBANK,HDFC Bank Ltd.,Financial Services,2026-03-06,868.05,871.7,855.1,857.05,34439647
INE040A01034,HDFCBANK,HDFC Bank Ltd.,Financial Services,2026-03-09,825.0,842.45,821.5,840.7,35592613
INE040A01034,HDFCBANK,HDFC Bank Ltd.,Financial Services,2026-03-10,850.05,856.8,840.6,849.45,52866024
INE040A01034,HDFCBANK,HDFC Bank Ltd.,Financial Services,2026-03-11,845.0,848.85,827.6,833.95,42261076
INE040A01034,HDFCBANK,HDFC Bank Ltd.,Financial Services,2026-03-12,820.1,836.4,820.1,832.75,46107561
INE040A01034,HDFCBANK,HDFC Bank Ltd.,Financial Services,2026-03-13,820.0,823.8,812.0,817.0,41700464
INE040A01034,HDFCBANK,HDFC Bank Ltd.,Financial Services,2026-03-16,817.0,844.5,815.65,840.6,52182605
INE040A01034,HDFCBANK,HDFC Bank Ltd.,Financial Services,2026-03-17,847.7,848.9,835.1,845.35,38826979
INE040A01034,HDFCBANK,HDFC Bank Ltd.,Financial Services,2026-03-18,845.35,846.8,831.6,843.05,23507063
INE040A01034,HDFCBANK,HDFC Bank Ltd.,Financial Services,2026-03-19,770.0,815.65,770.0,798.2,171637393
INE040A01034,HDFCBANK,HDFC Bank Ltd.,Financial Services,2026-03-20,785.0,793.75,778.2,780.45,103129469
INE040A01034,HDFCBANK,HDFC Bank Ltd.,Financial Services,2026-03-23,763.15,768.7,741.05,744.15,72341738
INE040A01034,HDFCBANK,HDFC Bank Ltd.,Financial Services,2026-03-24,755.0,772.75,747.7,764.9,61269986
INE040A01034,HDFCBANK,HDFC Bank Ltd.,Financial Services,2026-03-25,768.2,794.8,768.2,782.3,59230640
INE040A01034,HDFCBANK,HDFC Bank Ltd.,Financial Services,2026-03-27,773.2,774.9,754.55,756.2,65485199
INE040A01034,HDFCBANK,HDFC Bank Ltd.,Financial Services,2026-03-30,745.2,751.0,726.65,731.55,103500135
INE040A01034,HDFCBANK,HDFC Bank Ltd.,Financial Services,2026-04-01,743.0,755.9,739.1,742.25,78862761
INE040A01034,HDFCBANK,HDFC Bank Ltd.,Financial Services,2026-04-02,730.0,755.0,726.65,750.9,49310300
INE040A01034,HDFCBANK,HDFC Bank Ltd.,Financial Services,2026-04-06,759.0,772.75,745.0,771.0,42976659
INE040A01034,HDFCBANK,HDFC Bank Ltd.,Financial Services,2026-04-07,766.0,774.0,761.0,772.0,51309793
INE040A01034,HDFCBANK,HDFC Bank Ltd.,Financial Services,2026-04-08,800.0,817.8,796.0,816.1,70269512
INE040A01034,HDFCBANK,HDFC Bank Ltd.,Financial Services,2026-04-09,815.0,819.0,793.1,797.7,48879392
INE040A01034,HDFCBANK,HDFC Bank Ltd.,Financial Services,2026-04-10,804.0,812.25,801.0,810.3,38156026
INE040A01034,HDFCBANK,HDFC Bank Ltd.,Financial Services,2026-04-13,791.5,798.5,787.35,794.7,47549328
INE040A01034,HDFCBANK,HDFC Bank Ltd.,Financial Services,2026-04-15,804.95,814.8,804.0,809.9,39769515
INE040A01034,HDFCBANK,HDFC Bank Ltd.,Financial Services,2026-04-16,818.0,820.05,792.2,795.45,62861293
INE040A01034,HDFCBANK,HDFC Bank Ltd.,Financial Services,2026-04-17,790.1,803.95,788.2,799.9,37282544
INE040A01034,HDFCBANK,HDFC Bank Ltd.,Financial Services,2026-04-20,797.1,809.95,790.0,795.45,52148044
INE040A01034,HDFCBANK,HDFC Bank Ltd.,Financial Services,2026-04-21,795.2,814.9,795.2,811.75,49135752
INE040A01034,HDFCBANK,HDFC Bank Ltd.,Financial Services,2026-04-22,810.0,813.05,798.0,799.9,23876412
INE040A01034,HDFCBANK,HDFC Bank Ltd.,Financial Services,2026-04-23,792.0,796.65,782.5,784.35,37677616
INE040A01034,HDFCBANK,HDFC Bank Ltd.,Financial Services,2026-04-24,777.3,787.6,777.0,784.85,27720358
INE040A01034,HDFCBANK,HDFC Bank Ltd.,Financial Services,2026-04-27,787.5,793.0,785.0,789.8,18115375
INE040A01034,HDFCBANK,HDFC Bank Ltd.,Financial Services,2026-04-28,785.0,794.5,778.3,782.55,35366803
INE040A01034,HDFCBANK,HDFC Bank Ltd.,Financial Services,2026-04-29,785.5,790.0,777.35,779.0,25799963
INE040A01034,HDFCBANK,HDFC Bank Ltd.,Financial Services,2026-04-30,770.0,778.8,762.25,771.7,47998755
INE040A01034,HDFCBANK,HDFC Bank Ltd.,Financial Services,2026-05-01,771.7,771.7,771.7,771.7,0
INE040A01034,HDFCBANK,HDFC Bank Ltd.,Financial Services,2026-05-04,772.6,786.6,772.6,779.4,29028060
INE040A01034,HDFCBANK,HDFC Bank Ltd.,Financial Services,2026-05-05,774.4,776.9,763.7,772.3,38887657
INE040A01034,HDFCBANK,HDFC Bank Ltd.,Financial Services,2026-05-06,775.15,798.95,773.5,796.55,35530831
INE040A01034,HDFCBANK,HDFC Bank Ltd.,Financial Services,2026-05-07,794.0,801.55,788.55,796.05,46137553
INE040A01034,HDFCBANK,HDFC Bank Ltd.,Financial Services,2026-05-08,784.0,788.75,777.2,780.85,38016841
INE040A01034,HDFCBANK,HDFC Bank Ltd.,Financial Services,2026-05-11,771.95,774.85,761.9,763.65,41123422
INE040A01034,HDFCBANK,HDFC Bank Ltd.,Financial Services,2026-05-12,756.6,759.7,747.8,750.45,43937132
INE040A01034,HDFCBANK,HDFC Bank Ltd.,Financial Services,2026-05-13,752.0,759.95,747.35,749.6,28960919
INE040A01034,HDFCBANK,HDFC Bank Ltd.,Financial Services,2026-05-14,751.0,778.3,747.0,769.55,50992358
INE040A01034,HDFCBANK,HDFC Bank Ltd.,Financial Services,2026-05-15,773.0,781.9,765.4,767.5,24347873
INE040A01034,HDFCBANK,HDFC Bank Ltd.,Financial Services,2026-05-18,759.0,774.1,751.35,768.65,29812079
INE040A01034,HDFCBANK,HDFC Bank Ltd.,Financial Services,2026-05-19,766.7,770.8,760.25,762.45,40307830
INE040A01034,HDFCBANK,HDFC Bank Ltd.,Financial Services,2026-05-20,759.6,762.25,755.15,759.5,24013451
INE040A01034,HDFCBANK,HDFC Bank Ltd.,Financial Services,2026-05-21,767.0,768.25,755.15,759.15,34664725
INE040A01034,HDFCBANK,HDFC Bank Ltd.,Financial Services,2026-05-22,759.15,775.0,759.15,766.8,25604071
INE040A01034,HDFCBANK,HDFC Bank Ltd.,Financial Services,2026-05-25,776.0,787.85,775.2,786.85,26043952
INE040A01034,HDFCBANK,HDFC Bank Ltd.,Financial Services,2026-05-26,784.05,790.85,776.75,778.9,31528062
INE040A01034,HDFCBANK,HDFC Bank Ltd.,Financial Services,2026-05-27,769.5,773.9,756.9,758.65,63680153
INE040A01034,HDFCBANK,HDFC Bank Ltd.,Financial Services,2026-05-28,758.65,758.65,758.65,758.65,0
INE040A01034,HDFCBANK,HDFC Bank Ltd.,Financial Services,2026-05-29,746.05,760.5,737.75,744.55,101299431
INE040A01034,HDFCBANK,HDFC Bank Ltd.,Financial Services,2026-06-01,749.0,752.35,739.2,742.7,47996441
INE040A01034,HDFCBANK,HDFC Bank Ltd.,Financial Services,2026-06-02,737.0,753.6,733.15,748.25,47314447
INE040A01034,HDFCBANK,HDFC Bank Ltd.,Financial Services,2026-06-03,744.45,756.9,742.6,753.65,36109480
INE040A01034,HDFCBANK,HDFC Bank Ltd.,Financial Services,2026-06-04,749.15,757.3,745.0,754.2,42673538
INE040A01034,HDFCBANK,HDFC Bank Ltd.,Financial Services,2026-06-05,753.95,758.7,744.65,747.05,22116568
INE040A01034,HDFCBANK,HDFC Bank Ltd.,Financial Services,2026-06-08,738.0,741.5,734.5,738.65,21550700
INE040A01034,HDFCBANK,HDFC Bank Ltd.,Financial Services,2026-06-09,739.45,743.95,732.3,738.35,38539563
INE040A01034,HDFCBANK,HDFC Bank Ltd.,Financial Services,2026-06-10,736.5,755.95,736.4,746.85,44458159
INE040A01034,HDFCBANK,HDFC Bank Ltd.,Financial Services,2026-06-11,743.0,756.0,740.1,744.6,32632007
INE040A01034,HDFCBANK,HDFC Bank Ltd.,Financial Services,2026-06-12,754.7,774.45,753.1,772.45,36088159
INE040A01034,HDFCBANK,HDFC Bank Ltd.,Financial Services,2026-06-15,790.0,793.5,775.6,777.35,39990334
INE040A01034,HDFCBANK,HDFC Bank Ltd.,Financial Services,2026-06-16,780.5,787.7,779.45,784.9,27820970
INE040A01034,HDFCBANK,HDFC Bank Ltd.,Financial Services,2026-06-17,787.65,794.3,783.1,787.1,32405604
INE040A01034,HDFCBANK,HDFC Bank Ltd.,Financial Services,2026-06-18,786.5,802.95,786.2,799.0,41492071
INE040A01034,HDFCBANK,HDFC Bank Ltd.,Financial Services,2026-06-19,788.7,789.05,776.2,779.8,33798761
INE040A01034,HDFCBANK,HDFC Bank Ltd.,Financial Services,2026-06-22,789.9,789.9,783.1,786.4,25194765
INE040A01034,HDFCBANK,HDFC Bank Ltd.,Financial Services,2026-06-23,783.05,790.9,772.55,774.65,28289062
INE040A01034,HDFCBANK,HDFC Bank Ltd.,Financial Services,2026-06-24,773.0,794.9,772.65,793.2,34701292
INE040A01034,HDFCBANK,HDFC Bank Ltd.,Financial Services,2026-06-25,798.5,804.45,794.75,796.3,46707966
INE040A01034,HDFCBANK,HDFC Bank Ltd.,Financial Services,2026-06-26,796.3,796.3,796.3,796.3,0
INE040A01034,HDFCBANK,HDFC Bank Ltd.,Financial Services,2026-06-29,800.0,805.9,793.3,798.9,46695977
INE040A01034,HDFCBANK,HDFC Bank Ltd.,Financial Services,2026-06-30,806.1,806.1,792.75,797.95,45778356
INE040A01034,HDFCBANK,HDFC Bank Ltd.,Financial Services,2026-07-01,793.5,802.25,793.5,796.15,26094378
INE040A01034,HDFCBANK,HDFC Bank Ltd.,Financial Services,2026-07-02,795.0,805.45,794.0,795.9,34143823
INE040A01034,HDFCBANK,HDFC Bank Ltd.,Financial Services,2026-07-03,803.0,807.0,798.55,801.05,25871958
INE040A01034,HDFCBANK,HDFC Bank Ltd.,Financial Services,2026-07-06,805.0,831.5,805.0,829.85,63203327
INE040A01034,HDFCBANK,HDFC Bank Ltd.,Financial Services,2026-07-07,843.0,843.0,826.1,829.3,57611729
INE040A01034,HDFCBANK,HDFC Bank Ltd.,Financial Services,2026-07-08,825.9,834.35,806.95,810.3,38754632
INE040A01034,HDFCBANK,HDFC Bank Ltd.,Financial Services,2026-07-09,813.0,822.85,812.3,817.55,39891798
INE040A01034,HDFCBANK,HDFC Bank Ltd.,Financial Services,2026-07-10,824.0,827.7,820.3,824.95,23595785
INE040A01034,HDFCBANK,HDFC Bank Ltd.,Financial Services,2026-07-13,817.0,821.95,811.0,817.95,21741736
INE040A01034,HDFCBANK,HDFC Bank Ltd.,Financial Services,2026-07-14,811.4,818.4,807.0,809.4,25605395
INE040A01034,HDFCBANK,HDFC Bank Ltd.,Financial Services,2026-07-15,811.0,819.7,809.7,815.45,21488739
INE040A01034,HDFCBANK,HDFC Bank Ltd.,Financial Services,2026-07-16,814.5,818.0,806.5,808.3,18698186
INE040A01034,HDFCBANK,HDFC Bank Ltd.,Financial Services,2026-07-17,810.0,823.7,808.5,819.6,17415322
INE040A01034,HDFCBANK,HDFC Bank Ltd.,Financial Services,2026-07-20,790.0,790.0,774.55,777.6,56061789
INE040A01034,HDFCBANK,HDFC Bank Ltd.,Financial Services,2026-07-21,769.15,772.5,760.1,761.45,42246009
INE040A01034,HDFCBANK,HDFC Bank Ltd.,Financial Services,2026-07-22,760.25,761.35,750.35,753.15,23385446
INE040A01034,HDFCBANK,HDFC Bank Ltd.,Financial Services,2026-07-23,749.4,751.0,743.25,747.25,32532090
INE040A01034,HDFCBANK,HDFC Bank Ltd.,Financial Services,2026-07-24,738.5,748.25,737.25,742.8,23837859
INE040A01034,HDFCBANK,HDFC Bank Ltd.,Financial Services,2026-07-27,746.1,747.95,738.1,739.55,29678752
INE040A01034,HDFCBANK,HDFC Bank Ltd.,Financial Services,2026-07-28,732.0,740.25,732.0,735.4,33886037
INE040A01034,HDFCBANK,HDFC Bank Ltd.,Financial Services,2026-07-29,743.0,751.25,740.8,748.2,20460659
INE040A01034,HDFCBANK,HDFC Bank Ltd.,Financial Services,2026-07-30,752.8,757.9,745.5,753.95,35844392
INE040A01034,HDFCBANK,HDFC Bank Ltd.,Financial Services,2026-07-31,753.95,757.55,747.2,748.15,25522483
INE040A01034,HDFCBANK,HDFC Bank Ltd.,Financial Services,2026-08-03,753.05,756.85,750.05,753.0,14827841
INE040A01034,HDFCBANK,HDFC Bank Ltd.,Financial Services,2026-08-04,753.2,753.2,738.0,742.0,31559802
INE040A01034,HDFCBANK,HDFC Bank Ltd.,Financial Services,2026-08-05,733.8,741.95,732.6,735.0,60050538
INE040A01034,HDFCBANK,HDFC Bank Ltd.,Financial Services,2026-08-06,739.0,740.5,733.55,734.3,44772122
INE040A01034,HDFCBANK,HDFC Bank Ltd.,Financial Services,2026-08-07,733.0,736.0,728.2,731.0,19382042
INE040A01034,HDFCBANK,HDFC Bank Ltd.,Financial Services,2026-08-10,731.5,737.55,728.5,731.0,23660590
INE040A01034,HDFCBANK,HDFC Bank Ltd.,Financial Services,2026-08-11,730.5,730.85,726.55,729.0,29154365
INE040A01034,HDFCBANK,HDFC Bank Ltd.,Financial Services,2026-08-12,729.0,730.65,722.0,729.0,26993177
INE040A01034,HDFCBANK,HDFC Bank Ltd.,Financial Services,2026-08-13,726.9,729.0,724.5,725.0,22129893
INE040A01034,HDFCBANK,HDFC Bank Ltd.,Financial Services,2026-08-14,725.0,729.6,723.5,727.0,20364131
INE040A01034,HDFCBANK,HDFC Bank Ltd.,Financial Services,2026-08-17,727.05,732.1,724.5,729.0,14823722
INE040A01034,HDFCBANK,HDFC Bank Ltd.,Financial Services,2026-08-18,726.3,729.0,723.0,723.0,17916507
INE040A01034,HDFCBANK,HDFC Bank Ltd.,Financial Services,2026-08-19,724.0,725.4,715.1,720.0,21342651
INE040A01034,HDFCBANK,HDFC Bank Ltd.,Financial Services,2026-08-20,725.5,728.3,724.3,725.05,17603805
INE040A01034,HDFCBANK,HDFC Bank Ltd.,Financial Services,2026-08-21,728.3,732.8,726.6,726.95,26029811
INE040A01034,HDFCBANK,HDFC Bank Ltd.,Financial Services,2026-08-24,732.5,734.4,724.1,729.0,11408345
INE040A01034,HDFCBANK,HDFC Bank Ltd.,Financial Services,2026-08-25,726.6,728.7,722.0,727.5,17511874
INE040A01034,HDFCBANK,HDFC Bank Ltd.,Financial Services,2026-08-26,728.0,731.0,724.15,727.2,21156463
INE040A01034,HDFCBANK,HDFC Bank Ltd.,Financial Services,2026-08-27,728.15,728.15,710.0,711.0,46515020
INE040A01034,HDFCBANK,HDFC Bank Ltd.,Financial Services,2026-08-28,710.85,720.3,707.0,720.3,16494301
INE040A01034,HDFCBANK,HDFC Bank Ltd.,Financial Services,2026-08-31,723.05,739.75,704.15,709.0,78157067
INE040A01034,HDFCBANK,HDFC Bank Ltd.,Financial Services,2026-09-01,705.05,715.45,698.5,711.9,44417092
INE040A01034,HDFCBANK,HDFC Bank Ltd.,Financial Services,2026-09-02,702.3,705.65,700.0,700.8,36950338
INE040A01034,HDFCBANK,HDFC Bank Ltd.,Financial Services,2026-09-03,705.0,712.6,705.0,706.65,27770641
INE040A01034,HDFCBANK,HDFC Bank Ltd.,Financial Services,2026-09-04,708.35,716.5,708.35,712.1,14488024
INE040A01034,HDFCBANK,HDFC Bank Ltd.,Financial Services,2026-09-07,712.1,713.0,707.05,710.5,12180390
INE040A01034,HDFCBANK,HDFC Bank Ltd.,Financial Services,2026-09-08,707.1,708.9,703.0,703.0,19883515
INE040A01034,HDFCBANK,HDFC Bank Ltd.,Financial Services,2026-09-09,698.0,700.0,687.1,687.1,39173990
INE040A01034,HDFCBANK,HDFC Bank Ltd.,Financial Services,2026-09-10,687.1,694.5,686.2,693.8,27108053
INE040A01034,HDFCBANK,HDFC Bank Ltd.,Financial Services,2026-09-11,683.9,709.0,681.9,708.25,31411934
INE040A01034,HDFCBANK,HDFC Bank Ltd.,Financial Services,2026-09-14,708.25,708.25,708.25,708.25,0
INE040A01034,HDFCBANK,HDFC Bank Ltd.,Financial Services,2026-09-15,722.4,730.75,715.05,716.55,50387632
INE040A01034,HDFCBANK,HDFC Bank Ltd.,Financial Services,2026-09-16,714.9,725.4,710.85,721.5,27476943
INE040A01034,HDFCBANK,HDFC Bank Ltd.,Financial Services,2026-09-17,717.5,719.4,713.0,713.0,21543303
INE040A01034,HDFCBANK,HDFC Bank Ltd.,Financial Services,2026-09-18,715.25,733.8,715.25,731.0,39400710
INE040A01034,HDFCBANK,HDFC Bank Ltd.,Financial Services,2026-09-21,731.0,742.65,729.05,739.5,35482683
INE040A01034,HDFCBANK,HDFC Bank Ltd.,Financial Services,2026-09-22,738.85,749.3,738.6,738.6,35483669
INE040A01034,HDFCBANK,HDFC Bank Ltd.,Financial Services,2026-09-23,735.65,742.8,734.0,737.25,23197231
INE040A01034,HDFCBANK,HDFC Bank Ltd.,Financial Services,2026-09-24,725.0,734.85,722.7,728.9,29575194
INE040A01034,HDFCBANK,HDFC Bank Ltd.,Financial Services,2026-09-25,723.0,739.65,723.0,735.6,19853034
INE040A01034,HDFCBANK,HDFC Bank Ltd.,Financial Services,2026-09-28,731.6,733.0,718.1,719.05,21675579
INE040A01034,HDFCBANK,HDFC Bank Ltd.,Financial Services,2026-09-29,713.7,722.7,706.25,722.7,42755901
INE040A01034,HDFCBANK,HDFC Bank Ltd.,Financial Services,2026-09-30,711.5,720.3,708.7,708.7,39365496
INE040A01034,HDFCBANK,HDFC Bank Ltd.,Financial Services,2026-10-01,708.4,721.3,707.1,721.2,37389857
INE040A01034,HDFCBANK,HDFC Bank Ltd.,Financial Services,2026-10-02,721.2,721.2,721.2,721.2,0
INE040A01034,HDFCBANK,HDFC Bank Ltd.,Financial Services,2026-10-05,731.95,734.2,701.25,704.8,66056690
INE040A01034,HDFCBANK,HDFC Bank Ltd.,Financial Services,2026-10-06,705.6,714.7,701.0,711.45,26568270
INE040A01034,HDFCBANK,HDFC Bank Ltd.,Financial Services,2026-10-07,708.55,711.0,701.7,702.75,29944008
INE090A01021,ICICIBANK,ICICI Bank Ltd.,Financial Services,2024-10-08,1241.0,1247.8,1229.75,1236.6,12219259
INE090A01021,ICICIBANK,ICICI Bank Ltd.,Financial Services,2024-10-09,1243.05,1265.1,1232.65,1244.15,14765997
INE090A01021,ICICIBANK,ICICI Bank Ltd.,Financial Services,2024-10-10,1246.75,1254.7,1238.0,1243.5,9118195
INE090A01021,ICICIBANK,ICICI Bank Ltd.,Financial Services,2024-10-11,1237.0,1240.8,1222.0,1223.0,8472512
INE090A01021,ICICIBANK,ICICI Bank Ltd.,Financial Services,2024-10-14,1221.0,1237.9,1217.4,1231.75,11833929
INE090A01021,ICICIBANK,ICICI Bank Ltd.,Financial Services,2024-10-15,1238.95,1258.3,1235.4,1255.5,11657338
INE090A01021,ICICIBANK,ICICI Bank Ltd.,Financial Services,2024-10-16,1248.5,1254.95,1241.6,1243.15,7869727
INE090A01021,ICICIBANK,ICICI Bank Ltd.,Financial Services,2024-10-17,1249.45,1256.95,1224.4,1231.25,8459497
INE090A01021,ICICIBANK,ICICI Bank Ltd.,Financial Services,2024-10-18,1227.95,1268.9,1225.25,1264.5,11018126
INE090A01021,ICICIBANK,ICICI Bank Ltd.,Financial Services,2024-10-21,1264.5,1272.35,1250.55,1259.05,7742775
INE090A01021,ICICIBANK,ICICI Bank Ltd.,Financial Services,2024-10-22,1266.6,1284.9,1259.75,1267.5,20090801
INE090A01021,ICICIBANK,ICICI Bank Ltd.,Financial Services,2024-10-23,1261.0,1267.95,1243.05,1251.6,14055447
INE090A01021,ICICIBANK,ICICI Bank Ltd.,Financial Services,2024-10-24,1250.25,1260.45,1241.05,1252.75,12223031
INE090A01021,ICICIBANK,ICICI Bank Ltd.,Financial Services,2024-10-25,1247.25,1268.9,1234.2,1255.45,13546055
INE090A01021,ICICIBANK,ICICI Bank Ltd.,Financial Services,2024-10-28,1285.5,1307.8,1280.6,1292.85,24096412
INE090A01021,ICICIBANK,ICICI Bank Ltd.,Financial Services,2024-10-29,1301.35,1335.35,1299.25,1331.85,20656117
INE090A01021,ICICIBANK,ICICI Bank Ltd.,Financial Services,2024-10-30,1324.0,1330.9,1305.6,1312.15,15055031
INE090A01021,ICICIBANK,ICICI Bank Ltd.,Financial Services,2024-10-31,1307.25,1318.95,1288.55,1292.25,23497314
INE090A01021,ICICIBANK,ICICI Bank Ltd.,Financial Services,2024-11-01,1289.95,1296.2,1286.25,1291.8,1007022
INE090A01021,ICICIBANK,ICICI Bank Ltd.,Financial Services,2024-11-04,1290.1,1291.8,1270.05,1277.2,14309121
INE090A01021,ICICIBANK,ICICI Bank Ltd.,Financial Services,2024-11-05,1273.0,1301.3,1263.1,1296.7,16431920
INE090A01021,ICICIBANK,ICICI Bank Ltd.,Financial Services,2024-11-06,1300.25,1315.0,1292.7,1302.35,12037405
INE090A01021,ICICIBANK,ICICI Bank Ltd.,Financial Services,2024-11-07,1297.15,1302.8,1275.25,1278.7,9909035
INE090A01021,ICICIBANK,ICICI Bank Ltd.,Financial Services,2024-11-08,1270.0,1275.0,1252.7,1258.85,11195808
INE090A01021,ICICIBANK,ICICI Bank Ltd.,Financial Services,2024-11-11,1262.0,1275.9,1246.65,1269.3,8387780
INE090A01021,ICICIBANK,ICICI Bank Ltd.,Financial Services,2024-11-12,1276.15,1295.0,1264.5,1270.6,13486168
INE090A01021,ICICIBANK,ICICI Bank Ltd.,Financial Services,2024-11-13,1270.6,1276.25,1250.0,1253.7,12260404
INE090A01021,ICICIBANK,ICICI Bank Ltd.,Financial Services,2024-11-14,1253.75,1267.7,1243.05,1256.95,9506892
INE090A01021,ICICIBANK,ICICI Bank Ltd.,Financial Services,2024-11-18,1260.0,1262.6,1249.4,1253.45,6195554
INE090A01021,ICICIBANK,ICICI Bank Ltd.,Financial Services,2024-11-19,1257.05,1261.0,1240.85,1249.1,11537317
INE090A01021,ICICIBANK,ICICI Bank Ltd.,Financial Services,2024-11-21,1248.55,1256.9,1232.55,1250.55,9593870
INE090A01021,ICICIBANK,ICICI Bank Ltd.,Financial Services,2024-11-22,1258.0,1281.4,1256.0,1278.05,11604338
INE090A01021,ICICIBANK,ICICI Bank Ltd.,Financial Services,2024-11-25,1296.0,1311.2,1290.0,1300.95,22717581
INE090A01021,ICICIBANK,ICICI Bank Ltd.,Financial Services,2024-11-26,1310.6,1314.25,1302.45,1304.95,7646955
INE090A01021,ICICIBANK,ICICI Bank Ltd.,Financial Services,2024-11-27,1298.5,1310.85,1297.85,1300.7,21938082
INE090A01021,ICICIBANK,ICICI Bank Ltd.,Financial Services,2024-11-28,1301.05,1310.5,1282.3,1286.35,22803745
INE090A01021,ICICIBANK,ICICI Bank Ltd.,Financial Services,2024-11-29,1283.1,1303.25,1283.1,1300.1,11397228
INE090A01021,ICICIBANK,ICICI Bank Ltd.,Financial Services,2024-12-02,1299.9,1310.55,1289.15,1304.65,9626400
INE090A01021,ICICIBANK,ICICI Bank Ltd.,Financial Services,2024-12-03,1303.95,1312.8,1296.1,1308.4,11509276
INE090A01021,ICICIBANK,ICICI Bank Ltd.,Financial Services,2024-12-04,1302.6,1320.0,1301.7,1316.05,11570281
INE090A01021,ICICIBANK,ICICI Bank Ltd.,Financial Services,2024-12-05,1316.25,1342.9,1308.6,1336.5,19210697
INE090A01021,ICICIBANK,ICICI Bank Ltd.,Financial Services,2024-12-06,1342.5,1347.1,1326.7,1328.75,8942672
INE090A01021,ICICIBANK,ICICI Bank Ltd.,Financial Services,2024-12-09,1322.1,1329.05,1320.25,1322.3,8000764
INE090A01021,ICICIBANK,ICICI Bank Ltd.,Financial Services,2024-12-10,1319.0,1332.0,1315.25,1330.45,8218214
INE090A01021,ICICIBANK,ICICI Bank Ltd.,Financial Services,2024-12-11,1324.7,1331.25,1316.0,1327.5,8138066
INE090A01021,ICICIBANK,ICICI Bank Ltd.,Financial Services,2024-12-12,1321.55,1338.75,1321.55,1329.25,9076896
INE090A01021,ICICIBANK,ICICI Bank Ltd.,Financial Services,2024-12-13,1325.35,1347.15,1313.5,1344.9,13536684
INE090A01021,ICICIBANK,ICICI Bank Ltd.,Financial Services,2024-12-16,1344.9,1350.45,1340.05,1346.1,9071006
INE090A01021,ICICIBANK,ICICI Bank Ltd.,Financial Services,2024-12-17,1342.0,1348.1,1326.05,1333.75,9879257
INE090A01021,ICICIBANK,ICICI Bank Ltd.,Financial Services,2024-12-18,1325.25,1334.95,1307.45,1314.15,8510595
INE090A01021,ICICIBANK,ICICI Bank Ltd.,Financial Services,2024-12-19,1286.0,1303.0,1284.45,1286.9,11517304
INE090A01021,ICICIBANK,ICICI Bank Ltd.,Financial Services,2024-12-20,1283.95,1297.75,1272.4,1288.4,58491181
INE090A01021,ICICIBANK,ICICI Bank Ltd.,Financial Services,2024-12-23,1294.65,1307.0,1287.05,1296.8,6827512
INE090A01021,ICICIBANK,ICICI Bank Ltd.,Financial Services,2024-12-24,1296.8,1304.5,1290.25,1297.25,7138516
INE090A01021,ICICIBANK,ICICI Bank Ltd.,Financial Services,2024-12-26,1307.0,1312.75,1289.2,1297.35,7338444
INE090A01021,ICICIBANK,ICICI Bank Ltd.,Financial Services,2024-12-27,1298.55,1315.95,1298.55,1307.55,4756066
INE090A01021,ICICIBANK,ICICI Bank Ltd.,Financial Services,2024-12-30,1304.95,1326.5,1289.45,1294.65,14207425
INE090A01021,ICICIBANK,ICICI Bank Ltd.,Financial Services,2024-12-31,1286.9,1289.95,1280.1,1281.65,8449607
INE090A01021,ICICIBANK,ICICI Bank Ltd.,Financial Services,2025-01-01,1281.65,1293.0,1267.1,1283.65,4705399
INE090A01021,ICICIBANK,ICICI Bank Ltd.,Financial Services,2025-01-02,1285.1,1293.4,1278.4,1290.6,7433222
INE090A01021,ICICIBANK,ICICI Bank Ltd.,Financial Services,2025-01-03,1286.2,1288.0,1262.25,1265.05,11194997
INE090A01021,ICICIBANK,ICICI Bank Ltd.,Financial Services,2025-01-06,1268.05,1277.75,1257.0,1264.1,7504047
INE090A01021,ICICIBANK,ICICI Bank Ltd.,Financial Services,2025-01-07,1266.5,1288.95,1266.5,1279.25,7539758
INE090A01021,ICICIBANK,ICICI Bank Ltd.,Financial Services,2025-01-08,1280.55,1285.0,1252.35,1263.75,7566309
INE090A01021,ICICIBANK,ICICI Bank Ltd.,Financial Services,2025-01-09,1258.0,1264.75,1248.1,1262.4,8684920
INE090A01021,ICICIBANK,ICICI Bank Ltd.,Financial Services,2025-01-10,1259.0,1264.95,1243.1,1249.85,7854524
INE090A01021,ICICIBANK,ICICI Bank Ltd.,Financial Services,2025-01-13,1234.9,1243.95,1224.9,1229.75,9669336
INE090A01021,ICICIBANK,ICICI Bank Ltd.,Financial Services,2025-01-14,1233.35,1244.85,1227.45,1240.3,10342698
INE090A01021,ICICIBANK,ICICI Bank Ltd.,Financial Services,2025-01-15,1234.0,1244.4,1230.0,1238.25,5355382
INE090A01021,ICICIBANK,ICICI Bank Ltd.,Financial Services,2025-01-16,1245.1,1255.5,1239.65,1249.1,11895924
INE090A01021,ICICIBANK,ICICI Bank Ltd.,Financial Services,2025-01-17,1243.35,1249.0,1218.0,1225.45,9790533
INE090A01021,ICICIBANK,ICICI Bank Ltd.,Financial Services,2025-01-20,1223.9,1241.75,1215.25,1232.95,7676418
INE090A01021,ICICIBANK,ICICI Bank Ltd.,Financial Services,2025-01-21,1236.95,1238.95,1192.7,1196.15,20520898
INE090A01021,ICICIBANK,ICICI Bank Ltd.,Financial Services,2025-01-22,1201.0,1207.5,1191.8,1200.45,10377123
INE090A01021,ICICIBANK,ICICI Bank Ltd.,Financial Services,2025-01-23,1197.25,1207.9,1186.0,1201.75,8770650
INE090A01021,ICICIBANK,ICICI Bank Ltd.,Financial Services,2025-01-24,1203.1,1218.0,1202.0,1209.2,9216792
INE090A01021,ICICIBANK,ICICI Bank Ltd.,Financial Services,2025-01-27,1195.0,1234.65,1193.1,1227.95,16164687
INE090A01021,ICICIBANK,ICICI Bank Ltd.,Financial Services,2025-01-28,1247.35,1264.0,1236.0,1246.9,18066499
INE090A01021,ICICIBANK,ICICI Bank Ltd.,Financial Services,2025-01-29,1252.0,1255.8,1243.05,1251.65,7666777
INE090A01021,ICICIBANK,ICICI Bank Ltd.,Financial Services,2025-01-30,1250.0,1259.85,1239.5,1255.6,11921041
INE090A01021,ICICIBANK,ICICI Bank Ltd.,Financial Services,2025-01-31,1254.5,1256.0,1239.1,1252.8,10195417
INE090A01021,ICICIBANK,ICICI Bank Ltd.,Financial Services,2025-02-01,1251.15,1261.35,1233.8,1255.55,3011914
INE090A01021,ICICIBANK,ICICI Bank Ltd.,Financial Services,2025-02-03,1246.85,1260.0,1237.8,1253.0,6176831
INE090A01021,ICICIBANK,ICICI Bank Ltd.,Financial Services,2025-02-04,1262.8,1280.5,1260.0,1268.2,14839077
INE090A01021,ICICIBANK,ICICI Bank Ltd.,Financial Services,2025-02-05,1270.2,1277.75,1265.15,1267.7,6840709
INE090A01021,ICICIBANK,ICICI Bank Ltd.,Financial Services,2025-02-06,1275.0,1279.0,1263.2,1272.4,8396554
INE090A01021,ICICIBANK,ICICI Bank Ltd.,Financial Services,2025-02-07,1272.0,1275.0,1249.55,1256.9,7382039
INE090A01021,ICICIBANK,ICICI Bank Ltd.,Financial Services,2025-02-10,1257.2,1265.0,1249.35,1262.6,5740361
INE090A01021,ICICIBANK,ICICI Bank Ltd.,Financial Services,2025-02-11,1255.85,1261.85,1248.4,1252.75,6586627
INE090A01021,ICICIBANK,ICICI Bank Ltd.,Financial Services,2025-02-12,1257.2,1269.75,1244.65,1251.8,8809352
INE090A01021,ICICIBANK,ICICI Bank Ltd.,Financial Services,2025-02-13,1252.55,1266.0,1245.9,1248.9,7263785
INE090A01021,ICICIBANK,ICICI Bank Ltd.,Financial Services,2025-02-14,1252.1,1263.5,1244.45,1260.1,10368438
INE090A01021,ICICIBANK,ICICI Bank Ltd.,Financial Services,2025-02-17,1251.15,1258.15,1233.25,1251.15,8386151
INE090A01021,ICICIBANK,ICICI Bank Ltd.,Financial Services,2025-02-18,1252.9,1257.6,1237.05,1243.05,8135042
INE090A01021,ICICIBANK,ICICI Bank Ltd.,Financial Services,2025-02-19,1234.85,1264.45,1230.25,1261.65,10683412
INE090A01021,ICICIBANK,ICICI Bank Ltd.,Financial Services,2025-02-20,1255.35,1264.0,1246.75,1249.95,8398849
INE090A01021,ICICIBANK,ICICI Bank Ltd.,Financial Services,2025-02-21,1241.1,1244.7,1224.55,1232.95,7786428
INE090A01021,ICICIBANK,ICICI Bank Ltd.,Financial Services,2025-02-24,1226.7,1231.9,1210.25,1218.35,11522480
INE090A01021,ICICIBANK,ICICI Bank Ltd.,Financial Services,2025-02-25,1226.6,1231.65,1221.0,1224.15,11059417
INE090A01021,ICICIBANK,ICICI Bank Ltd.,Financial Services,2025-02-27,1225.15,1234.85,1218.45,1222.45,12008162
INE090A01021,ICICIBANK,ICICI Bank Ltd.,Financial Services,2025-02-28,1216.0,1225.0,1200.1,1204.1,20215075
INE090A01021,ICICIBANK,ICICI Bank Ltd.,Financial Services,2025-03-03,1210.5,1217.0,1204.15,1206.2,8158881
INE090A01021,ICICIBANK,ICICI Bank Ltd.,Financial Services,2025-03-04,1207.15,1216.65,1206.25,1210.4,9574490
INE090A01021,ICICIBANK,ICICI Bank Ltd.,Financial Services,2025-03-05,1217.0,1225.95,1211.3,1215.7,9052846
INE090A01021,ICICIBANK,ICICI Bank Ltd.,Financial Services,2025-03-06,1227.95,1227.95,1209.0,1218.05,11949475
INE090A01021,ICICIBANK,ICICI Bank Ltd.,Financial Services,2025-03-07,1211.1,1217.85,1206.3,1214.55,6620284
INE090A01021,ICICIBANK,ICICI Bank Ltd.,Financial Services,2025-03-10,1208.0,1225.8,1208.0,1214.85,7363437
INE090A01021,ICICIBANK,ICICI Bank Ltd.,Financial Services,2025-03-11,1217.2,1248.0,1217.2,1245.4,10927950
INE090A01021,ICICIBANK,ICICI Bank Ltd.,Financial Services,2025-03-12,1246.95,1251.95,1235.3,1243.95,11548372
INE090A01021,ICICIBANK,ICICI Bank Ltd.,Financial Services,2025-03-13,1251.05,1255.6,1245.3,1250.05,8132940
INE090A01021,ICICIBANK,ICICI Bank Ltd.,Financial Services,2025-03-17,1257.05,1273.95,1254.75,1269.0,11164812
INE090A01021,ICICIBANK,ICICI Bank Ltd.,Financial Services,2025-03-18,1269.0,1269.0,1269.0,1269.0,0
INE090A01021,ICICIBANK,ICICI Bank Ltd.,Financial Services,2025-03-19,1305.6,1318.3,1302.15,1313.1,11278014
INE090A01021,ICICIBANK,ICICI Bank Ltd.,Financial Services,2025-03-20,1320.0,1324.25,1311.05,1321.7,10886735
INE090A01021,ICICIBANK,ICICI Bank Ltd.,Financial Services,2025-03-21,1316.0,1349.0,1311.6,1343.1,60494318
INE090A01021,ICICIBANK,ICICI Bank Ltd.,Financial Services,2025-03-24,1355.95,1373.0,1345.05,1358.15,9352280
INE090A01021,ICICIBANK,ICICI Bank Ltd.,Financial Services,2025-03-25,1359.0,1363.8,1330.05,1343.7,16419207
INE090A01021,ICICIBANK,ICICI Bank Ltd.,Financial Services,2025-03-26,1344.05,1358.0,1331.5,1335.9,10859639
INE090A01021,ICICIBANK,ICICI Bank Ltd.,Financial Services,2025-03-27,1333.15,1351.5,1333.15,1336.65,15109614
INE090A01021,ICICIBANK,ICICI Bank Ltd.,Financial Services,2025-03-28,1336.0,1357.95,1327.2,1348.35,8266544
INE090A01021,ICICIBANK,ICICI Bank Ltd.,Financial Services,2025-04-01,1340.0,1352.35,1315.4,1318.45,14288024
INE090A01021,ICICIBANK,ICICI Bank Ltd.,Financial Services,2025-04-02,1322.15,1337.95,1322.15,1331.25,8042214
INE090A01021,ICICIBANK,ICICI Bank Ltd.,Financial Services,2025-04-03,1321.95,1333.0,1321.25,1329.55,4591008
INE090A01021,ICICIBANK,ICICI Bank Ltd.,Financial Services,2025-04-04,1329.55,1338.55,1322.1,1335.3,8648542
INE090A01021,ICICIBANK,ICICI Bank Ltd.,Financial Services,2025-04-07,1295.25,1325.0,1265.0,1287.55,19185012
INE090A01021,ICICIBANK,ICICI Bank Ltd.,Financial Services,2025-04-08,1299.85,1310.05,1287.35,1299.9,13085762
INE090A01021,ICICIBANK,ICICI Bank Ltd.,Financial Services,2025-04-09,1304.95,1305.1,1284.5,1300.8,13005622
INE090A01021,ICICIBANK,ICICI Bank Ltd.,Financial Services,2025-04-11,1305.1,1325.0,1305.1,1311.65,13064247
INE090A01021,ICICIBANK,ICICI Bank Ltd.,Financial Services,2025-04-15,1351.0,1354.3,1336.2,1350.2,15202603
INE090A01021,ICICIBANK,ICICI Bank Ltd.,Financial Services,2025-04-16,1357.0,1359.7,1342.9,1356.4,14039073
INE090A01021,ICICIBANK,ICICI Bank Ltd.,Financial Services,2025-04-17,1362.0,1408.9,1360.1,1406.7,17490424
INE090A01021,ICICIBANK,ICICI Bank Ltd.,Financial Services,2025-04-21,1436.0,1436.0,1404.7,1409.8,16882426
INE090A01021,ICICIBANK,ICICI Bank Ltd.,Financial Services,2025-04-22,1412.8,1418.8,1398.9,1416.5,16135274
INE090A01021,ICICIBANK,ICICI Bank Ltd.,Financial Services,2025-04-23,1429.0,1429.9,1411.3,1424.4,13990764
INE090A01021,ICICIBANK,ICICI Bank Ltd.,Financial Services,2025-04-24,1416.3,1421.2,1398.8,1402.7,15678099
INE090A01021,ICICIBANK,ICICI Bank Ltd.,Financial Services,2025-04-25,1410.0,1414.8,1388.4,1404.8,11705093
INE090A01021,ICICIBANK,ICICI Bank Ltd.,Financial Services,2025-04-28,1405.6,1435.0,1403.8,1428.8,10948561
INE090A01021,ICICIBANK,ICICI Bank Ltd.,Financial Services,2025-04-29,1428.8,1438.3,1422.6,1429.8,10786910
INE090A01021,ICICIBANK,ICICI Bank Ltd.,Financial Services,2025-04-30,1433.0,1433.7,1400.0,1427.0,14192027
INE090A01021,ICICIBANK,ICICI Bank Ltd.,Financial Services,2025-05-02,1426.9,1446.6,1424.6,1430.1,8842434
INE090A01021,ICICIBANK,ICICI Bank Ltd.,Financial Services,2025-05-05,1440.0,1446.8,1426.0,1429.4,4565705
INE090A01021,ICICIBANK,ICICI Bank Ltd.,Financial Services,2025-05-06,1429.0,1433.7,1420.4,1431.6,6301690
INE090A01021,ICICIBANK,ICICI Bank Ltd.,Financial Services,2025-05-07,1425.0,1442.0,1421.0,1435.4,10480453
INE090A01021,ICICIBANK,ICICI Bank Ltd.,Financial Services,2025-05-08,1438.6,1448.9,1426.1,1435.5,15306490
INE090A01021,ICICIBANK,ICICI Bank Ltd.,Financial Services,2025-05-09,1415.2,1419.9,1387.0,1388.9,13491197
INE090A01021,ICICIBANK,ICICI Bank Ltd.,Financial Services,2025-05-12,1409.4,1453.0,1404.0,1448.5,9925445
INE090A01021,ICICIBANK,ICICI Bank Ltd.,Financial Services,2025-05-13,1440.1,1447.9,1427.4,1430.6,12475424
INE090A01021,ICICIBANK,ICICI Bank Ltd.,Financial Services,2025-05-14,1429.9,1440.7,1417.3,1426.2,8026837
INE090A01021,ICICIBANK,ICICI Bank Ltd.,Financial Services,2025-05-15,1425.9,1456.5,1415.5,1450.8,18209264
INE090A01021,ICICIBANK,ICICI Bank Ltd.,Financial Services,2025-05-16,1453.3,1458.7,1447.0,1454.0,6439208
INE090A01021,ICICIBANK,ICICI Bank Ltd.,Financial Services,2025-05-19,1446.5,1459.7,1443.8,1449.0,6005334
INE090A01021,ICICIBANK,ICICI Bank Ltd.,Financial Services,2025-05-20,1450.2,1459.0,1435.5,1438.2,11352383
INE090A01021,ICICIBANK,ICICI Bank Ltd.,Financial Services,2025-05-21,1442.9,1451.3,1438.5,1444.7,5510460
INE090A01021,ICICIBANK,ICICI Bank Ltd.,Financial Services,2025-05-22,1441.1,1445.3,1427.8,1442.1,7245933
INE090A01021,ICICIBANK,ICICI Bank Ltd.,Financial Services,2025-05-23,1442.2,1451.8,1434.4,1449.8,5203706
INE090A01021,ICICIBANK,ICICI Bank Ltd.,Financial Services,2025-05-26,1458.0,1471.6,1455.0,1460.6,5608725
INE090A01021,ICICIBANK,ICICI Bank Ltd.,Financial Services,2025-05-27,1452.5,1463.0,1435.7,1446.4,14842959
INE090A01021,ICICIBANK,ICICI Bank Ltd.,Financial Services,2025-05-28,1447.6,1458.0,1442.5,1453.8,8618343
INE090A01021,ICICIBANK,ICICI Bank Ltd.,Financial Services,2025-05-29,1456.6,1462.9,1445.0,1456.5,15545514
INE090A01021,ICICIBANK,ICICI Bank Ltd.,Financial Services,2025-05-30,1459.9,1460.9,1444.3,1445.8,11803975
INE090A01021,ICICIBANK,ICICI Bank Ltd.,Financial Services,2025-06-02,1442.0,1460.0,1432.8,1450.5,9458990
INE090A01021,ICICIBANK,ICICI Bank Ltd.,Financial Services,2025-06-03,1454.9,1455.0,1432.0,1437.9,11167345
INE090A01021,ICICIBANK,ICICI Bank Ltd.,Financial Services,2025-06-04,1437.4,1440.1,1426.4,1431.0,8025388
INE090A01021,ICICIBANK,ICICI Bank Ltd.,Financial Services,2025-06-05,1430.9,1459.0,1427.3,1454.8,11385668
INE090A01021,ICICIBANK,ICICI Bank Ltd.,Financial Services,2025-06-06,1448.6,1461.4,1442.1,1459.7,11580994
INE090A01021,ICICIBANK,ICICI Bank Ltd.,Financial Services,2025-06-09,1465.0,1466.8,1433.4,1434.8,11022031
INE090A01021,ICICIBANK,ICICI Bank Ltd.,Financial Services,2025-06-10,1439.0,1441.7,1416.5,1422.9,12905272
INE090A01021,ICICIBANK,ICICI Bank Ltd.,Financial Services,2025-06-11,1421.8,1434.5,1418.6,1431.0,7136877
INE090A01021,ICICIBANK,ICICI Bank Ltd.,Financial Services,2025-06-12,1430.5,1436.5,1420.0,1425.2,7953247
INE090A01021,ICICIBANK,ICICI Bank Ltd.,Financial Services,2025-06-13,1403.6,1421.5,1403.6,1416.1,7573103
INE090A01021,ICICIBANK,ICICI Bank Ltd.,Financial Services,2025-06-16,1416.6,1429.0,1414.2,1426.9,5451137
INE090A01021,ICICIBANK,ICICI Bank Ltd.,Financial Services,2025-06-17,1426.9,1429.8,1417.8,1423.2,6970098
INE090A01021,ICICIBANK,ICICI Bank Ltd.,Financial Services,2025-06-18,1417.0,1432.0,1410.2,1412.6,6751745
INE090A01021,ICICIBANK,ICICI Bank Ltd.,Financial Services,2025-06-19,1408.0,1414.7,1404.7,1411.3,8849883
INE090A01021,ICICIBANK,ICICI Bank Ltd.,Financial Services,2025-06-20,1411.3,1433.3,1410.2,1427.1,12408178
INE090A01021,ICICIBANK,ICICI Bank Ltd.,Financial Services,2025-06-23,1417.0,1423.2,1411.9,1420.1,5514384
INE090A01021,ICICIBANK,ICICI Bank Ltd.,Financial Services,2025-06-24,1427.7,1435.9,1416.5,1424.1,11188438
INE090A01021,ICICIBANK,ICICI Bank Ltd.,Financial Services,2025-06-25,1422.0,1428.9,1415.3,1425.8,7527388
INE090A01021,ICICIBANK,ICICI Bank Ltd.,Financial Services,2025-06-26,1424.8,1447.5,1421.7,1439.1,13617435
INE090A01021,ICICIBANK,ICICI Bank Ltd.,Financial Services,2025-06-27,1438.9,1466.0,1437.1,1462.2,22532899
INE090A01021,ICICIBANK,ICICI Bank Ltd.,Financial Services,2025-06-30,1461.8,1461.9,1442.3,1445.8,6325073
INE090A01021,ICICIBANK,ICICI Bank Ltd.,Financial Services,2025-07-01,1445.7,1447.6,1429.6,1432.0,7761449
INE090A01021,ICICIBANK,ICICI Bank Ltd.,Financial Services,2025-07-02,1432.2,1451.0,1422.6,1427.8,13372280
INE090A01021,ICICIBANK,ICICI Bank Ltd.,Financial Services,2025-07-03,1432.1,1446.1,1423.7,1425.9,10177738
INE090A01021,ICICIBANK,ICICI Bank Ltd.,Financial Services,2025-07-04,1427.0,1444.4,1421.1,1442.8,5066503
INE090A01021,ICICIBANK,ICICI Bank Ltd.,Financial Services,2025-07-07,1437.0,1440.9,1429.6,1435.7,5177477
INE090A01021,ICICIBANK,ICICI Bank Ltd.,Financial Services,2025-07-08,1432.0,1445.0,1430.0,1442.0,5315847
INE090A01021,ICICIBANK,ICICI Bank Ltd.,Financial Services,2025-07-09,1436.2,1438.7,1426.6,1431.9,8827347
INE090A01021,ICICIBANK,ICICI Bank Ltd.,Financial Services,2025-07-10,1436.8,1439.0,1422.1,1424.1,7795964
INE090A01021,ICICIBANK,ICICI Bank Ltd.,Financial Services,2025-07-11,1422.0,1428.0,1414.6,1421.9,7158015
INE090A01021,ICICIBANK,ICICI Bank Ltd.,Financial Services,2025-07-14,1424.9,1424.9,1416.1,1423.0,5846154
INE090A01021,ICICIBANK,ICICI Bank Ltd.,Financial Services,2025-07-15,1421.1,1433.8,1419.0,1430.8,6041457
INE090A01021,ICICIBANK,ICICI Bank Ltd.,Financial Services,2025-07-16,1426.0,1429.2,1419.1,1426.4,5649093
INE090A01021,ICICIBANK,ICICI Bank Ltd.,Financial Services,2025-07-17,1421.0,1423.2,1409.5,1418.7,12927394
INE090A01021,ICICIBANK,ICICI Bank Ltd.,Financial Services,2025-07-18,1415.8,1429.0,1408.5,1425.8,11297246
INE090A01021,ICICIBANK,ICICI Bank Ltd.,Financial Services,2025-07-21,1448.0,1467.7,1437.0,1465.8,13867136
INE090A01021,ICICIBANK,ICICI Bank Ltd.,Financial Services,2025-07-22,1474.1,1482.0,1469.7,1473.6,8930165
INE090A01021,ICICIBANK,ICICI Bank Ltd.,Financial Services,2025-07-23,1482.9,1490.0,1472.6,1488.6,11974174
INE090A01021,ICICIBANK,ICICI Bank Ltd.,Financial Services,2025-07-24,1487.7,1488.7,1478.1,1483.4,6700578
INE090A01021,ICICIBANK,ICICI Bank Ltd.,Financial Services,2025-07-25,1500.0,1500.0,1473.6,1477.1,8696077
INE090A01021,ICICIBANK,ICICI Bank Ltd.,Financial Services,2025-07-28,1477.1,1493.8,1477.1,1488.4,7507479
INE090A01021,ICICIBANK,ICICI Bank Ltd.,Financial Services,2025-07-29,1479.9,1489.8,1475.4,1486.2,9776027
INE090A01021,ICICIBANK,ICICI Bank Ltd.,Financial Services,2025-07-30,1487.7,1488.5,1477.3,1482.4,7238625
INE090A01021,ICICIBANK,ICICI Bank Ltd.,Financial Services,2025-07-31,1469.9,1494.5,1464.0,1481.4,12406146
INE090A01021,ICICIBANK,ICICI Bank Ltd.,Financial Services,2025-08-01,1480.4,1485.1,1469.8,1471.6,4416771
INE090A01021,ICICIBANK,ICICI Bank Ltd.,Financial Services,2025-08-04,1476.8,1478.8,1461.3,1463.2,6140054
INE090A01021,ICICIBANK,ICICI Bank Ltd.,Financial Services,2025-08-05,1453.0,1461.5,1441.0,1444.4,14799343
INE090A01021,ICICIBANK,ICICI Bank Ltd.,Financial Services,2025-08-06,1442.3,1454.0,1441.6,1443.6,7805252
INE090A01021,ICICIBANK,ICICI Bank Ltd.,Financial Services,2025-08-07,1441.1,1447.9,1429.1,1440.3,7432535
INE090A01021,ICICIBANK,ICICI Bank Ltd.,Financial Services,2025-08-08,1445.9,1447.6,1432.0,1435.9,5415511
INE090A01021,ICICIBANK,ICICI Bank Ltd.,Financial Services,2025-08-11,1427.9,1438.4,1420.4,1436.6,8492484
INE090A01021,ICICIBANK,ICICI Bank Ltd.,Financial Services,2025-08-12,1431.0,1433.8,1420.1,1422.0,5913947
INE090A01021,ICICIBANK,ICICI Bank Ltd.,Financial Services,2025-08-13,1424.6,1427.7,1415.2,1420.8,9009465
INE090A01021,ICICIBANK,ICICI Bank Ltd.,Financial Services,2025-08-14,1412.0,1431.1,1412.0,1427.3,7577793
INE090A01021,ICICIBANK,ICICI Bank Ltd.,Financial Services,2025-08-18,1450.0,1452.4,1431.0,1434.6,6908844
INE090A01021,ICICIBANK,ICICI Bank Ltd.,Financial Services,2025-08-19,1431.1,1438.5,1426.3,1436.3,6709554
INE090A01021,ICICIBANK,ICICI Bank Ltd.,Financial Services,2025-08-20,1432.6,1435.9,1423.0,1430.6,5817858
INE090A01021,ICICIBANK,ICICI Bank Ltd.,Financial Services,2025-08-21,1440.1,1447.8,1436.4,1446.0,6238645
INE090A01021,ICICIBANK,ICICI Bank Ltd.,Financial Services,2025-08-22,1444.3,1446.0,1429.4,1436.4,6657207
INE090A01021,ICICIBANK,ICICI Bank Ltd.,Financial Services,2025-08-25,1435.9,1435.9,1424.0,1433.2,6738427
INE090A01021,ICICIBANK,ICICI Bank Ltd.,Financial Services,2025-08-26,1427.9,1427.9,1413.1,1416.6,8720155
INE090A01021,ICICIBANK,ICICI Bank Ltd.,Financial Services,2025-08-28,1408.0,1411.8,1396.3,1399.1,12990789
INE090A01021,ICICIBANK,ICICI Bank Ltd.,Financial Services,2025-08-29,1392.1,1405.0,1392.1,1397.8,8519507
INE090A01021,ICICIBANK,ICICI Bank Ltd.,Financial Services,2025-09-01,1398.1,1412.4,1398.1,1411.0,4927348
INE090A01021,ICICIBANK,ICICI Bank Ltd.,Financial Services,2025-09-02,1413.9,1413.9,1390.0,1394.2,7163073
INE090A01021,ICICIBANK,ICICI Bank Ltd.,Financial Services,2025-09-03,1389.0,1400.0,1384.2,1397.0,9813382
INE090A01021,ICICIBANK,ICICI Bank Ltd.,Financial Services,2025-09-04,1409.9,1415.1,1401.9,1405.5,10564859
INE090A01021,ICICIBANK,ICICI Bank Ltd.,Financial Services,2025-09-05,1411.0,1411.5,1387.7,1402.8,6621077
INE090A01021,ICICIBANK,ICICI Bank Ltd.,Financial Services,2025-09-08,1402.2,1410.6,1397.6,1402.7,5880943
INE090A01021,ICICIBANK,ICICI Bank Ltd.,Financial Services,2025-09-09,1399.0,1407.5,1395.2,1403.7,6470679
INE090A01021,ICICIBANK,ICICI Bank Ltd.,Financial Services,2025-09-10,1410.0,1413.7,1402.1,1403.9,7452347
INE090A01021,ICICIBANK,ICICI Bank Ltd.,Financial Services,2025-09-11,1398.0,1408.0,1396.0,1401.6,10192026
INE090A01021,ICICIBANK,ICICI Bank Ltd.,Financial Services,2025-09-12,1405.1,1419.7,1400.1,1417.7,7770038
INE090A01021,ICICIBANK,ICICI Bank Ltd.,Financial Services,2025-09-15,1422.0,1426.8,1416.3,1419.4,5845637
INE090A01021,ICICIBANK,ICICI Bank Ltd.,Financial Services,2025-09-16,1414.0,1424.9,1413.7,1421.6,8213151
INE090A01021,ICICIBANK,ICICI Bank Ltd.,Financial Services,2025-09-17,1420.1,1426.1,1416.4,1419.2,7484283
INE090A01021,ICICIBANK,ICICI Bank Ltd.,Financial Services,2025-09-18,1431.1,1432.8,1415.3,1421.7,8130537
INE090A01021,ICICIBANK,ICICI Bank Ltd.,Financial Services,2025-09-19,1416.1,1418.0,1400.2,1402.2,13457344
INE090A01021,ICICIBANK,ICICI Bank Ltd.,Financial Services,2025-09-22,1403.9,1409.9,1397.2,1401.5,8847948
INE090A01021,ICICIBANK,ICICI Bank Ltd.,Financial Services,2025-09-23,1391.0,1403.3,1391.0,1394.3,12827524
INE090A01021,ICICIBANK,ICICI Bank Ltd.,Financial Services,2025-09-24,1386.4,1390.9,1376.5,1382.7,9735678
INE090A01021,ICICIBANK,ICICI Bank Ltd.,Financial Services,2025-09-25,1377.0,1391.5,1371.8,1375.8,21613389
INE090A01021,ICICIBANK,ICICI Bank Ltd.,Financial Services,2025-09-26,1368.0,1372.7,1357.0,1359.6,18342280
INE090A01021,ICICIBANK,ICICI Bank Ltd.,Financial Services,2025-09-29,1359.6,1366.5,1346.2,1348.1,20563163
INE090A01021,ICICIBANK,ICICI Bank Ltd.,Financial Services,2025-09-30,1353.7,1356.6,1342.6,1348.0,20166871
INE090A01021,ICICIBANK,ICICI Bank Ltd.,Financial Services,2025-10-01,1348.0,1379.4,1347.1,1372.0,20952632
INE090A01021,ICICIBANK,ICICI Bank Ltd.,Financial Services,2025-10-03,1371.9,1371.9,1361.3,1365.2,12163695
INE090A01021,ICICIBANK,ICICI Bank Ltd.,Financial Services,2025-10-06,1371.0,1372.6,1359.1,1363.4,14314283
INE090A01021,ICICIBANK,ICICI Bank Ltd.,Financial Services,2025-10-07,1363.6,1383.1,1363.6,1375.9,16126464
INE090A01021,ICICIBANK,ICICI Bank Ltd.,Financial Services,2025-10-08,1372.3,1381.6,1364.3,1370.3,8100832
INE090A01021,ICICIBANK,ICICI Bank Ltd.,Financial Services,2025-10-09,1369.8,1378.7,1365.1,1376.2,7909575
INE090A01021,ICICIBANK,ICICI Bank Ltd.,Financial Services,2025-10-10,1370.3,1385.0,1370.3,1380.3,7673816
INE090A01021,ICICIBANK,ICICI Bank Ltd.,Financial Services,2025-10-13,1373.1,1386.4,1373.1,1379.4,8923018
INE090A01021,ICICIBANK,ICICI Bank Ltd.,Financial Services,2025-10-14,1389.0,1389.0,1375.1,1384.1,10610855
INE090A01021,ICICIBANK,ICICI Bank Ltd.,Financial Services,2025-10-15,1386.5,1400.4,1385.5,1398.4,8988550
INE090A01021,ICICIBANK,ICICI Bank Ltd.,Financial Services,2025-10-16,1401.0,1418.9,1399.4,1417.3,12185032
INE090A01021,ICICIBANK,ICICI Bank Ltd.,Financial Services,2025-10-17,1412.0,1439.6,1410.9,1436.6,17037215
INE090A01021,ICICIBANK,ICICI Bank Ltd.,Financial Services,2025-10-20,1442.0,1445.0,1389.2,1390.3,23330227
INE090A01021,ICICIBANK,ICICI Bank Ltd.,Financial Services,2025-10-21,1384.5,1387.6,1375.9,1382.0,3415560
INE090A01021,ICICIBANK,ICICI Bank Ltd.,Financial Services,2025-10-23,1385.0,1389.8,1360.1,1363.7,21124942
INE090A01021,ICICIBANK,ICICI Bank Ltd.,Financial Services,2025-10-24,1368.1,1381.6,1368.1,1377.7,10570263
INE090A01021,ICICIBANK,ICICI Bank Ltd.,Financial Services,2025-10-27,1382.1,1386.8,1374.0,1377.6,11499836
INE090A01021,ICICIBANK,ICICI Bank Ltd.,Financial Services,2025-10-28,1373.0,1375.8,1356.2,1363.1,26477914
INE090A01021,ICICIBANK,ICICI Bank Ltd.,Financial Services,2025-10-29,1364.6,1371.7,1358.4,1370.4,16129382
INE090A01021,ICICIBANK,ICICI Bank Ltd.,Financial Services,2025-10-30,1362.4,1370.2,1361.3,1362.4,9324401
INE090A01021,ICICIBANK,ICICI Bank Ltd.,Financial Services,2025-10-31,1357.0,1362.0,1343.3,1345.3,15926798
INE090A01021,ICICIBANK,ICICI Bank Ltd.,Financial Services,2025-11-03,1340.5,1351.6,1337.9,1346.4,11071450
INE090A01021,ICICIBANK,ICICI Bank Ltd.,Financial Services,2025-11-04,1342.6,1349.8,1333.2,1336.9,15211183
INE090A01021,ICICIBANK,ICICI Bank Ltd.,Financial Services,2025-11-06,1330.0,1342.2,1317.4,1320.4,24221853
INE090A01021,ICICIBANK,ICICI Bank Ltd.,Financial Services,2025-11-07,1320.4,1344.3,1318.6,1343.0,7719245
INE090A01021,ICICIBANK,ICICI Bank Ltd.,Financial Services,2025-11-10,1342.9,1349.6,1341.0,1348.0,8542340
INE090A01021,ICICIBANK,ICICI Bank Ltd.,Financial Services,2025-11-11,1349.0,1360.4,1346.2,1358.3,8305184
INE090A01021,ICICIBANK,ICICI Bank Ltd.,Financial Services,2025-11-12,1370.0,1370.0,1355.4,1358.9,9736761
INE090A01021,ICICIBANK,ICICI Bank Ltd.,Financial Services,2025-11-13,1358.9,1390.4,1358.5,1385.9,18296626
INE090A01021,ICICIBANK,ICICI Bank Ltd.,Financial Services,2025-11-14,1374.0,1381.2,1363.2,1373.0,9694498
INE090A01021,ICICIBANK,ICICI Bank Ltd.,Financial Services,2025-11-17,1375.1,1382.5,1373.6,1379.0,7660717
INE090A01021,ICICIBANK,ICICI Bank Ltd.,Financial Services,2025-11-18,1380.2,1382.8,1369.1,1373.4,9529560
INE090A01021,ICICIBANK,ICICI Bank Ltd.,Financial Services,2025-11-19,1373.5,1384.0,1371.6,1383.1,10393918
INE090A01021,ICICIBANK,ICICI Bank Ltd.,Financial Services,2025-11-20,1380.1,1388.3,1375.4,1383.0,10131863
INE090A01021,ICICIBANK,ICICI Bank Ltd.,Financial Services,2025-11-21,1373.0,1376.0,1364.6,1369.5,11483595
INE090A01021,ICICIBANK,ICICI Bank Ltd.,Financial Services,2025-11-24,1373.3,1377.0,1361.5,1368.4,15896003
INE090A01021,ICICIBANK,ICICI Bank Ltd.,Financial Services,2025-11-25,1365.0,1376.9,1354.3,1357.8,12235000
INE090A01021,ICICIBANK,ICICI Bank Ltd.,Financial Services,2025-11-26,1360.0,1377.0,1359.9,1375.0,9659004
INE090A01021,ICICIBANK,ICICI Bank Ltd.,Financial Services,2025-11-27,1379.0,1394.0,1375.7,1392.2,15158741
INE090A01021,ICICIBANK,ICICI Bank Ltd.,Financial Services,2025-11-28,1392.0,1398.5,1385.6,1388.8,7683986
INE090A01021,ICICIBANK,ICICI Bank Ltd.,Financial Services,2025-12-01,1394.0,1400.0,1385.4,1390.1,8867593
INE090A01021,ICICIBANK,ICICI Bank Ltd.,Financial Services,2025-12-02,1381.8,1381.8,1370.6,1373.0,12126396
INE090A01021,ICICIBANK,ICICI Bank Ltd.,Financial Services,2025-12-03,1367.0,1394.2,1367.0,1391.5,7955933
INE090A01021,ICICIBANK,ICICI Bank Ltd.,Financial Services,2025-12-04,1387.0,1391.6,1379.9,1386.7,7373909
INE090A01021,ICICIBANK,ICICI Bank Ltd.,Financial Services,2025-12-05,1381.0,1395.3,1381.0,1392.5,4942638
INE090A01021,ICICIBANK,ICICI Bank Ltd.,Financial Services,2025-12-08,1387.0,1394.9,1383.3,1389.6,7826227
INE090A01021,ICICIBANK,ICICI Bank Ltd.,Financial Services,2025-12-09,1379.9,1384.3,1373.4,1375.2,10492030
INE090A01021,ICICIBANK,ICICI Bank Ltd.,Financial Services,2025-12-10,1377.9,1379.4,1357.9,1363.6,8725381
INE090A01021,ICICIBANK,ICICI Bank Ltd.,Financial Services,2025-12-11,1363.7,1366.6,1352.8,1360.0,6734750
INE090A01021,ICICIBANK,ICICI Bank Ltd.,Financial Services,2025-12-12,1368.0,1370.7,1363.3,1366.0,3890885
INE090A01021,ICICIBANK,ICICI Bank Ltd.,Financial Services,2025-12-15,1356.1,1370.0,1356.1,1365.2,5342530
INE090A01021,ICICIBANK,ICICI Bank Ltd.,Financial Services,2025-12-16,1364.0,1368.7,1355.5,1366.0,12359741
INE090A01021,ICICIBANK,ICICI Bank Ltd.,Financial Services,2025-12-17,1365.0,1365.0,1343.1,1352.4,9440391
INE090A01021,ICICIBANK,ICICI Bank Ltd.,Financial Services,2025-12-18,1346.3,1369.5,1345.5,1356.8,7314573
INE090A01021,ICICIBANK,ICICI Bank Ltd.,Financial Services,2025-12-19,1354.0,1360.4,1350.8,1354.1,14318512
INE090A01021,ICICIBANK,ICICI Bank Ltd.,Financial Services,2025-12-22,1358.0,1371.3,1354.8,1368.5,9375294
INE090A01021,ICICIBANK,ICICI Bank Ltd.,Financial Services,2025-12-23,1361.1,1365.0,1357.0,1363.0,9105467
INE090A01021,ICICIBANK,ICICI Bank Ltd.,Financial Services,2025-12-24,1363.8,1368.2,1357.6,1359.8,8955140
INE090A01021,ICICIBANK,ICICI Bank Ltd.,Financial Services,2025-12-26,1356.5,1362.0,1348.5,1350.4,2812144
INE090A01021,ICICIBANK,ICICI Bank Ltd.,Financial Services,2025-12-29,1352.1,1355.7,1341.5,1343.3,6057201
INE090A01021,ICICIBANK,ICICI Bank Ltd.,Financial Services,2025-12-30,1343.3,1347.1,1338.1,1342.5,18621277
INE090A01021,ICICIBANK,ICICI Bank Ltd.,Financial Services,2025-12-31,1342.8,1350.0,1339.5,1342.9,6150634
INE090A01021,ICICIBANK,ICICI Bank Ltd.,Financial Services,2026-01-01,1343.9,1348.4,1336.0,1338.0,4179311
INE090A01021,ICICIBANK,ICICI Bank Ltd.,Financial Services,2026-01-02,1338.0,1356.9,1336.3,1355.4,8226205
INE090A01021,ICICIBANK,ICICI Bank Ltd.,Financial Services,2026-01-05,1354.2,1375.5,1352.6,1371.5,6920565
INE090A01021,ICICIBANK,ICICI Bank Ltd.,Financial Services,2026-01-06,1372.0,1413.6,1366.0,1411.2,17260416
INE090A01021,ICICIBANK,ICICI Bank Ltd.,Financial Services,2026-01-07,1408.0,1429.9,1404.2,1427.7,15813795
INE090A01021,ICICIBANK,ICICI Bank Ltd.,Financial Services,2026-01-08,1429.0,1442.2,1423.3,1435.0,14861699
INE090A01021,ICICIBANK,ICICI Bank Ltd.,Financial Services,2026-01-09,1427.1,1429.5,1401.5,1404.3,12555636
INE090A01021,ICICIBANK,ICICI Bank Ltd.,Financial Services,2026-01-12,1399.9,1424.3,1391.7,1413.1,10923811
INE090A01021,ICICIBANK,ICICI Bank Ltd.,Financial Services,2026-01-13,1420.0,1441.8,1411.1,1437.0,14295581
INE090A01021,ICICIBANK,ICICI Bank Ltd.,Financial Services,2026-01-14,1425.6,1443.9,1414.9,1418.4,13832255
INE090A01021,ICICIBANK,ICICI Bank Ltd.,Financial Services,2026-01-15,1418.4,1418.4,1418.4,1418.4,0
INE090A01021,ICICIBANK,ICICI Bank Ltd.,Financial Services,2026-01-16,1417.9,1429.0,1400.2,1410.8,12530886
INE090A01021,ICICIBANK,ICICI Bank Ltd.,Financial Services,2026-01-19,1399.9,1400.0,1360.0,1380.6,23302883
INE090A01021,ICICIBANK,ICICI Bank Ltd.,Financial Services,2026-01-20,1374.7,1387.8,1371.5,1375.8,15012785
INE090A01021,ICICIBANK,ICICI Bank Ltd.,Financial Services,2026-01-21,1367.5,1371.5,1339.5,1349.0,21766068
INE090A01021,ICICIBANK,ICICI Bank Ltd.,Financial Services,2026-01-22,1355.1,1358.0,1338.0,1345.5,17179765
INE090A01021,ICICIBANK,ICICI Bank Ltd.,Financial Services,2026-01-23,1340.5,1355.2,1335.7,1343.4,14056524
INE090A01021,ICICIBANK,ICICI Bank Ltd.,Financial Services,2026-01-27,1340.0,1369.1,1328.6,1361.4,25263634
INE090A01021,ICICIBANK,ICICI Bank Ltd.,Financial Services,2026-01-28,1362.6,1380.4,1362.6,1367.7,13242696
INE090A01021,ICICIBANK,ICICI Bank Ltd.,Financial Services,2026-01-29,1359.0,1387.7,1354.4,1383.6,23118234
INE090A01021,ICICIBANK,ICICI Bank Ltd.,Financial Services,2026-01-30,1368.2,1381.9,1353.2,1355.0,24013717
INE090A01021,ICICIBANK,ICICI Bank Ltd.,Financial Services,2026-02-02,1329.9,1354.4,1329.1,1352.8,12800245
INE090A01021,ICICIBANK,ICICI Bank Ltd.,Financial Services,2026-02-03,1412.0,1417.0,1373.4,1389.7,24896698
INE090A01021,ICICIBANK,ICICI Bank Ltd.,Financial Services,2026-02-04,1387.0,1414.0,1386.9,1408.4,11080683
INE090A01021,ICICIBANK,ICICI Bank Ltd.,Financial Services,2026-02-05,1414.0,1414.0,1393.2,1396.5,8982761
INE090A01021,ICICIBANK,ICICI Bank Ltd.,Financial Services,2026-02-06,1396.7,1410.5,1394.7,1406.1,10851190
INE090A01021,ICICIBANK,ICICI Bank Ltd.,Financial Services,2026-02-09,1413.5,1414.0,1388.8,1396.3,7889742
INE090A01021,ICICIBANK,ICICI Bank Ltd.,Financial Services,2026-02-10,1401.0,1409.5,1395.5,1406.5,16497628
INE090A01021,ICICIBANK,ICICI Bank Ltd.,Financial Services,2026-02-11,1407.4,1413.0,1400.4,1406.1,8551341
INE090A01021,ICICIBANK,ICICI Bank Ltd.,Financial Services,2026-02-12,1406.1,1433.0,1405.3,1430.0,19646265
INE090A01021,ICICIBANK,ICICI Bank Ltd.,Financial Services,2026-02-13,1425.3,1434.4,1410.7,1414.6,12228083
INE090A01021,ICICIBANK,ICICI Bank Ltd.,Financial Services,2026-02-16,1404.0,1414.0,1400.5,1411.6,5000042
INE090A01021,ICICIBANK,ICICI Bank Ltd.,Financial Services,2026-02-17,1406.2,1413.6,1393.6,1407.5,11756187
INE090A01021,ICICIBANK,ICICI Bank Ltd.,Financial Services,2026-02-18,1410.1,1412.3,1398.9,1408.2,4758071
INE090A01021,ICICIBANK,ICICI Bank Ltd.,Financial Services,2026-02-19,1408.5,1412.3,1384.8,1388.8,14323091
INE090A01021,ICICIBANK,ICICI Bank Ltd.,Financial Services,2026-02-20,1388.5,1403.7,1384.0,1394.5,10337877
INE090A01021,ICICIBANK,ICICI Bank Ltd.,Financial Services,2026-02-23,1400.0,1408.3,1395.3,1399.4,10728445
INE090A01021,ICICIBANK,ICICI Bank Ltd.,Financial Services,2026-02-24,1400.9,1400.9,1382.3,1384.8,18274784
INE090A01021,ICICIBANK,ICICI Bank Ltd.,Financial Services,2026-02-25,1391.8,1407.4,1388.2,1400.5,16297015
INE090A01021,ICICIBANK,ICICI Bank Ltd.,Financial Services,2026-02-26,1405.1,1410.0,1392.1,1404.9,27288792
INE090A01021,ICICIBANK,ICICI Bank Ltd.,Financial Services,2026-02-27,1400.0,1402.2,1376.7,1378.9,15096898
INE090A01021,ICICIBANK,ICICI Bank Ltd.,Financial Services,2026-03-02,1355.0,1379.2,1355.0,1374.0,16928683
INE090A01021,ICICIBANK,ICICI Bank Ltd.,Financial Services,2026-03-04,1326.0,1376.0,1326.0,1365.4,20009132
INE090A01021,ICICIBANK,ICICI Bank Ltd.,Financial Services,2026-03-05,1368.9,1370.8,1347.6,1357.6,17590491
INE090A01021,ICICIBANK,ICICI Bank Ltd.,Financial Services,2026-03-06,1339.0,1357.6,1310.4,1313.4,22778852
INE090A01021,ICICIBANK,ICICI Bank Ltd.,Financial Services,2026-03-09,1272.7,1282.7,1251.1,1278.4,16116652
INE090A01021,ICICIBANK,ICICI Bank Ltd.,Financial Services,2026-03-10,1287.6,1315.0,1285.6,1311.9,19136143
INE090A01021,ICICIBANK,ICICI Bank Ltd.,Financial Services,2026-03-11,1300.0,1306.5,1290.9,1294.6,13224259
INE090A01021,ICICIBANK,ICICI Bank Ltd.,Financial Services,2026-03-12,1275.7,1280.5,1258.3,1266.5,19676187
INE090A01021,ICICIBANK,ICICI Bank Ltd.,Financial Services,2026-03-13,1251.9,1262.3,1248.7,1254.8,17344394
INE090A01021,ICICIBANK,ICICI Bank Ltd.,Financial Services,2026-03-16,1255.0,1276.8,1240.1,1272.9,22740688
INE090A01021,ICICIBANK,ICICI Bank Ltd.,Financial Services,2026-03-17,1278.9,1294.4,1273.0,1288.7,22303102
INE090A01021,ICICIBANK,ICICI Bank Ltd.,Financial Services,2026-03-18,1286.0,1297.1,1270.8,1289.3,12961135
INE090A01021,ICICIBANK,ICICI Bank Ltd.,Financial Services,2026-03-19,1267.6,1285.9,1243.7,1250.1,14422899
INE090A01021,ICICIBANK,ICICI Bank Ltd.,Financial Services,2026-03-20,1258.4,1274.0,1241.7,1245.4,16421006
INE090A01021,ICICIBANK,ICICI Bank Ltd.,Financial Services,2026-03-23,1226.6,1234.9,1218.1,1222.7,17049534
INE090A01021,ICICIBANK,ICICI Bank Ltd.,Financial Services,2026-03-24,1237.1,1253.9,1223.7,1251.2,20617782
INE090A01021,ICICIBANK,ICICI Bank Ltd.,Financial Services,2026-03-25,1258.9,1272.9,1254.4,1259.7,17290030
INE090A01021,ICICIBANK,ICICI Bank Ltd.,Financial Services,2026-03-27,1256.0,1260.9,1230.1,1233.8,23630905
INE090A01021,ICICIBANK,ICICI Bank Ltd.,Financial Services,2026-03-30,1216.5,1222.6,1200.4,1205.9,23952775
INE090A01021,ICICIBANK,ICICI Bank Ltd.,Financial Services,2026-04-01,1228.1,1234.0,1210.0,1212.7,25472333
INE090A01021,ICICIBANK,ICICI Bank Ltd.,Financial Services,2026-04-02,1196.0,1222.1,1187.6,1215.8,20851722
INE090A01021,ICICIBANK,ICICI Bank Ltd.,Financial Services,2026-04-06,1213.0,1234.4,1200.5,1231.4,10058414
INE090A01021,ICICIBANK,ICICI Bank Ltd.,Financial Services,2026-04-07,1229.0,1250.4,1216.6,1245.5,25600557
INE090A01021,ICICIBANK,ICICI Bank Ltd.,Financial Services,2026-04-08,1310.0,1333.5,1292.4,1309.2,25148651
INE090A01021,ICICIBANK,ICICI Bank Ltd.,Financial Services,2026-04-09,1299.9,1308.0,1275.9,1281.3,22923062
INE090A01021,ICICIBANK,ICICI Bank Ltd.,Financial Services,2026-04-10,1289.0,1324.0,1288.5,1321.9,18174755
INE090A01021,ICICIBANK,ICICI Bank Ltd.,Financial Services,2026-04-13,1304.9,1357.0,1296.7,1351.1,30572141
INE090A01021,ICICIBANK,ICICI Bank Ltd.,Financial Services,2026-04-15,1358.0,1364.8,1338.0,1348.1,23827473
INE090A01021,ICICIBANK,ICICI Bank Ltd.,Financial Services,2026-04-16,1352.0,1366.9,1340.2,1345.5,24017236
INE090A01021,ICICIBANK,ICICI Bank Ltd.,Financial Services,2026-04-17,1347.0,1352.9,1334.0,1346.8,18151993
INE090A01021,ICICIBANK,ICICI Bank Ltd.,Financial Services,2026-04-20,1364.7,1376.4,1353.0,1356.2,21551520
INE090A01021,ICICIBANK,ICICI Bank Ltd.,Financial Services,2026-04-21,1368.0,1393.1,1360.0,1388.4,23312455
INE090A01021,ICICIBANK,ICICI Bank Ltd.,Financial Services,2026-04-22,1380.0,1380.1,1365.0,1367.6,13613487
INE090A01021,ICICIBANK,ICICI Bank Ltd.,Financial Services,2026-04-23,1348.4,1354.0,1343.5,1348.0,20111792
INE090A01021,ICICIBANK,ICICI Bank Ltd.,Financial Services,2026-04-24,1336.3,1348.8,1324.0,1326.2,14056743
INE090A01021,ICICIBANK,ICICI Bank Ltd.,Financial Services,2026-04-27,1327.9,1335.9,1310.9,1314.1,15385625
INE090A01021,ICICIBANK,ICICI Bank Ltd.,Financial Services,2026-04-28,1314.3,1317.7,1286.7,1292.0,16774778
INE090A01021,ICICIBANK,ICICI Bank Ltd.,Financial Services,2026-04-29,1294.7,1296.8,1276.2,1281.0,11716030
INE090A01021,ICICIBANK,ICICI Bank Ltd.,Financial Services,2026-04-30,1261.0,1272.2,1259.0,1263.4,17740110
INE090A01021,ICICIBANK,ICICI Bank Ltd.,Financial Services,2026-05-01,1263.4,1263.4,1263.4,1263.4,0
INE090A01021,ICICIBANK,ICICI Bank Ltd.,Financial Services,2026-05-04,1264.3,1282.2,1264.3,1270.8,14597051
INE090A01021,ICICIBANK,ICICI Bank Ltd.,Financial Services,2026-05-05,1264.0,1266.7,1245.5,1251.3,24447935
INE090A01021,ICICIBANK,ICICI Bank Ltd.,Financial Services,2026-05-06,1262.0,1282.8,1252.1,1279.5,22909586
INE090A01021,ICICIBANK,ICICI Bank Ltd.,Financial Services,2026-05-07,1284.7,1294.0,1273.2,1279.0,25028552
INE090A01021,ICICIBANK,ICICI Bank Ltd.,Financial Services,2026-05-08,1279.6,1279.6,1261.2,1264.8,11137424
INE090A01021,ICICIBANK,ICICI Bank Ltd.,Financial Services,2026-05-11,1259.4,1275.7,1252.0,1266.4,18980488
INE090A01021,ICICIBANK,ICICI Bank Ltd.,Financial Services,2026-05-12,1256.0,1259.9,1236.3,1240.3,21110708
INE090A01021,ICICIBANK,ICICI Bank Ltd.,Financial Services,2026-05-13,1238.3,1249.2,1227.2,1235.6,19490295
INE090A01021,ICICIBANK,ICICI Bank Ltd.,Financial Services,2026-05-14,1239.1,1256.7,1236.0,1246.0,16535600
INE090A01021,ICICIBANK,ICICI Bank Ltd.,Financial Services,2026-05-15,1246.6,1258.0,1242.0,1244.5,11745614
INE090A01021,ICICIBANK,ICICI Bank Ltd.,Financial Services,2026-05-18,1235.5,1253.7,1232.0,1251.1,13918850
INE090A01021,ICICIBANK,ICICI Bank Ltd.,Financial Services,2026-05-19,1251.1,1256.3,1229.8,1240.8,38929053
INE090A01021,ICICIBANK,ICICI Bank Ltd.,Financial Services,2026-05-20,1230.0,1239.7,1223.3,1237.3,14953103
INE090A01021,ICICIBANK,ICICI Bank Ltd.,Financial Services,2026-05-21,1245.3,1248.3,1234.4,1242.8,14394386
INE090A01021,ICICIBANK,ICICI Bank Ltd.,Financial Services,2026-05-22,1242.0,1270.8,1242.0,1264.3,11601085
INE090A01021,ICICIBANK,ICICI Bank Ltd.,Financial Services,2026-05-25,1271.0,1293.5,1270.9,1291.8,13853923
INE090A01021,ICICIBANK,ICICI Bank Ltd.,Financial Services,2026-05-26,1290.0,1301.8,1276.2,1279.1,18400405
INE090A01021,ICICIBANK,ICICI Bank Ltd.,Financial Services,2026-05-27,1286.0,1293.4,1266.7,1272.7,18366272
INE090A01021,ICICIBANK,ICICI Bank Ltd.,Financial Services,2026-05-28,1272.7,1272.7,1272.7,1272.7,0
INE090A01021,ICICIBANK,ICICI Bank Ltd.,Financial Services,2026-05-29,1275.1,1287.8,1247.9,1256.4,31007884
INE090A01021,ICICIBANK,ICICI Bank Ltd.,Financial Services,2026-06-01,1257.1,1261.9,1235.9,1239.7,9911975
INE090A01021,ICICIBANK,ICICI Bank Ltd.,Financial Services,2026-06-02,1233.0,1237.7,1220.7,1226.6,17920892
INE090A01021,ICICIBANK,ICICI Bank Ltd.,Financial Services,2026-06-03,1219.9,1248.3,1213.7,1242.0,13934754
INE090A01021,ICICIBANK,ICICI Bank Ltd.,Financial Services,2026-06-04,1232.2,1262.3,1232.2,1251.7,19461560
INE090A01021,ICICIBANK,ICICI Bank Ltd.,Financial Services,2026-06-05,1257.0,1265.0,1250.0,1262.1,10166393
INE090A01021,ICICIBANK,ICICI Bank Ltd.,Financial Services,2026-06-08,1246.4,1254.0,1243.1,1250.2,10714196
INE090A01021,ICICIBANK,ICICI Bank Ltd.,Financial Services,2026-06-09,1255.0,1279.9,1252.7,1275.0,22368579
INE090A01021,ICICIBANK,ICICI Bank Ltd.,Financial Services,2026-06-10,1271.3,1306.0,1271.3,1293.3,25951584
INE090A01021,ICICIBANK,ICICI Bank Ltd.,Financial Services,2026-06-11,1286.5,1333.0,1286.5,1317.0,35919374
INE090A01021,ICICIBANK,ICICI Bank Ltd.,Financial Services,2026-06-12,1330.0,1344.3,1318.7,1340.8,18339846
INE090A01021,ICICIBANK,ICICI Bank Ltd.,Financial Services,2026-06-15,1354.6,1362.7,1325.3,1327.6,16172921
INE090A01021,ICICIBANK,ICICI Bank Ltd.,Financial Services,2026-06-16,1331.9,1337.3,1326.3,1334.3,13069159
INE090A01021,ICICIBANK,ICICI Bank Ltd.,Financial Services,2026-06-17,1342.0,1346.0,1333.4,1336.8,8026424
INE090A01021,ICICIBANK,ICICI Bank Ltd.,Financial Services,2026-06-18,1333.6,1346.9,1331.4,1342.3,13467985
INE090A01021,ICICIBANK,ICICI Bank Ltd.,Financial Services,2026-06-19,1340.5,1352.3,1332.0,1346.5,9057322
INE090A01021,ICICIBANK,ICICI Bank Ltd.,Financial Services,2026-06-22,1353.0,1362.7,1348.4,1352.4,4814845
INE090A01021,ICICIBANK,ICICI Bank Ltd.,Financial Services,2026-06-23,1358.0,1369.1,1331.5,1338.3,11884879
INE090A01021,ICICIBANK,ICICI Bank Ltd.,Financial Services,2026-06-24,1340.6,1377.6,1340.6,1373.6,16440708
INE090A01021,ICICIBANK,ICICI Bank Ltd.,Financial Services,2026-06-25,1381.9,1404.0,1380.1,1387.5,17173209
INE090A01021,ICICIBANK,ICICI Bank Ltd.,Financial Services,2026-06-26,1387.5,1387.5,1387.5,1387.5,0
INE090A01021,ICICIBANK,ICICI Bank Ltd.,Financial Services,2026-06-29,1390.0,1402.0,1383.2,1387.6,13249405
INE090A01021,ICICIBANK,ICICI Bank Ltd.,Financial Services,2026-06-30,1402.0,1402.0,1366.1,1375.2,18398057
INE090A01021,ICICIBANK,ICICI Bank Ltd.,Financial Services,2026-07-01,1371.4,1385.1,1367.7,1379.8,11948034
INE090A01021,ICICIBANK,ICICI Bank Ltd.,Financial Services,2026-07-02,1381.9,1405.0,1376.8,1400.0,15779429
INE090A01021,ICICIBANK,ICICI Bank Ltd.,Financial Services,2026-07-03,1414.0,1420.0,1405.9,1411.4,12901785
INE090A01021,ICICIBANK,ICICI Bank Ltd.,Financial Services,2026-07-06,1412.0,1431.6,1411.6,1426.9,12306949
INE090A01021,ICICIBANK,ICICI Bank Ltd.,Financial Services,2026-07-07,1431.6,1433.0,1410.0,1414.7,15664178
INE090A01021,ICICIBANK,ICICI Bank Ltd.,Financial Services,2026-07-08,1410.3,1418.3,1375.9,1380.6,10573142
INE090A01021,ICICIBANK,ICICI Bank Ltd.,Financial Services,2026-07-09,1382.9,1403.6,1377.3,1380.7,13948838
INE090A01021,ICICIBANK,ICICI Bank Ltd.,Financial Services,2026-07-10,1389.7,1408.2,1389.6,1401.2,6409645
INE090A01021,ICICIBANK,ICICI Bank Ltd.,Financial Services,2026-07-13,1393.5,1413.0,1386.3,1409.5,10091437
INE090A01021,ICICIBANK,ICICI Bank Ltd.,Financial Services,2026-07-14,1400.0,1411.8,1392.0,1407.7,14133017
INE090A01021,ICICIBANK,ICICI Bank Ltd.,Financial Services,2026-07-15,1412.9,1428.0,1409.2,1416.2,12961648
INE090A01021,ICICIBANK,ICICI Bank Ltd.,Financial Services,2026-07-16,1420.1,1423.7,1406.2,1418.2,10165264
INE090A01021,ICICIBANK,ICICI Bank Ltd.,Financial Services,2026-07-17,1422.1,1455.1,1419.7,1444.3,11112550
INE090A01021,ICICIBANK,ICICI Bank Ltd.,Financial Services,2026-07-20,1444.5,1480.0,1439.5,1460.2,22236415
INE090A01021,ICICIBANK,ICICI Bank Ltd.,Financial Services,2026-07-21,1470.0,1473.9,1456.6,1463.1,18269907
INE090A01021,ICICIBANK,ICICI Bank Ltd.,Financial Services,2026-07-22,1466.4,1466.4,1438.4,1440.7,8345136
INE090A01021,ICICIBANK,ICICI Bank Ltd.,Financial Services,2026-07-23,1432.5,1446.0,1426.6,1434.6,12409328
INE090A01021,ICICIBANK,ICICI Bank Ltd.,Financial Services,2026-07-24,1428.0,1440.0,1415.4,1432.9,10870914
INE090A01021,ICICIBANK,ICICI Bank Ltd.,Financial Services,2026-07-27,1435.7,1449.0,1428.8,1445.7,10608300
INE090A01021,ICICIBANK,ICICI Bank Ltd.,Financial Services,2026-07-28,1442.3,1445.9,1417.6,1430.8,19486209
INE090A01021,ICICIBANK,ICICI Bank Ltd.,Financial Services,2026-07-29,1442.5,1448.5,1428.5,1437.9,10856166
INE090A01021,ICICIBANK,ICICI Bank Ltd.,Financial Services,2026-07-30,1431.1,1442.2,1422.6,1433.9,14141173
INE090A01021,ICICIBANK,ICICI Bank Ltd.,Financial Services,2026-07-31,1434.3,1441.9,1431.4,1435.4,8752440
INE090A01021,ICICIBANK,ICICI Bank Ltd.,Financial Services,2026-08-03,1442.0,1460.0,1433.0,1460.0,7706747
INE090A01021,ICICIBANK,ICICI Bank Ltd.,Financial Services,2026-08-04,1452.0,1454.6,1430.8,1454.6,11458963
INE090A01021,ICICIBANK,ICICI Bank Ltd.,Financial Services,2026-08-05,1454.6,1454.6,1431.2,1450.1,11723296
INE090A01021,ICICIBANK,ICICI Bank Ltd.,Financial Services,2026-08-06,1460.0,1460.0,1448.3,1457.5,14954726
INE090A01021,ICICIBANK,ICICI Bank Ltd.,Financial Services,2026-08-07,1451.0,1455.0,1418.2,1421.0,14395789
INE090A01021,ICICIBANK,ICICI Bank Ltd.,Financial Services,2026-08-10,1428.1,1441.9,1415.5,1431.8,12749354
INE090A01021,ICICIBANK,ICICI Bank Ltd.,Financial Services,2026-08-11,1432.1,1434.0,1412.2,1429.6,10471914
INE090A01021,ICICIBANK,ICICI Bank Ltd.,Financial Services,2026-08-12,1429.4,1435.0,1418.6,1431.7,8201733
INE090A01021,ICICIBANK,ICICI Bank Ltd.,Financial Services,2026-08-13,1429.0,1429.0,1406.4,1406.8,11408206
INE090A01021,ICICIBANK,ICICI Bank Ltd.,Financial Services,2026-08-14,1403.0,1417.8,1401.0,1417.0,6097934
INE090A01021,ICICIBANK,ICICI Bank Ltd.,Financial Services,2026-08-17,1418.0,1423.6,1407.0,1415.3,5605603
INE090A01021,ICICIBANK,ICICI Bank Ltd.,Financial Services,2026-08-18,1410.0,1416.6,1406.3,1412.0,8345198
INE090A01021,ICICIBANK,ICICI Bank Ltd.,Financial Services,2026-08-19,1412.0,1416.0,1391.5,1402.0,10304210
INE090A01021,ICICIBANK,ICICI Bank Ltd.,Financial Services,2026-08-20,1407.8,1413.0,1403.3,1411.9,8425049
INE090A01021,ICICIBANK,ICICI Bank Ltd.,Financial Services,2026-08-21,1417.0,1420.0,1411.2,1420.0,4565280
INE090A01021,ICICIBANK,ICICI Bank Ltd.,Financial Services,2026-08-24,1420.5,1425.5,1408.7,1415.0,5307113
INE090A01021,ICICIBANK,ICICI Bank Ltd.,Financial Services,2026-08-25,1408.0,1424.9,1408.0,1422.7,7983249
INE090A01021,ICICIBANK,ICICI Bank Ltd.,Financial Services,2026-08-26,1423.1,1446.0,1423.1,1430.0,4177066
INE090A01021,ICICIBANK,ICICI Bank Ltd.,Financial Services,2026-08-27,1445.0,1453.8,1433.1,1443.0,11539716
INE090A01021,ICICIBANK,ICICI Bank Ltd.,Financial Services,2026-08-28,1435.0,1439.8,1418.9,1422.8,8625738
INE090A01021,ICICIBANK,ICICI Bank Ltd.,Financial Services,2026-08-31,1422.8,1454.0,1419.0,1454.0,15331697
INE090A01021,ICICIBANK,ICICI Bank Ltd.,Financial Services,2026-09-01,1442.9,1446.7,1422.8,1438.0,10627608
INE090A01021,ICICIBANK,ICICI Bank Ltd.,Financial Services,2026-09-02,1425.1,1436.0,1420.7,1426.5,8515824
INE090A01021,ICICIBANK,ICICI Bank Ltd.,Financial Services,2026-09-03,1438.3,1452.0,1430.0,1430.0,10503351
INE090A01021,ICICIBANK,ICICI Bank Ltd.,Financial Services,2026-09-04,1432.1,1438.3,1421.4,1423.2,6693889
INE090A01021,ICICIBANK,ICICI Bank Ltd.,Financial Services,2026-09-07,1428.0,1434.4,1422.6,1427.5,8035111
INE090A01021,ICICIBANK,ICICI Bank Ltd.,Financial Services,2026-09-08,1424.0,1424.9,1396.3,1399.4,12123411
INE090A01021,ICICIBANK,ICICI Bank Ltd.,Financial Services,2026-09-09,1395.9,1402.5,1385.5,1389.1,14229080
INE090A01021,ICICIBANK,ICICI Bank Ltd.,Financial Services,2026-09-10,1385.9,1393.0,1373.9,1384.5,10580641
INE090A01021,ICICIBANK,ICICI Bank Ltd.,Financial Services,2026-09-11,1371.6,1389.0,1367.6,1379.3,7064417
INE090A01021,ICICIBANK,ICICI Bank Ltd.,Financial Services,2026-09-14,1379.3,1379.3,1379.3,1379.3,0
INE090A01021,ICICIBANK,ICICI Bank Ltd.,Financial Services,2026-09-15,1379.3,1390.0,1350.4,1350.4,10133488
INE090A01021,ICICIBANK,ICICI Bank Ltd.,Financial Services,2026-09-16,1359.0,1361.4,1348.0,1358.8,9625762
INE090A01021,ICICIBANK,ICICI Bank Ltd.,Financial Services,2026-09-17,1352.0,1363.0,1347.6,1347.6,7867524
INE090A01021,ICICIBANK,ICICI Bank Ltd.,Financial Services,2026-09-18,1351.9,1359.8,1338.9,1338.9,7509409
INE090A01021,ICICIBANK,ICICI Bank Ltd.,Financial Services,2026-09-21,1347.8,1352.0,1340.4,1345.0,5705598
INE090A01021,ICICIBANK,ICICI Bank Ltd.,Financial Services,2026-09-22,1343.0,1347.2,1333.8,1339.6,6433249
INE090A01021,ICICIBANK,ICICI Bank Ltd.,Financial Services,2026-09-23,1339.9,1344.5,1333.5,1340.0,4758314
INE090A01021,ICICIBANK,ICICI Bank Ltd.,Financial Services,2026-09-24,1333.1,1347.8,1330.1,1334.5,8653920
INE090A01021,ICICIBANK,ICICI Bank Ltd.,Financial Services,2026-09-25,1332.9,1340.8,1312.0,1326.8,10841310
INE090A01021,ICICIBANK,ICICI Bank Ltd.,Financial Services,2026-09-28,1321.1,1323.8,1300.0,1302.0,6327946
INE090A01021,ICICIBANK,ICICI Bank Ltd.,Financial Services,2026-09-29,1295.7,1304.8,1291.0,1292.2,14811396
INE090A01021,ICICIBANK,ICICI Bank Ltd.,Financial Services,2026-09-30,1295.3,1337.0,1295.3,1321.7,14095232
INE090A01021,ICICIBANK,ICICI Bank Ltd.,Financial Services,2026-10-01,1316.0,1329.9,1308.4,1310.6,13163495
INE090A01021,ICICIBANK,ICICI Bank Ltd.,Financial Services,2026-10-02,1310.6,1310.6,1310.6,1310.6,0
INE090A01021,ICICIBANK,ICICI Bank Ltd.,Financial Services,2026-10-05,1311.0,1334.7,1303.7,1332.0,13223493
INE090A01021,ICICIBANK,ICICI Bank Ltd.,Financial Services,2026-10-06,1330.1,1343.5,1327.9,1342.8,12201451
INE090A01021,ICICIBANK,ICICI Bank Ltd.,Financial Services,2026-10-07,1343.0,1360.0,1329.9,1357.5,14774121
INE009A01021,INFY,Infosys Ltd.,Information Technology,2024-10-08,1937.9,1957.95,1906.35,1948.55,5637391
INE009A01021,INFY,Infosys Ltd.,Information Technology,2024-10-09,1952.55,1977.0,1945.1,1952.75,4857163
INE009A01021,INFY,Infosys Ltd.,Information Technology,2024-10-10,1957.9,1964.0,1914.1,1919.0,4782119
INE009A01021,INFY,Infosys Ltd.,Information Technology,2024-10-11,1918.0,1947.0,1910.1,1935.1,4709431
INE009A01021,INFY,Infosys Ltd.,Information Technology,2024-10-14,1932.15,1969.5,1931.1,1958.9,3751378
INE009A01021,INFY,Infosys Ltd.,Information Technology,2024-10-15,1960.0,1991.45,1951.75,1959.3,5353705
INE009A01021,INFY,Infosys Ltd.,Information Technology,2024-10-16,1955.0,1959.55,1916.35,1920.1,3111512
INE009A01021,INFY,Infosys Ltd.,Information Technology,2024-10-17,1935.2,1978.0,1930.15,1968.1,8162822
INE009A01021,INFY,Infosys Ltd.,Information Technology,2024-10-18,1893.8,1936.85,1869.25,1879.6,10526196
INE009A01021,INFY,Infosys Ltd.,Information Technology,2024-10-21,1891.1,1898.8,1838.0,1852.75,4654601
INE009A01021,INFY,Infosys Ltd.,Information Technology,2024-10-22,1858.2,1877.8,1846.95,1851.6,4125240
INE009A01021,INFY,Infosys Ltd.,Information Technology,2024-10-23,1845.25,1886.0,1844.0,1873.4,4311910
INE009A01021,INFY,Infosys Ltd.,Information Technology,2024-10-24,1861.4,1884.0,1860.0,1863.35,2906475
INE009A01021,INFY,Infosys Ltd.,Information Technology,2024-10-25,1863.45,1876.35,1846.4,1862.05,4689120
INE009A01021,INFY,Infosys Ltd.,Information Technology,2024-10-28,1859.7,1881.9,1857.0,1865.35,7018940
INE009A01021,INFY,Infosys Ltd.,Information Technology,2024-10-29,1846.0,1851.6,1829.0,1839.3,4621252
INE009A01021,INFY,Infosys Ltd.,Information Technology,2024-10-30,1832.0,1839.0,1796.35,1802.1,5919715
INE009A01021,INFY,Infosys Ltd.,Information Technology,2024-10-31,1787.9,1787.9,1746.5,1757.25,7395236
INE009A01021,INFY,Infosys Ltd.,Information Technology,2024-11-01,1764.5,1766.0,1752.05,1760.85,371966
INE009A01021,INFY,Infosys Ltd.,Information Technology,2024-11-04,1724.5,1767.0,1718.0,1763.65,7336722
INE009A01021,INFY,Infosys Ltd.,Information Technology,2024-11-05,1760.0,1768.45,1745.0,1754.2,3160880
INE009A01021,INFY,Infosys Ltd.,Information Technology,2024-11-06,1764.0,1827.2,1762.65,1823.7,10421494
INE009A01021,INFY,Infosys Ltd.,Information Technology,2024-11-07,1812.95,1825.7,1787.0,1803.05,4550965
INE009A01021,INFY,Infosys Ltd.,Information Technology,2024-11-08,1818.0,1840.6,1813.15,1829.95,4210960
INE009A01021,INFY,Infosys Ltd.,Information Technology,2024-11-11,1829.0,1868.0,1822.55,1860.1,3804234
INE009A01021,INFY,Infosys Ltd.,Information Technology,2024-11-12,1871.1,1881.0,1861.0,1868.8,5012450
INE009A01021,INFY,Infosys Ltd.,Information Technology,2024-11-13,1861.1,1873.2,1856.3,1868.4,4257495
INE009A01021,INFY,Infosys Ltd.,Information Technology,2024-11-14,1865.6,1876.0,1856.0,1864.55,4311431
INE009A01021,INFY,Infosys Ltd.,Information Technology,2024-11-18,1849.2,1849.2,1795.0,1811.45,4839244
INE009A01021,INFY,Infosys Ltd.,Information Technology,2024-11-19,1825.5,1859.7,1820.55,1824.75,4669769
INE009A01021,INFY,Infosys Ltd.,Information Technology,2024-11-21,1842.0,1867.0,1820.6,1834.05,5436504
INE009A01021,INFY,Infosys Ltd.,Information Technology,2024-11-22,1854.1,1914.05,1834.0,1902.25,6301486
INE009A01021,INFY,Infosys Ltd.,Information Technology,2024-11-25,1916.0,1919.3,1882.0,1889.7,12764638
INE009A01021,INFY,Infosys Ltd.,Information Technology,2024-11-26,1904.95,1938.6,1897.3,1924.15,6850495
INE009A01021,INFY,Infosys Ltd.,Information Technology,2024-11-27,1930.1,1941.4,1911.75,1924.5,4447143
INE009A01021,INFY,Infosys Ltd.,Information Technology,2024-11-28,1914.9,1914.9,1851.65,1856.65,8468790
INE009A01021,INFY,Infosys Ltd.,Information Technology,2024-11-29,1851.1,1877.0,1845.0,1857.85,5244346
INE009A01021,INFY,Infosys Ltd.,Information Technology,2024-12-02,1859.0,1882.8,1835.2,1879.8,2868263
INE009A01021,INFY,Infosys Ltd.,Information Technology,2024-12-03,1887.0,1899.75,1871.15,1892.1,4715792
INE009A01021,INFY,Infosys Ltd.,Information Technology,2024-12-04,1884.0,1913.95,1875.0,1889.25,4705573
INE009A01021,INFY,Infosys Ltd.,Information Technology,2024-12-05,1900.0,1949.9,1888.95,1934.85,9050038
INE009A01021,INFY,Infosys Ltd.,Information Technology,2024-12-06,1932.8,1937.95,1912.4,1922.4,3573331
INE009A01021,INFY,Infosys Ltd.,Information Technology,2024-12-09,1924.2,1930.2,1897.2,1923.65,4274645
INE009A01021,INFY,Infosys Ltd.,Information Technology,2024-12-10,1939.0,1965.6,1932.0,1948.55,6174921
INE009A01021,INFY,Infosys Ltd.,Information Technology,2024-12-11,1955.0,1978.0,1952.0,1974.15,5025612
INE009A01021,INFY,Infosys Ltd.,Information Technology,2024-12-12,1975.2,1998.8,1970.55,1987.0,6462130
INE009A01021,INFY,Infosys Ltd.,Information Technology,2024-12-13,1969.75,2006.45,1953.8,1999.7,5362693
INE009A01021,INFY,Infosys Ltd.,Information Technology,2024-12-16,1995.45,1999.6,1977.6,1980.05,3119221
INE009A01021,INFY,Infosys Ltd.,Information Technology,2024-12-17,1968.0,1982.0,1958.0,1976.6,5811050
INE009A01021,INFY,Infosys Ltd.,Information Technology,2024-12-18,1966.8,1984.95,1961.6,1979.15,3064095
INE009A01021,INFY,Infosys Ltd.,Information Technology,2024-12-19,1934.0,1959.75,1920.0,1946.2,5323592
INE009A01021,INFY,Infosys Ltd.,Information Technology,2024-12-20,1975.15,1979.95,1911.25,1922.15,11056720
INE009A01021,INFY,Infosys Ltd.,Information Technology,2024-12-23,1930.05,1940.0,1909.0,1924.3,2781793
INE009A01021,INFY,Infosys Ltd.,Information Technology,2024-12-24,1927.05,1942.0,1840.0,1909.05,2360544
INE009A01021,INFY,Infosys Ltd.,Information Technology,2024-12-26,1909.05,1919.75,1902.3,1907.4,3623321
INE009A01021,INFY,Infosys Ltd.,Information Technology,2024-12-27,1909.4,1924.15,1903.9,1916.75,3937500
INE009A01021,INFY,Infosys Ltd.,Information Technology,2024-12-30,1915.7,1916.0,1886.5,1906.0,7789055
INE009A01021,INFY,Infosys Ltd.,Information Technology,2024-12-31,1892.3,1897.0,1845.05,1880.0,3613063
INE009A01021,INFY,Infosys Ltd.,Information Technology,2025-01-01,1874.0,1892.95,1874.0,1882.5,1838368
INE009A01021,INFY,Infosys Ltd.,Information Technology,2025-01-02,1887.0,1962.65,1885.3,1957.85,7083645
INE009A01021,INFY,Infosys Ltd.,Information Technology,2025-01-03,1952.95,1952.95,1922.0,1938.75,6218003
INE009A01021,INFY,Infosys Ltd.,Information Technology,2025-01-06,1952.0,1973.0,1928.0,1937.85,7164403
INE009A01021,INFY,Infosys Ltd.,Information Technology,2025-01-07,1945.0,1958.55,1923.65,1930.85,4294832
INE009A01021,INFY,Infosys Ltd.,Information Technology,2025-01-08,1930.0,1938.6,1888.75,1933.15,5482050
INE009A01021,INFY,Infosys Ltd.,Information Technology,2025-01-09,1934.05,1951.85,1910.55,1917.3,6833503
INE009A01021,INFY,Infosys Ltd.,Information Technology,2025-01-10,1937.0,1977.8,1932.25,1966.95,8036913
INE009A01021,INFY,Infosys Ltd.,Information Technology,2025-01-13,1956.0,1982.8,1949.0,1962.2,5804152
INE009A01021,INFY,Infosys Ltd.,Information Technology,2025-01-14,1968.85,1971.8,1931.1,1940.05,5792162
INE009A01021,INFY,Infosys Ltd.,Information Technology,2025-01-15,1947.0,1958.05,1937.1,1949.65,2985439
INE009A01021,INFY,Infosys Ltd.,Information Technology,2025-01-16,1965.95,1966.95,1916.85,1928.45,7533579
INE009A01021,INFY,Infosys Ltd.,Information Technology,2025-01-17,1851.0,1858.0,1812.0,1815.45,16409953
INE009A01021,INFY,Infosys Ltd.,Information Technology,2025-01-20,1822.95,1827.95,1793.15,1813.3,4333011
INE009A01021,INFY,Infosys Ltd.,Information Technology,2025-01-21,1819.05,1831.65,1793.05,1800.7,7169109
INE009A01021,INFY,Infosys Ltd.,Information Technology,2025-01-22,1807.4,1865.8,1805.15,1856.45,8373913
INE009A01021,INFY,Infosys Ltd.,Information Technology,2025-01-23,1858.0,1879.55,1852.7,1865.45,5907471
INE009A01021,INFY,Infosys Ltd.,Information Technology,2025-01-24,1865.5,1894.9,1864.25,1875.45,4887027
INE009A01021,INFY,Infosys Ltd.,Information Technology,2025-01-27,1848.75,1863.0,1812.0,1822.0,7652371
INE009A01021,INFY,Infosys Ltd.,Information Technology,2025-01-28,1830.0,1863.5,1824.9,1829.75,6999495
INE009A01021,INFY,Infosys Ltd.,Information Technology,2025-01-29,1845.0,1888.65,1840.5,1881.25,5145155
INE009A01021,INFY,Infosys Ltd.,Information Technology,2025-01-30,1873.15,1887.2,1844.0,1859.95,7336056
INE009A01021,INFY,Infosys Ltd.,Information Technology,2025-01-31,1871.0,1897.45,1871.0,1879.8,5820470
INE009A01021,INFY,Infosys Ltd.,Information Technology,2025-02-01,1880.3,1890.6,1846.0,1851.35,1701402
INE009A01021,INFY,Infosys Ltd.,Information Technology,2025-02-03,1836.0,1876.55,1832.4,1863.3,4823228
INE009A01021,INFY,Infosys Ltd.,Information Technology,2025-02-04,1889.0,1911.2,1875.0,1898.8,7334787
INE009A01021,INFY,Infosys Ltd.,Information Technology,2025-02-05,1906.0,1919.7,1894.3,1897.05,4996744
INE009A01021,INFY,Infosys Ltd.,Information Technology,2025-02-06,1917.0,1924.0,1900.0,1915.65,4765255
INE009A01021,INFY,Infosys Ltd.,Information Technology,2025-02-07,1919.3,1923.7,1889.45,1903.65,4126260
INE009A01021,INFY,Infosys Ltd.,Information Technology,2025-02-10,1905.0,1905.0,1878.6,1880.3,3828734
INE009A01021,INFY,Infosys Ltd.,Information Technology,2025-02-11,1883.1,1903.0,1870.0,1875.65,4411601
INE009A01021,INFY,Infosys Ltd.,Information Technology,2025-02-12,1885.0,1894.6,1847.0,1863.15,5633947
INE009A01021,INFY,Infosys Ltd.,Information Technology,2025-02-13,1868.5,1873.5,1835.65,1843.25,5237744
INE009A01021,INFY,Infosys Ltd.,Information Technology,2025-02-14,1854.0,1859.3,1828.35,1856.4,5292961
INE009A01021,INFY,Infosys Ltd.,Information Technology,2025-02-17,1838.55,1852.75,1822.15,1842.3,4428956
INE009A01021,INFY,Infosys Ltd.,Information Technology,2025-02-18,1842.3,1861.65,1837.6,1851.95,4365260
INE009A01021,INFY,Infosys Ltd.,Information Technology,2025-02-19,1847.4,1849.2,1805.9,1810.8,4611411
INE009A01021,INFY,Infosys Ltd.,Information Technology,2025-02-20,1805.55,1831.0,1805.55,1825.15,2218020
INE009A01021,INFY,Infosys Ltd.,Information Technology,2025-02-21,1821.8,1829.85,1806.2,1815.0,3379879
INE009A01021,INFY,Infosys Ltd.,Information Technology,2025-02-24,1800.05,1808.0,1750.25,1764.1,7594720
INE009A01021,INFY,Infosys Ltd.,Information Technology,2025-02-25,1745.15,1778.45,1745.15,1767.7,5092963
INE009A01021,INFY,Infosys Ltd.,Information Technology,2025-02-27,1755.2,1775.85,1751.1,1764.3,5757079
INE009A01021,INFY,Infosys Ltd.,Information Technology,2025-02-28,1755.05,1755.1,1682.45,1687.7,12182167
INE009A01021,INFY,Infosys Ltd.,Information Technology,2025-03-03,1692.3,1728.6,1692.3,1708.6,7504969
INE009A01021,INFY,Infosys Ltd.,Information Technology,2025-03-04,1695.0,1699.0,1670.0,1688.3,6759673
INE009A01021,INFY,Infosys Ltd.,Information Technology,2025-03-05,1692.45,1732.95,1692.45,1711.5,8180782
INE009A01021,INFY,Infosys Ltd.,Information Technology,2025-03-06,1715.0,1722.3,1691.1,1715.85,10610547
INE009A01021,INFY,Infosys Ltd.,Information Technology,2025-03-07,1703.1,1705.0,1675.5,1686.0,8019331
INE009A01021,INFY,Infosys Ltd.,Information Technology,2025-03-10,1686.0,1719.0,1676.2,1701.45,7558981
INE009A01021,INFY,Infosys Ltd.,Information Technology,2025-03-11,1680.0,1680.0,1637.05,1661.6,12671234
INE009A01021,INFY,Infosys Ltd.,Information Technology,2025-03-12,1636.9,1636.9,1563.8,1590.85,14870008
INE009A01021,INFY,Infosys Ltd.,Information Technology,2025-03-13,1599.25,1606.05,1570.3,1579.85,7822888
INE009A01021,INFY,Infosys Ltd.,Information Technology,2025-03-17,1545.15,1594.0,1545.15,1590.05,7526032
INE009A01021,INFY,Infosys Ltd.,Information Technology,2025-03-18,1590.05,1590.05,1590.05,1590.05,0
INE009A01021,INFY,Infosys Ltd.,Information Technology,2025-03-19,1603.0,1603.0,1572.8,1586.55,7387068
INE009A01021,INFY,Infosys Ltd.,Information Technology,2025-03-20,1592.0,1631.9,1592.0,1615.55,7186750
INE009A01021,INFY,Infosys Ltd.,Information Technology,2025-03-21,1577.95,1603.9,1563.65,1592.55,10074677
INE009A01021,INFY,Infosys Ltd.,Information Technology,2025-03-24,1597.95,1607.1,1572.7,1592.75,8857726
INE009A01021,INFY,Infosys Ltd.,Information Technology,2025-03-25,1605.0,1636.15,1605.0,1628.45,9890140
INE009A01021,INFY,Infosys Ltd.,Information Technology,2025-03-26,1626.0,1637.75,1595.0,1599.45,6651302
INE009A01021,INFY,Infosys Ltd.,Information Technology,2025-03-27,1595.55,1619.95,1586.0,1603.55,9426573
INE009A01021,INFY,Infosys Ltd.,Information Technology,2025-03-28,1590.0,1598.45,1560.0,1570.65,6799047
INE009A01021,INFY,Infosys Ltd.,Information Technology,2025-04-01,1539.25,1547.4,1517.85,1526.5,12680733
INE009A01021,INFY,Infosys Ltd.,Information Technology,2025-04-02,1535.2,1555.65,1535.2,1550.15,6193478
INE009A01021,INFY,Infosys Ltd.,Information Technology,2025-04-03,1534.65,1534.65,1485.05,1496.5,10459504
INE009A01021,INFY,Infosys Ltd.,Information Technology,2025-04-04,1460.5,1472.0,1448.0,1451.65,9590254
INE009A01021,INFY,Infosys Ltd.,Information Technology,2025-04-07,1352.0,1405.9,1307.0,1396.75,21715252
INE009A01021,INFY,Infosys Ltd.,Information Technology,2025-04-08,1431.0,1456.5,1415.0,1428.8,12805001
INE009A01021,INFY,Infosys Ltd.,Information Technology,2025-04-09,1405.05,1409.45,1381.9,1403.7,8546854
INE009A01021,INFY,Infosys Ltd.,Information Technology,2025-04-11,1411.25,1438.8,1397.05,1409.45,12567440
INE009A01021,INFY,Infosys Ltd.,Information Technology,2025-04-15,1445.6,1447.7,1409.0,1426.0,10178530
INE009A01021,INFY,Infosys Ltd.,Information Technology,2025-04-16,1425.0,1427.5,1396.8,1413.1,12022740
INE009A01021,INFY,Infosys Ltd.,Information Technology,2025-04-17,1398.0,1429.8,1378.3,1419.5,14264227
INE009A01021,INFY,Infosys Ltd.,Information Technology,2025-04-21,1410.0,1471.8,1410.0,1451.0,15648970
INE009A01021,INFY,Infosys Ltd.,Information Technology,2025-04-22,1440.0,1440.0,1419.3,1422.8,9399738
INE009A01021,INFY,Infosys Ltd.,Information Technology,2025-04-23,1446.0,1487.8,1439.6,1474.9,11136642
INE009A01021,INFY,Infosys Ltd.,Information Technology,2025-04-24,1469.9,1482.9,1461.5,1471.4,7114292
INE009A01021,INFY,Infosys Ltd.,Information Technology,2025-04-25,1475.5,1501.7,1463.5,1480.2,8329979
INE009A01021,INFY,Infosys Ltd.,Information Technology,2025-04-28,1480.2,1489.6,1465.3,1482.1,5886253
INE009A01021,INFY,Infosys Ltd.,Information Technology,2025-04-29,1482.0,1509.8,1474.1,1497.5,8056743
INE009A01021,INFY,Infosys Ltd.,Information Technology,2025-04-30,1496.8,1508.8,1482.6,1500.1,7704183
INE009A01021,INFY,Infosys Ltd.,Information Technology,2025-05-02,1499.7,1523.2,1496.2,1506.9,7402310
INE009A01021,INFY,Infosys Ltd.,Information Technology,2025-05-05,1515.0,1523.0,1502.8,1508.6,4282493
INE009A01021,INFY,Infosys Ltd.,Information Technology,2025-05-06,1506.0,1515.6,1499.1,1511.5,4270530
INE009A01021,INFY,Infosys Ltd.,Information Technology,2025-05-07,1500.0,1518.8,1496.6,1508.3,5691799
INE009A01021,INFY,Infosys Ltd.,Information Technology,2025-05-08,1508.0,1516.5,1501.2,1511.4,8424409
INE009A01021,INFY,Infosys Ltd.,Information Technology,2025-05-09,1500.7,1511.4,1494.1,1507.6,4478653
INE009A01021,INFY,Infosys Ltd.,Information Technology,2025-05-12,1537.0,1632.0,1532.0,1626.9,11372857
INE009A01021,INFY,Infosys Ltd.,Information Technology,2025-05-13,1609.0,1612.2,1564.6,1568.6,12846210
INE009A01021,INFY,Infosys Ltd.,Information Technology,2025-05-14,1574.0,1595.0,1569.5,1592.4,4870057
INE009A01021,INFY,Infosys Ltd.,Information Technology,2025-05-15,1589.8,1618.6,1571.0,1613.0,11151167
INE009A01021,INFY,Infosys Ltd.,Information Technology,2025-05-16,1612.6,1612.6,1581.5,1589.9,4576751
INE009A01021,INFY,Infosys Ltd.,Information Technology,2025-05-19,1576.5,1585.0,1555.7,1559.8,8855798
INE009A01021,INFY,Infosys Ltd.,Information Technology,2025-05-20,1570.0,1583.5,1558.0,1560.6,7143998
INE009A01021,INFY,Infosys Ltd.,Information Technology,2025-05-21,1567.9,1571.0,1552.1,1568.5,4157309
INE009A01021,INFY,Infosys Ltd.,Information Technology,2025-05-22,1555.5,1560.8,1540.0,1547.5,6158990
INE009A01021,INFY,Infosys Ltd.,Information Technology,2025-05-23,1550.0,1587.2,1550.0,1564.8,5038421
INE009A01021,INFY,Infosys Ltd.,Information Technology,2025-05-26,1566.6,1583.8,1562.7,1580.5,3170102
INE009A01021,INFY,Infosys Ltd.,Information Technology,2025-05-27,1579.9,1582.9,1556.4,1570.1,7775714
INE009A01021,INFY,Infosys Ltd.,Information Technology,2025-05-28,1581.0,1587.7,1570.0,1571.8,3623370
INE009A01021,INFY,Infosys Ltd.,Information Technology,2025-05-29,1589.0,1608.9,1576.6,1585.6,8609500
INE009A01021,INFY,Infosys Ltd.,Information Technology,2025-05-30,1571.0,1572.0,1555.1,1562.7,13148092
INE009A01021,INFY,Infosys Ltd.,Information Technology,2025-06-02,1560.0,1560.0,1539.0,1553.8,4374509
INE009A01021,INFY,Infosys Ltd.,Information Technology,2025-06-03,1559.0,1567.3,1535.6,1543.0,6853403
INE009A01021,INFY,Infosys Ltd.,Information Technology,2025-06-04,1543.0,1557.3,1541.4,1551.2,4548307
INE009A01021,INFY,Infosys Ltd.,Information Technology,2025-06-05,1547.9,1567.7,1541.6,1554.3,6948539
INE009A01021,INFY,Infosys Ltd.,Information Technology,2025-06-06,1554.7,1568.9,1543.1,1563.8,3960020
INE009A01021,INFY,Infosys Ltd.,Information Technology,2025-06-09,1578.0,1588.0,1571.0,1572.9,2903202
INE009A01021,INFY,Infosys Ltd.,Information Technology,2025-06-10,1584.0,1607.5,1577.5,1596.0,8591925
INE009A01021,INFY,Infosys Ltd.,Information Technology,2025-06-11,1590.1,1634.6,1590.1,1631.1,10597410
INE009A01021,INFY,Infosys Ltd.,Information Technology,2025-06-12,1617.0,1628.0,1598.1,1608.6,10483574
INE009A01021,INFY,Infosys Ltd.,Information Technology,2025-06-13,1576.0,1609.0,1570.2,1602.0,6968315
INE009A01021,INFY,Infosys Ltd.,Information Technology,2025-06-16,1600.0,1634.8,1597.1,1623.8,5591842
INE009A01021,INFY,Infosys Ltd.,Information Technology,2025-06-17,1620.7,1647.4,1615.6,1639.9,7622083
INE009A01021,INFY,Infosys Ltd.,Information Technology,2025-06-18,1621.0,1644.7,1621.0,1632.9,5629707
INE009A01021,INFY,Infosys Ltd.,Information Technology,2025-06-19,1623.9,1630.0,1611.5,1618.4,5147760
INE009A01021,INFY,Infosys Ltd.,Information Technology,2025-06-20,1619.0,1630.7,1608.9,1622.9,9202821
INE009A01021,INFY,Infosys Ltd.,Information Technology,2025-06-23,1601.0,1601.0,1575.4,1584.0,7943676
INE009A01021,INFY,Infosys Ltd.,Information Technology,2025-06-24,1601.0,1609.0,1576.6,1581.6,8083992
INE009A01021,INFY,Infosys Ltd.,Information Technology,2025-06-25,1590.0,1619.9,1585.1,1614.9,7813533
INE009A01021,INFY,Infosys Ltd.,Information Technology,2025-06-26,1608.8,1624.0,1606.6,1616.0,6519233
INE009A01021,INFY,Infosys Ltd.,Information Technology,2025-06-27,1619.0,1629.6,1602.4,1608.0,8912268
INE009A01021,INFY,Infosys Ltd.,Information Technology,2025-06-30,1615.0,1615.0,1594.1,1601.8,6294505
INE009A01021,INFY,Infosys Ltd.,Information Technology,2025-07-01,1609.0,1617.7,1600.5,1606.8,4178937
INE009A01021,INFY,Infosys Ltd.,Information Technology,2025-07-02,1618.0,1649.0,1603.4,1610.5,8653641
INE009A01021,INFY,Infosys Ltd.,Information Technology,2025-07-03,1618.5,1632.4,1615.0,1618.7,5259695
INE009A01021,INFY,Infosys Ltd.,Information Technology,2025-07-04,1625.0,1643.4,1612.3,1640.7,4411273
INE009A01021,INFY,Infosys Ltd.,Information Technology,2025-07-07,1640.0,1644.0,1623.0,1627.0,3294523
INE009A01021,INFY,Infosys Ltd.,Information Technology,2025-07-08,1628.0,1646.2,1621.5,1638.7,4590681
INE009A01021,INFY,Infosys Ltd.,Information Technology,2025-07-09,1637.8,1638.0,1623.6,1633.7,4580828
INE009A01021,INFY,Infosys Ltd.,Information Technology,2025-07-10,1638.9,1638.9,1607.1,1615.8,5330179
INE009A01021,INFY,Infosys Ltd.,Information Technology,2025-07-11,1579.1,1607.1,1563.0,1594.9,11391755
INE009A01021,INFY,Infosys Ltd.,Information Technology,2025-07-14,1591.8,1591.8,1559.8,1570.3,9173426
INE009A01021,INFY,Infosys Ltd.,Information Technology,2025-07-15,1565.1,1603.6,1564.0,1585.6,7614807
INE009A01021,INFY,Infosys Ltd.,Information Technology,2025-07-16,1579.0,1612.0,1578.5,1607.9,6223491
INE009A01021,INFY,Infosys Ltd.,Information Technology,2025-07-17,1598.0,1610.0,1580.1,1583.5,7374814
INE009A01021,INFY,Infosys Ltd.,Information Technology,2025-07-18,1592.1,1599.3,1580.0,1586.1,5161833
INE009A01021,INFY,Infosys Ltd.,Information Technology,2025-07-21,1580.0,1589.0,1566.8,1584.3,3682661
INE009A01021,INFY,Infosys Ltd.,Information Technology,2025-07-22,1565.0,1585.8,1565.0,1570.9,8473741
INE009A01021,INFY,Infosys Ltd.,Information Technology,2025-07-23,1576.3,1591.9,1550.0,1574.5,8035026
INE009A01021,INFY,Infosys Ltd.,Information Technology,2025-07-24,1580.0,1582.0,1548.2,1552.5,14169664
INE009A01021,INFY,Infosys Ltd.,Information Technology,2025-07-25,1543.4,1549.5,1511.3,1515.7,10851259
INE009A01021,INFY,Infosys Ltd.,Information Technology,2025-07-28,1513.9,1519.3,1482.5,1516.0,6439855
INE009A01021,INFY,Infosys Ltd.,Information Technology,2025-07-29,1512.9,1517.2,1496.1,1513.7,7070448
INE009A01021,INFY,Infosys Ltd.,Information Technology,2025-07-30,1519.9,1521.7,1506.0,1519.0,5719051
INE009A01021,INFY,Infosys Ltd.,Information Technology,2025-07-31,1509.7,1527.1,1497.0,1509.0,6851407
INE009A01021,INFY,Infosys Ltd.,Information Technology,2025-08-01,1493.9,1498.7,1465.5,1469.6,8702978
INE009A01021,INFY,Infosys Ltd.,Information Technology,2025-08-04,1461.5,1482.8,1451.0,1480.5,8610216
INE009A01021,INFY,Infosys Ltd.,Information Technology,2025-08-05,1478.7,1478.7,1455.0,1460.3,10213323
INE009A01021,INFY,Infosys Ltd.,Information Technology,2025-08-06,1452.0,1456.1,1430.3,1436.7,10566934
INE009A01021,INFY,Infosys Ltd.,Information Technology,2025-08-07,1430.0,1442.0,1414.2,1436.9,9892020
INE009A01021,INFY,Infosys Ltd.,Information Technology,2025-08-08,1425.0,1433.2,1417.1,1423.1,10048009
INE009A01021,INFY,Infosys Ltd.,Information Technology,2025-08-11,1419.9,1433.4,1414.0,1428.2,6625368
INE009A01021,INFY,Infosys Ltd.,Information Technology,2025-08-12,1428.2,1441.0,1421.0,1424.1,9899184
INE009A01021,INFY,Infosys Ltd.,Information Technology,2025-08-13,1425.0,1434.0,1422.4,1426.6,10318063
INE009A01021,INFY,Infosys Ltd.,Information Technology,2025-08-14,1426.2,1470.0,1426.2,1447.7,12902347
INE009A01021,INFY,Infosys Ltd.,Information Technology,2025-08-18,1464.7,1464.7,1429.6,1435.8,7254561
INE009A01021,INFY,Infosys Ltd.,Information Technology,2025-08-19,1432.7,1449.4,1432.7,1440.0,3986094
INE009A01021,INFY,Infosys Ltd.,Information Technology,2025-08-20,1440.7,1499.0,1440.7,1496.2,10413061
INE009A01021,INFY,Infosys Ltd.,Information Technology,2025-08-21,1508.0,1508.0,1484.3,1496.4,6565539
INE009A01021,INFY,Infosys Ltd.,Information Technology,2025-08-22,1498.1,1504.3,1486.1,1487.5,5543397
INE009A01021,INFY,Infosys Ltd.,Information Technology,2025-08-25,1506.7,1539.0,1506.7,1532.1,10694531
INE009A01021,INFY,Infosys Ltd.,Information Technology,2025-08-26,1523.0,1538.4,1518.6,1529.6,15994798
INE009A01021,INFY,Infosys Ltd.,Information Technology,2025-08-28,1529.6,1529.6,1498.0,1500.1,5443364
INE009A01021,INFY,Infosys Ltd.,Information Technology,2025-08-29,1501.9,1501.9,1467.7,1469.6,8169075
INE009A01021,INFY,Infosys Ltd.,Information Technology,2025-09-01,1476.7,1503.4,1476.2,1499.4,4546057
INE009A01021,INFY,Infosys Ltd.,Information Technology,2025-09-02,1499.4,1512.8,1486.3,1498.7,5218763
INE009A01021,INFY,Infosys Ltd.,Information Technology,2025-09-03,1500.0,1501.9,1473.0,1479.1,4623483
INE009A01021,INFY,Infosys Ltd.,Information Technology,2025-09-04,1484.0,1484.0,1460.1,1463.0,5787724
INE009A01021,INFY,Infosys Ltd.,Information Technology,2025-09-05,1470.0,1472.7,1433.0,1444.6,5466487
INE009A01021,INFY,Infosys Ltd.,Information Technology,2025-09-08,1451.0,1458.0,1428.3,1432.9,3811567
INE009A01021,INFY,Infosys Ltd.,Information Technology,2025-09-09,1481.0,1507.2,1472.5,1504.3,13072640
INE009A01021,INFY,Infosys Ltd.,Information Technology,2025-09-10,1510.1,1534.9,1509.3,1532.6,7281071
INE009A01021,INFY,Infosys Ltd.,Information Technology,2025-09-11,1523.9,1527.5,1506.5,1509.7,8003662
INE009A01021,INFY,Infosys Ltd.,Information Technology,2025-09-12,1537.0,1542.9,1521.1,1525.6,12856963
INE009A01021,INFY,Infosys Ltd.,Information Technology,2025-09-15,1525.6,1527.5,1501.2,1508.4,6167414
INE009A01021,INFY,Infosys Ltd.,Information Technology,2025-09-16,1508.4,1514.0,1503.5,1511.3,8923112
INE009A01021,INFY,Infosys Ltd.,Information Technology,2025-09-17,1516.9,1526.7,1514.0,1522.4,4795698
INE009A01021,INFY,Infosys Ltd.,Information Technology,2025-09-18,1550.0,1555.0,1538.5,1540.6,9331945
INE009A01021,INFY,Infosys Ltd.,Information Technology,2025-09-19,1544.6,1551.3,1520.1,1540.2,12988129
INE009A01021,INFY,Infosys Ltd.,Information Technology,2025-09-22,1482.7,1514.7,1482.0,1499.5,15655204
INE009A01021,INFY,Infosys Ltd.,Information Technology,2025-09-23,1493.0,1513.0,1493.0,1497.5,9832164
INE009A01021,INFY,Infosys Ltd.,Information Technology,2025-09-24,1487.2,1496.7,1482.7,1494.6,4937004
INE009A01021,INFY,Infosys Ltd.,Information Technology,2025-09-25,1489.0,1502.7,1476.5,1484.8,9491867
INE009A01021,INFY,Infosys Ltd.,Information Technology,2025-09-26,1475.0,1478.7,1441.2,1448.9,8597058
INE009A01021,INFY,Infosys Ltd.,Information Technology,2025-09-29,1460.0,1465.0,1436.5,1441.8,10513117
INE009A01021,INFY,Infosys Ltd.,Information Technology,2025-09-30,1443.0,1452.2,1438.1,1441.8,7556305
INE009A01021,INFY,Infosys Ltd.,Information Technology,2025-10-01,1446.0,1449.5,1427.4,1445.8,6250692
INE009A01021,INFY,Infosys Ltd.,Information Technology,2025-10-03,1439.0,1448.3,1433.2,1446.6,6877533
INE009A01021,INFY,Infosys Ltd.,Information Technology,2025-10-06,1446.6,1478.8,1442.3,1476.0,4630590
INE009A01021,INFY,Infosys Ltd.,Information Technology,2025-10-07,1477.7,1482.9,1454.0,1458.5,5570320
INE009A01021,INFY,Infosys Ltd.,Information Technology,2025-10-08,1457.0,1498.0,1455.0,1495.0,4657192
INE009A01021,INFY,Infosys Ltd.,Information Technology,2025-10-09,1502.0,1514.0,1487.0,1509.3,7028753
INE009A01021,INFY,Infosys Ltd.,Information Technology,2025-10-10,1510.0,1521.7,1498.8,1514.9,3738353
INE009A01021,INFY,Infosys Ltd.,Information Technology,2025-10-13,1497.0,1504.7,1483.4,1493.2,5859355
INE009A01021,INFY,Infosys Ltd.,Information Technology,2025-10-14,1499.0,1514.4,1486.5,1489.9,5600789
INE009A01021,INFY,Infosys Ltd.,Information Technology,2025-10-15,1483.9,1488.6,1467.5,1474.4,6986098
INE009A01021,INFY,Infosys Ltd.,Information Technology,2025-10-16,1473.9,1474.5,1460.5,1471.5,8005748
INE009A01021,INFY,Infosys Ltd.,Information Technology,2025-10-17,1454.9,1458.4,1434.0,1441.1,16959378
INE009A01021,INFY,Infosys Ltd.,Information Technology,2025-10-20,1453.7,1467.0,1450.0,1460.9,6994246
INE009A01021,INFY,Infosys Ltd.,Information Technology,2025-10-21,1478.0,1486.0,1470.0,1472.4,1698704
INE009A01021,INFY,Infosys Ltd.,Information Technology,2025-10-23,1510.0,1546.0,1506.0,1528.5,20358624
INE009A01021,INFY,Infosys Ltd.,Information Technology,2025-10-24,1539.5,1543.0,1518.0,1525.4,8652257
INE009A01021,INFY,Infosys Ltd.,Information Technology,2025-10-27,1510.0,1515.3,1498.1,1504.5,7273211
INE009A01021,INFY,Infosys Ltd.,Information Technology,2025-10-28,1499.7,1506.5,1490.5,1500.2,8211019
INE009A01021,INFY,Infosys Ltd.,Information Technology,2025-10-29,1500.2,1520.2,1496.9,1510.4,4884976
INE009A01021,INFY,Infosys Ltd.,Information Technology,2025-10-30,1507.0,1508.2,1489.1,1493.8,5608867
INE009A01021,INFY,Infosys Ltd.,Information Technology,2025-10-31,1490.0,1497.1,1480.7,1482.3,4819814
INE009A01021,INFY,Infosys Ltd.,Information Technology,2025-11-03,1482.3,1491.4,1474.2,1485.5,5470600
INE009A01021,INFY,Infosys Ltd.,Information Technology,2025-11-04,1479.7,1481.9,1462.9,1467.9,8691330
INE009A01021,INFY,Infosys Ltd.,Information Technology,2025-11-06,1478.6,1483.0,1461.9,1466.7,7944752
INE009A01021,INFY,Infosys Ltd.,Information Technology,2025-11-07,1470.0,1480.9,1449.1,1476.8,8765759
INE009A01021,INFY,Infosys Ltd.,Information Technology,2025-11-10,1490.1,1520.0,1490.0,1513.5,9787975
INE009A01021,INFY,Infosys Ltd.,Information Technology,2025-11-11,1525.0,1533.4,1511.1,1530.3,13692989
INE009A01021,INFY,Infosys Ltd.,Information Technology,2025-11-12,1540.0,1559.2,1538.1,1551.7,14635417
INE009A01021,INFY,Infosys Ltd.,Information Technology,2025-11-13,1557.1,1557.5,1530.3,1541.8,19655689
INE009A01021,INFY,Infosys Ltd.,Information Technology,2025-11-14,1520.0,1530.0,1488.8,1502.8,9739549
INE009A01021,INFY,Infosys Ltd.,Information Technology,2025-11-17,1496.0,1510.2,1492.5,1507.6,7910354
INE009A01021,INFY,Infosys Ltd.,Information Technology,2025-11-18,1506.0,1506.0,1483.2,1486.4,7525119
INE009A01021,INFY,Infosys Ltd.,Information Technology,2025-11-19,1490.5,1543.0,1490.5,1541.1,10981126
INE009A01021,INFY,Infosys Ltd.,Information Technology,2025-11-20,1555.0,1555.0,1534.0,1536.5,7387584
INE009A01021,INFY,Infosys Ltd.,Information Technology,2025-11-21,1531.0,1551.5,1526.3,1545.0,9186302
INE009A01021,INFY,Infosys Ltd.,Information Technology,2025-11-24,1563.6,1585.0,1541.0,1548.0,19270381
INE009A01021,INFY,Infosys Ltd.,Information Technology,2025-11-25,1549.0,1550.6,1525.9,1530.6,8107952
INE009A01021,INFY,Infosys Ltd.,Information Technology,2025-11-26,1532.1,1560.3,1532.1,1557.9,7575038
INE009A01021,INFY,Infosys Ltd.,Information Technology,2025-11-27,1564.0,1574.3,1552.2,1566.4,7552252
INE009A01021,INFY,Infosys Ltd.,Information Technology,2025-11-28,1565.0,1568.4,1557.0,1560.1,4453221
INE009A01021,INFY,Infosys Ltd.,Information Technology,2025-12-01,1562.5,1574.0,1556.0,1564.0,5341800
INE009A01021,INFY,Infosys Ltd.,Information Technology,2025-12-02,1567.0,1579.9,1556.1,1561.0,6335969
INE009A01021,INFY,Infosys Ltd.,Information Technology,2025-12-03,1555.1,1586.0,1554.1,1578.7,12895312
INE009A01021,INFY,Infosys Ltd.,Information Technology,2025-12-04,1568.0,1599.0,1568.0,1597.6,12609619
INE009A01021,INFY,Infosys Ltd.,Information Technology,2025-12-05,1610.0,1631.8,1600.0,1616.2,10344725
INE009A01021,INFY,Infosys Ltd.,Information Technology,2025-12-08,1617.1,1630.0,1600.2,1610.8,7550413
INE009A01021,INFY,Infosys Ltd.,Information Technology,2025-12-09,1601.2,1606.9,1582.4,1599.0,6957599
INE009A01021,INFY,Infosys Ltd.,Information Technology,2025-12-10,1608.0,1608.0,1582.8,1584.8,5116140
INE009A01021,INFY,Infosys Ltd.,Information Technology,2025-12-11,1598.0,1607.4,1580.5,1598.0,5159319
INE009A01021,INFY,Infosys Ltd.,Information Technology,2025-12-12,1601.4,1601.8,1582.6,1598.2,4633912
INE009A01021,INFY,Infosys Ltd.,Information Technology,2025-12-15,1585.0,1610.8,1585.0,1606.8,4190558
INE009A01021,INFY,Infosys Ltd.,Information Technology,2025-12-16,1600.0,1603.0,1585.6,1592.9,5499258
INE009A01021,INFY,Infosys Ltd.,Information Technology,2025-12-17,1587.2,1606.9,1586.0,1602.0,4817628
INE009A01021,INFY,Infosys Ltd.,Information Technology,2025-12-18,1610.5,1630.0,1606.7,1626.8,6577293
INE009A01021,INFY,Infosys Ltd.,Information Technology,2025-12-19,1650.0,1654.9,1629.8,1638.7,13149023
INE009A01021,INFY,Infosys Ltd.,Information Technology,2025-12-22,1664.0,1693.2,1664.0,1689.6,23098923
INE009A01021,INFY,Infosys Ltd.,Information Technology,2025-12-23,1679.0,1679.0,1656.4,1668.3,6593060
INE009A01021,INFY,Infosys Ltd.,Information Technology,2025-12-24,1661.0,1667.6,1652.5,1663.4,4271167
INE009A01021,INFY,Infosys Ltd.,Information Technology,2025-12-26,1663.4,1668.8,1651.7,1656.1,2006491
INE009A01021,INFY,Infosys Ltd.,Information Technology,2025-12-29,1658.0,1673.1,1637.1,1644.7,4062817
INE009A01021,INFY,Infosys Ltd.,Information Technology,2025-12-30,1647.0,1647.9,1616.8,1621.6,9395937
INE009A01021,INFY,Infosys Ltd.,Information Technology,2025-12-31,1621.0,1628.6,1609.2,1615.4,6538656
INE009A01021,INFY,Infosys Ltd.,Information Technology,2026-01-01,1615.4,1639.6,1614.1,1629.8,3658165
INE009A01021,INFY,Infosys Ltd.,Information Technology,2026-01-02,1635.9,1643.5,1627.5,1640.4,2524526
INE009A01021,INFY,Infosys Ltd.,Information Technology,2026-01-05,1637.0,1637.0,1583.1,1606.4,5917885
INE009A01021,INFY,Infosys Ltd.,Information Technology,2026-01-06,1600.1,1619.9,1599.0,1612.2,4466729
INE009A01021,INFY,Infosys Ltd.,Information Technology,2026-01-07,1615.0,1642.0,1615.0,1639.0,4508079
INE009A01021,INFY,Infosys Ltd.,Information Technology,2026-01-08,1638.9,1644.3,1608.6,1613.3,3942131
INE009A01021,INFY,Infosys Ltd.,Information Technology,2026-01-09,1610.0,1631.3,1607.0,1614.1,6816681
INE009A01021,INFY,Infosys Ltd.,Information Technology,2026-01-12,1610.1,1613.3,1592.6,1595.9,6985362
INE009A01021,INFY,Infosys Ltd.,Information Technology,2026-01-13,1618.0,1618.0,1586.4,1599.0,8080618
INE009A01021,INFY,Infosys Ltd.,Information Technology,2026-01-14,1588.0,1617.0,1583.1,1599.8,7557157
INE009A01021,INFY,Infosys Ltd.,Information Technology,2026-01-15,1599.8,1599.8,1599.8,1599.8,0
INE009A01021,INFY,Infosys Ltd.,Information Technology,2026-01-16,1663.7,1694.0,1653.4,1689.8,19335957
INE009A01021,INFY,Infosys Ltd.,Information Technology,2026-01-19,1685.0,1685.0,1666.5,1681.2,5104958
INE009A01021,INFY,Infosys Ltd.,Information Technology,2026-01-20,1673.0,1680.2,1652.9,1658.9,6406503
INE009A01021,INFY,Infosys Ltd.,Information Technology,2026-01-21,1651.0,1657.0,1631.2,1654.4,6224582
INE009A01021,INFY,Infosys Ltd.,Information Technology,2026-01-22,1666.0,1671.2,1653.8,1663.5,6228892
INE009A01021,INFY,Infosys Ltd.,Information Technology,2026-01-23,1667.2,1675.7,1662.2,1670.8,5869137
INE009A01021,INFY,Infosys Ltd.,Information Technology,2026-01-27,1685.8,1689.4,1661.1,1682.7,10673087
INE009A01021,INFY,Infosys Ltd.,Information Technology,2026-01-28,1680.0,1688.8,1650.0,1666.5,8588664
INE009A01021,INFY,Infosys Ltd.,Information Technology,2026-01-29,1658.0,1666.5,1642.1,1659.5,4749582
INE009A01021,INFY,Infosys Ltd.,Information Technology,2026-01-30,1655.0,1655.0,1618.1,1641.0,9207926
INE009A01021,INFY,Infosys Ltd.,Information Technology,2026-02-02,1662.0,1662.0,1618.0,1629.4,6784887
INE009A01021,INFY,Infosys Ltd.,Information Technology,2026-02-03,1727.2,1728.0,1653.0,1656.0,8805868
INE009A01021,INFY,Infosys Ltd.,Information Technology,2026-02-04,1574.0,1584.9,1510.1,1535.8,28828622
INE009A01021,INFY,Infosys Ltd.,Information Technology,2026-02-05,1534.0,1551.0,1515.7,1520.2,10628127
INE009A01021,INFY,Infosys Ltd.,Information Technology,2026-02-06,1522.1,1525.0,1480.0,1507.1,13900866
INE009A01021,INFY,Infosys Ltd.,Information Technology,2026-02-09,1522.1,1528.0,1493.0,1497.2,8294615
INE009A01021,INFY,Infosys Ltd.,Information Technology,2026-02-10,1500.0,1515.9,1491.0,1497.8,8657000
INE009A01021,INFY,Infosys Ltd.,Information Technology,2026-02-11,1501.2,1505.9,1469.0,1471.9,7934411
INE009A01021,INFY,Infosys Ltd.,Information Technology,2026-02-12,1428.9,1435.7,1380.5,1386.0,26048896
INE009A01021,INFY,Infosys Ltd.,Information Technology,2026-02-13,1293.9,1377.3,1281.5,1369.1,45785709
INE009A01021,INFY,Infosys Ltd.,Information Technology,2026-02-16,1373.7,1376.0,1338.3,1365.6,14621891
INE009A01021,INFY,Infosys Ltd.,Information Technology,2026-02-17,1370.0,1431.0,1367.0,1391.2,25347684
INE009A01021,INFY,Infosys Ltd.,Information Technology,2026-02-18,1390.9,1401.0,1345.3,1373.7,20241373
INE009A01021,INFY,Infosys Ltd.,Information Technology,2026-02-19,1385.0,1402.0,1363.2,1370.5,14574228
INE009A01021,INFY,Infosys Ltd.,Information Technology,2026-02-20,1359.2,1365.0,1338.2,1353.2,12633552
INE009A01021,INFY,Infosys Ltd.,Information Technology,2026-02-23,1352.0,1352.0,1318.0,1327.5,12887826
INE009A01021,INFY,Infosys Ltd.,Information Technology,2026-02-24,1301.0,1303.6,1264.1,1275.5,27839061
INE009A01021,INFY,Infosys Ltd.,Information Technology,2026-02-25,1286.2,1323.6,1286.2,1290.1,16669618
INE009A01021,INFY,Infosys Ltd.,Information Technology,2026-02-26,1305.5,1314.0,1286.3,1289.1,11493914
INE009A01021,INFY,Infosys Ltd.,Information Technology,2026-02-27,1326.3,1335.0,1294.2,1300.1,23141724
INE009A01021,INFY,Infosys Ltd.,Information Technology,2026-03-02,1291.0,1298.8,1273.0,1288.9,9700361
INE009A01021,INFY,Infosys Ltd.,Information Technology,2026-03-04,1292.0,1317.0,1292.0,1307.4,15154950
INE009A01021,INFY,Infosys Ltd.,Information Technology,2026-03-05,1320.0,1320.0,1290.1,1305.8,10362147
INE009A01021,INFY,Infosys Ltd.,Information Technology,2026-03-06,1303.0,1327.2,1303.0,1308.4,8724291
INE009A01021,INFY,Infosys Ltd.,Information Technology,2026-03-09,1290.0,1318.0,1282.5,1315.0,10068514
INE009A01021,INFY,Infosys Ltd.,Information Technology,2026-03-10,1320.0,1321.0,1284.1,1295.6,9600171
INE009A01021,INFY,Infosys Ltd.,Information Technology,2026-03-11,1288.0,1299.5,1271.3,1276.3,7868891
INE009A01021,INFY,Infosys Ltd.,Information Technology,2026-03-12,1272.5,1278.6,1258.0,1265.8,7599940
INE009A01021,INFY,Infosys Ltd.,Information Technology,2026-03-13,1251.0,1269.6,1242.6,1248.3,7366098
INE009A01021,INFY,Infosys Ltd.,Information Technology,2026-03-16,1240.2,1254.3,1224.2,1249.8,12314450
INE009A01021,INFY,Infosys Ltd.,Information Technology,2026-03-17,1245.0,1245.0,1215.1,1232.9,11223276
INE009A01021,INFY,Infosys Ltd.,Information Technology,2026-03-18,1238.0,1290.8,1234.9,1267.1,12365381
INE009A01021,INFY,Infosys Ltd.,Information Technology,2026-03-19,1244.2,1255.0,1215.1,1220.8,9156461
INE009A01021,INFY,Infosys Ltd.,Information Technology,2026-03-20,1242.0,1264.8,1229.2,1255.9,27299975
INE009A01021,INFY,Infosys Ltd.,Information Technology,2026-03-23,1238.2,1261.1,1227.4,1256.8,12420293
INE009A01021,INFY,Infosys Ltd.,Information Technology,2026-03-24,1269.0,1297.0,1251.0,1278.3,13613495
INE009A01021,INFY,Infosys Ltd.,Information Technology,2026-03-25,1270.0,1290.6,1257.1,1279.1,10824030
INE009A01021,INFY,Infosys Ltd.,Information Technology,2026-03-27,1285.2,1294.8,1263.2,1269.7,13092541
INE009A01021,INFY,Infosys Ltd.,Information Technology,2026-03-30,1250.0,1265.5,1243.0,1250.6,14108486
INE009A01021,INFY,Infosys Ltd.,Information Technology,2026-04-01,1290.0,1303.0,1269.5,1275.7,8137156
INE009A01021,INFY,Infosys Ltd.,Information Technology,2026-04-02,1260.0,1305.4,1259.8,1300.8,12873492
INE009A01021,INFY,Infosys Ltd.,Information Technology,2026-04-06,1301.4,1320.0,1299.0,1306.2,10208682
INE009A01021,INFY,Infosys Ltd.,Information Technology,2026-04-07,1302.0,1345.1,1293.5,1339.4,15355792
INE009A01021,INFY,Infosys Ltd.,Information Technology,2026-04-08,1349.0,1376.9,1331.0,1346.2,16030133
INE009A01021,INFY,Infosys Ltd.,Information Technology,2026-04-09,1329.9,1337.5,1314.0,1331.6,14894607
INE009A01021,INFY,Infosys Ltd.,Information Technology,2026-04-10,1318.0,1318.9,1283.3,1292.5,19233369
INE009A01021,INFY,Infosys Ltd.,Information Technology,2026-04-13,1272.0,1289.0,1265.7,1276.8,10366082
INE009A01021,INFY,Infosys Ltd.,Information Technology,2026-04-15,1306.3,1322.5,1300.5,1305.3,12098912
INE009A01021,INFY,Infosys Ltd.,Information Technology,2026-04-16,1322.1,1331.0,1309.0,1319.2,18527029
INE009A01021,INFY,Infosys Ltd.,Information Technology,2026-04-17,1313.0,1328.3,1306.1,1318.7,12064048
INE009A01021,INFY,Infosys Ltd.,Information Technology,2026-04-20,1320.0,1324.9,1308.1,1312.6,7172300
INE009A01021,INFY,Infosys Ltd.,Information Technology,2026-04-21,1310.0,1325.0,1299.3,1313.2,10057440
INE009A01021,INFY,Infosys Ltd.,Information Technology,2026-04-22,1295.0,1297.7,1255.9,1268.6,20088378
INE009A01021,INFY,Infosys Ltd.,Information Technology,2026-04-23,1254.0,1265.7,1226.0,1240.6,14792854
INE009A01021,INFY,Infosys Ltd.,Information Technology,2026-04-24,1200.0,1223.9,1152.2,1154.6,42078914
INE009A01021,INFY,Infosys Ltd.,Information Technology,2026-04-27,1154.6,1179.9,1154.5,1170.3,19579883
INE009A01021,INFY,Infosys Ltd.,Information Technology,2026-04-28,1162.7,1169.4,1149.8,1152.1,12720276
INE009A01021,INFY,Infosys Ltd.,Information Technology,2026-04-29,1158.5,1178.2,1156.8,1167.5,8303109
INE009A01021,INFY,Infosys Ltd.,Information Technology,2026-04-30,1167.5,1189.8,1159.6,1181.8,12205669
INE009A01021,INFY,Infosys Ltd.,Information Technology,2026-05-01,1181.8,1181.8,1181.8,1181.8,0
INE009A01021,INFY,Infosys Ltd.,Information Technology,2026-05-04,1195.0,1195.0,1165.2,1168.4,7735811
INE009A01021,INFY,Infosys Ltd.,Information Technology,2026-05-05,1169.5,1185.2,1160.1,1178.1,8164108
INE009A01021,INFY,Infosys Ltd.,Information Technology,2026-05-06,1187.0,1191.5,1164.1,1167.2,9856963
INE009A01021,INFY,Infosys Ltd.,Information Technology,2026-05-07,1173.0,1175.4,1159.2,1162.7,12013987
INE009A01021,INFY,Infosys Ltd.,Information Technology,2026-05-08,1161.0,1183.5,1158.8,1179.2,7582770
INE009A01021,INFY,Infosys Ltd.,Information Technology,2026-05-11,1176.0,1187.0,1172.1,1177.0,7336288
INE009A01021,INFY,Infosys Ltd.,Information Technology,2026-05-12,1162.0,1162.0,1123.0,1140.3,16891948
INE009A01021,INFY,Infosys Ltd.,Information Technology,2026-05-13,1136.6,1142.6,1121.0,1123.1,6664111
INE009A01021,INFY,Infosys Ltd.,Information Technology,2026-05-14,1119.8,1121.9,1089.0,1095.0,16914842
INE009A01021,INFY,Infosys Ltd.,Information Technology,2026-05-15,1102.0,1133.2,1101.6,1119.0,17482450
INE009A01021,INFY,Infosys Ltd.,Information Technology,2026-05-18,1119.0,1146.1,1118.0,1142.5,12096377
INE009A01021,INFY,Infosys Ltd.,Information Technology,2026-05-19,1162.0,1198.4,1162.0,1196.9,32175705
INE009A01021,INFY,Infosys Ltd.,Information Technology,2026-05-20,1187.0,1206.9,1184.9,1193.7,15121010
INE009A01021,INFY,Infosys Ltd.,Information Technology,2026-05-21,1196.1,1201.8,1177.0,1181.2,10021033
INE009A01021,INFY,Infosys Ltd.,Information Technology,2026-05-22,1182.5,1191.8,1172.5,1174.5,8803066
INE009A01021,INFY,Infosys Ltd.,Information Technology,2026-05-25,1183.0,1185.0,1166.1,1168.5,5856136
INE009A01021,INFY,Infosys Ltd.,Information Technology,2026-05-26,1166.3,1180.7,1162.9,1167.7,8005767
INE009A01021,INFY,Infosys Ltd.,Information Technology,2026-05-27,1161.0,1167.3,1155.0,1159.9,6371871
INE009A01021,INFY,Infosys Ltd.,Information Technology,2026-05-28,1159.9,1159.9,1159.9,1159.9,0
INE009A01021,INFY,Infosys Ltd.,Information Technology,2026-05-29,1182.0,1210.0,1153.6,1160.9,69085430
INE009A01021,INFY,Infosys Ltd.,Information Technology,2026-06-01,1175.0,1217.0,1173.7,1202.5,19439331
INE009A01021,INFY,Infosys Ltd.,Information Technology,2026-06-02,1232.5,1278.9,1232.5,1270.8,36032600
INE009A01021,INFY,Infosys Ltd.,Information Technology,2026-06-03,1242.1,1249.9,1216.0,1222.6,18534303
INE009A01021,INFY,Infosys Ltd.,Information Technology,2026-06-04,1208.0,1215.2,1196.2,1201.3,12755957
INE009A01021,INFY,Infosys Ltd.,Information Technology,2026-06-05,1220.0,1223.8,1194.3,1197.5,8692290
INE009A01021,INFY,Infosys Ltd.,Information Technology,2026-06-08,1177.5,1200.7,1176.5,1187.6,8631711
INE009A01021,INFY,Infosys Ltd.,Information Technology,2026-06-09,1193.6,1193.6,1167.3,1180.3,10984054
INE009A01021,INFY,Infosys Ltd.,Information Technology,2026-06-10,1160.1,1171.4,1143.3,1145.3,8887626
INE009A01021,INFY,Infosys Ltd.,Information Technology,2026-06-11,1129.7,1133.7,1109.0,1114.6,9372176
INE009A01021,INFY,Infosys Ltd.,Information Technology,2026-06-12,1120.0,1123.3,1111.5,1116.4,8075333
INE009A01021,INFY,Infosys Ltd.,Information Technology,2026-06-15,1130.0,1151.0,1123.0,1134.9,7856192
INE009A01021,INFY,Infosys Ltd.,Information Technology,2026-06-16,1136.9,1153.8,1123.2,1143.6,10456090
INE009A01021,INFY,Infosys Ltd.,Information Technology,2026-06-17,1149.0,1162.5,1148.0,1157.7,5995119
INE009A01021,INFY,Infosys Ltd.,Information Technology,2026-06-18,1142.9,1142.9,1125.3,1127.5,16781447
INE009A01021,INFY,Infosys Ltd.,Information Technology,2026-06-19,1062.3,1066.0,1030.0,1051.4,45665442
INE009A01021,INFY,Infosys Ltd.,Information Technology,2026-06-22,1055.0,1080.3,1055.0,1065.4,10178505
INE009A01021,INFY,Infosys Ltd.,Information Technology,2026-06-23,1053.8,1055.3,1026.0,1029.3,19323064
INE009A01021,INFY,Infosys Ltd.,Information Technology,2026-06-24,1040.9,1065.5,1037.7,1056.6,12346266
INE009A01021,INFY,Infosys Ltd.,Information Technology,2026-06-25,1065.0,1068.0,1039.1,1041.2,15866779
INE009A01021,INFY,Infosys Ltd.,Information Technology,2026-06-26,1041.2,1041.2,1041.2,1041.2,0
INE009A01021,INFY,Infosys Ltd.,Information Technology,2026-06-29,1037.1,1046.6,1029.1,1036.7,15080892
INE009A01021,INFY,Infosys Ltd.,Information Technology,2026-06-30,1030.0,1030.4,996.0,1000.4,24128263
INE009A01021,INFY,Infosys Ltd.,Information Technology,2026-07-01,1006.0,1014.0,982.4,985.3,13037982
INE009A01021,INFY,Infosys Ltd.,Information Technology,2026-07-02,1006.4,1045.0,1006.0,1040.9,18741111
INE009A01021,INFY,Infosys Ltd.,Information Technology,2026-07-03,1063.0,1068.7,1042.0,1047.2,11653534
INE009A01021,INFY,Infosys Ltd.,Information Technology,2026-07-06,1050.1,1053.0,1033.0,1042.2,5559747
INE009A01021,INFY,Infosys Ltd.,Information Technology,2026-07-07,1040.6,1087.5,1040.6,1071.8,18866296
INE009A01021,INFY,Infosys Ltd.,Information Technology,2026-07-08,1071.9,1079.7,1064.4,1069.3,13022221
INE009A01021,INFY,Infosys Ltd.,Information Technology,2026-07-09,1062.7,1062.7,1040.4,1050.8,9003333
INE009A01021,INFY,Infosys Ltd.,Information Technology,2026-07-10,1075.0,1091.3,1064.7,1068.0,9747266
INE009A01021,INFY,Infosys Ltd.,Information Technology,2026-07-13,1057.1,1114.9,1057.1,1102.6,20994760
INE009A01021,INFY,Infosys Ltd.,Information Technology,2026-07-14,1107.8,1113.5,1090.0,1092.9,14819413
INE009A01021,INFY,Infosys Ltd.,Information Technology,2026-07-15,1079.0,1088.1,1073.0,1076.3,8501933
INE009A01021,INFY,Infosys Ltd.,Information Technology,2026-07-16,1082.5,1097.3,1077.9,1082.4,8592146
INE009A01021,INFY,Infosys Ltd.,Information Technology,2026-07-17,1105.0,1116.8,1092.0,1096.5,12547728
INE009A01021,INFY,Infosys Ltd.,Information Technology,2026-07-20,1102.0,1103.8,1083.2,1087.1,6372645
INE009A01021,INFY,Infosys Ltd.,Information Technology,2026-07-21,1080.0,1094.5,1067.2,1073.5,9485229
INE009A01021,INFY,Infosys Ltd.,Information Technology,2026-07-22,1064.0,1069.3,1046.2,1052.1,7517203
INE009A01021,INFY,Infosys Ltd.,Information Technology,2026-07-23,1046.9,1058.5,1032.0,1047.4,13794578
INE009A01021,INFY,Infosys Ltd.,Information Technology,2026-07-24,1028.0,1043.4,1013.9,1040.9,29036900
INE009A01021,INFY,Infosys Ltd.,Information Technology,2026-07-27,1065.0,1082.0,1057.4,1079.2,15956349
INE009A01021,INFY,Infosys Ltd.,Information Technology,2026-07-28,1097.0,1118.5,1097.0,1105.7,28100895
INE009A01021,INFY,Infosys Ltd.,Information Technology,2026-07-29,1147.0,1164.5,1128.4,1155.6,34400369
INE009A01021,INFY,Infosys Ltd.,Information Technology,2026-07-30,1168.0,1187.7,1151.3,1155.1,22630218
INE009A01021,INFY,Infosys Ltd.,Information Technology,2026-07-31,1118.9,1139.3,1107.2,1130.1,14367075
INE009A01021,INFY,Infosys Ltd.,Information Technology,2026-08-03,1145.1,1180.0,1138.1,1180.0,8582270
INE009A01021,INFY,Infosys Ltd.,Information Technology,2026-08-04,1168.0,1175.7,1153.3,1167.5,9243589
INE009A01021,INFY,Infosys Ltd.,Information Technology,2026-08-05,1174.7,1177.5,1162.3,1174.0,9964155
INE009A01021,INFY,Infosys Ltd.,Information Technology,2026-08-06,1174.1,1185.8,1163.0,1165.0,8521064
INE009A01021,INFY,Infosys Ltd.,Information Technology,2026-08-07,1160.0,1183.0,1155.6,1175.1,7581410
INE009A01021,INFY,Infosys Ltd.,Information Technology,2026-08-10,1178.1,1195.0,1175.2,1183.0,9377001
INE009A01021,INFY,Infosys Ltd.,Information Technology,2026-08-11,1188.0,1193.5,1182.0,1190.7,10160091
INE009A01021,INFY,Infosys Ltd.,Information Technology,2026-08-12,1185.6,1190.4,1163.3,1176.1,7529777
INE009A01021,INFY,Infosys Ltd.,Information Technology,2026-08-13,1170.0,1175.0,1157.0,1175.0,6234215
INE009A01021,INFY,Infosys Ltd.,Information Technology,2026-08-14,1170.4,1174.1,1158.9,1169.2,5844763
INE009A01021,INFY,Infosys Ltd.,Information Technology,2026-08-17,1163.9,1166.5,1129.7,1139.9,5817153
INE009A01021,INFY,Infosys Ltd.,Information Technology,2026-08-18,1124.5,1131.9,1112.5,1115.0,8851110
INE009A01021,INFY,Infosys Ltd.,Information Technology,2026-08-19,1125.6,1134.7,1113.8,1119.8,8408573
INE009A01021,INFY,Infosys Ltd.,Information Technology,2026-08-20,1143.0,1144.7,1125.7,1130.0,8559841
INE009A01021,INFY,Infosys Ltd.,Information Technology,2026-08-21,1133.0,1133.5,1118.0,1121.0,6094967
INE009A01021,INFY,Infosys Ltd.,Information Technology,2026-08-24,1126.5,1144.5,1122.0,1130.0,8565354
INE009A01021,INFY,Infosys Ltd.,Information Technology,2026-08-25,1132.0,1144.0,1119.9,1144.0,8121237
INE009A01021,INFY,Infosys Ltd.,Information Technology,2026-08-26,1142.0,1142.0,1118.3,1120.0,6323984
INE009A01021,INFY,Infosys Ltd.,Information Technology,2026-08-27,1120.0,1130.7,1107.2,1110.8,6933998
INE009A01021,INFY,Infosys Ltd.,Information Technology,2026-08-28,1123.6,1145.0,1123.3,1144.0,9621969
INE009A01021,INFY,Infosys Ltd.,Information Technology,2026-08-31,1138.6,1143.9,1111.1,1133.8,8808120
INE009A01021,INFY,Infosys Ltd.,Information Technology,2026-09-01,1128.0,1156.0,1125.6,1156.0,13516123
INE009A01021,INFY,Infosys Ltd.,Information Technology,2026-09-02,1137.7,1147.8,1118.6,1140.0,8564358
INE009A01021,INFY,Infosys Ltd.,Information Technology,2026-09-03,1144.0,1144.0,1122.5,1130.3,5786250
INE009A01021,INFY,Infosys Ltd.,Information Technology,2026-09-04,1133.0,1146.7,1125.4,1130.0,5881388
INE009A01021,INFY,Infosys Ltd.,Information Technology,2026-09-07,1109.5,1109.9,1085.0,1087.5,7668346
INE009A01021,INFY,Infosys Ltd.,Information Technology,2026-09-08,1095.0,1095.0,1078.9,1082.0,6269037
INE009A01021,INFY,Infosys Ltd.,Information Technology,2026-09-09,1059.0,1059.0,1026.5,1035.0,13530457
INE009A01021,INFY,Infosys Ltd.,Information Technology,2026-09-10,1039.6,1046.6,1027.3,1036.5,8998529
INE009A01021,INFY,Infosys Ltd.,Information Technology,2026-09-11,1032.0,1047.3,1029.7,1037.7,6168088
INE009A01021,INFY,Infosys Ltd.,Information Technology,2026-09-14,1037.7,1037.7,1037.7,1037.7,0
INE009A01021,INFY,Infosys Ltd.,Information Technology,2026-09-15,1085.0,1097.7,1071.7,1077.0,14816117
INE009A01021,INFY,Infosys Ltd.,Information Technology,2026-09-16,1082.5,1085.1,1053.5,1060.0,6230590
INE009A01021,INFY,Infosys Ltd.,Information Technology,2026-09-17,1054.9,1063.6,1048.6,1058.6,5469865
INE009A01021,INFY,Infosys Ltd.,Information Technology,2026-09-18,1061.9,1061.9,1038.0,1051.4,22124953
INE009A01021,INFY,Infosys Ltd.,Information Technology,2026-09-21,1041.5,1044.5,1030.3,1038.5,6074358
INE009A01021,INFY,Infosys Ltd.,Information Technology,2026-09-22,1037.7,1041.0,1019.2,1029.4,9341109
INE009A01021,INFY,Infosys Ltd.,Information Technology,2026-09-23,1021.8,1029.4,1015.1,1020.5,5108734
INE009A01021,INFY,Infosys Ltd.,Information Technology,2026-09-24,1015.0,1022.8,1005.2,1014.5,6891893
INE009A01021,INFY,Infosys Ltd.,Information Technology,2026-09-25,999.5,1004.2,991.6,1000.2,10240700
INE009A01021,INFY,Infosys Ltd.,Information Technology,2026-09-28,1002.0,1009.5,986.6,1003.2,8567672
INE009A01021,INFY,Infosys Ltd.,Information Technology,2026-09-29,1002.6,1015.4,980.4,1015.4,12992711
INE009A01021,INFY,Infosys Ltd.,Information Technology,2026-09-30,1004.0,1024.0,992.2,994.1,13508984
INE009A01021,INFY,Infosys Ltd.,Information Technology,2026-10-01,1010.0,1035.0,999.15,1035.0,15166446
INE009A01021,INFY,Infosys Ltd.,Information Technology,2026-10-02,1035.0,1035.0,1035.0,1035.0,0
INE009A01021,INFY,Infosys Ltd.,Information Technology,2026-10-05,1050.0,1052.3,1010.0,1020.5,12126808
INE009A01021,INFY,Infosys Ltd.,Information Technology,2026-10-06,1018.0,1020.5,1003.15,1013.85,8252213
INE009A01021,INFY,Infosys Ltd.,Information Technology,2026-10-07,1006.0,1009.0,990.1,992.0,7493993
INE154A01025,ITC,ITC Ltd.,Fast Moving Consumer Goods,2024-10-08,491.09,493.54,487.24,489.11,9868331
INE154A01025,ITC,ITC Ltd.,Fast Moving Consumer Goods,2024-10-09,490.89,490.89,472.36,473.47,24874940
INE154A01025,ITC,ITC Ltd.,Fast Moving Consumer Goods,2024-10-10,476.98,477.27,471.3,473.8,13292273
INE154A01025,ITC,ITC Ltd.,Fast Moving Consumer Goods,2024-10-11,474.72,475.63,469.32,470.1,14949380
INE154A01025,ITC,ITC Ltd.,Fast Moving Consumer Goods,2024-10-14,472.79,480.49,470.53,478.52,6970606
INE154A01025,ITC,ITC Ltd.,Fast Moving Consumer Goods,2024-10-15,479.53,480.88,476.16,480.06,8347216
INE154A01025,ITC,ITC Ltd.,Fast Moving Consumer Goods,2024-10-16,477.61,480.35,474.09,474.91,6939430
INE154A01025,ITC,ITC Ltd.,Fast Moving Consumer Goods,2024-10-17,476.64,476.64,469.9,470.77,7669729
INE154A01025,ITC,ITC Ltd.,Fast Moving Consumer Goods,2024-10-18,470.62,473.32,460.66,468.65,22616838
INE154A01025,ITC,ITC Ltd.,Fast Moving Consumer Goods,2024-10-21,468.65,469.52,459.65,465.71,7680088
INE154A01025,ITC,ITC Ltd.,Fast Moving Consumer Goods,2024-10-22,465.71,470.29,462.97,463.93,12772970
INE154A01025,ITC,ITC Ltd.,Fast Moving Consumer Goods,2024-10-23,463.16,465.38,461.72,462.54,10553961
INE154A01025,ITC,ITC Ltd.,Fast Moving Consumer Goods,2024-10-24,464.13,464.51,452.57,454.21,13596626
INE154A01025,ITC,ITC Ltd.,Fast Moving Consumer Goods,2024-10-25,458.16,475.2,456.61,464.41,32154050
INE154A01025,ITC,ITC Ltd.,Fast Moving Consumer Goods,2024-10-28,464.08,467.88,458.35,466.2,8946214
INE154A01025,ITC,ITC Ltd.,Fast Moving Consumer Goods,2024-10-29,467.01,471.06,463.45,469.85,7131161
INE154A01025,ITC,ITC Ltd.,Fast Moving Consumer Goods,2024-10-30,469.85,474.96,468.46,473.32,6640080
INE154A01025,ITC,ITC Ltd.,Fast Moving Consumer Goods,2024-10-31,473.75,474.72,466.73,470.67,8111694
INE154A01025,ITC,ITC Ltd.,Fast Moving Consumer Goods,2024-11-01,472.79,473.85,471.15,472.12,1517892
INE154A01025,ITC,ITC Ltd.,Fast Moving Consumer Goods,2024-11-04,475.15,475.15,461.77,466.63,8754385
INE154A01025,ITC,ITC Ltd.,Fast Moving Consumer Goods,2024-11-05,465.04,467.06,459.26,462.39,7610046
INE154A01025,ITC,ITC Ltd.,Fast Moving Consumer Goods,2024-11-06,462.39,466.44,460.27,463.26,11749720
INE154A01025,ITC,ITC Ltd.,Fast Moving Consumer Goods,2024-11-07,463.88,464.8,458.44,460.18,9267980
INE154A01025,ITC,ITC Ltd.,Fast Moving Consumer Goods,2024-11-08,460.18,462.87,457.0,460.32,6325023
INE154A01025,ITC,ITC Ltd.,Fast Moving Consumer Goods,2024-11-11,460.32,463.64,456.52,459.26,5700343
INE154A01025,ITC,ITC Ltd.,Fast Moving Consumer Goods,2024-11-12,459.89,460.23,453.68,455.31,5236095
INE154A01025,ITC,ITC Ltd.,Fast Moving Consumer Goods,2024-11-13,452.62,457.1,450.89,454.69,11548660
INE154A01025,ITC,ITC Ltd.,Fast Moving Consumer Goods,2024-11-14,453.73,455.41,445.11,448.67,12087836
INE154A01025,ITC,ITC Ltd.,Fast Moving Consumer Goods,2024-11-18,448.72,450.45,444.87,449.25,8448573
INE154A01025,ITC,ITC Ltd.,Fast Moving Consumer Goods,2024-11-19,450.64,456.18,448.96,450.02,7121472
INE154A01025,ITC,ITC Ltd.,Fast Moving Consumer Goods,2024-11-21,443.9,446.84,438.51,440.2,20313155
INE154A01025,ITC,ITC Ltd.,Fast Moving Consumer Goods,2024-11-22,439.28,458.83,438.61,457.05,20214206
INE154A01025,ITC,ITC Ltd.,Fast Moving Consumer Goods,2024-11-25,461.24,464.32,454.88,459.12,14427013
INE154A01025,ITC,ITC Ltd.,Fast Moving Consumer Goods,2024-11-26,462.2,464.75,456.52,459.31,6791715
INE154A01025,ITC,ITC Ltd.,Fast Moving Consumer Goods,2024-11-27,459.79,462.3,455.46,459.26,7339184
INE154A01025,ITC,ITC Ltd.,Fast Moving Consumer Goods,2024-11-28,459.31,465.86,453.1,457.29,14967609
INE154A01025,ITC,ITC Ltd.,Fast Moving Consumer Goods,2024-11-29,455.65,461.14,455.07,459.07,8668142
INE154A01025,ITC,ITC Ltd.,Fast Moving Consumer Goods,2024-12-02,458.35,461.53,455.84,459.5,5689595
INE154A01025,ITC,ITC Ltd.,Fast Moving Consumer Goods,2024-12-03,448.72,455.84,445.59,455.03,23073942
INE154A01025,ITC,ITC Ltd.,Fast Moving Consumer Goods,2024-12-04,456.81,460.47,449.1,449.78,13957078
INE154A01025,ITC,ITC Ltd.,Fast Moving Consumer Goods,2024-12-05,450.21,455.22,445.35,450.16,27432375
INE154A01025,ITC,ITC Ltd.,Fast Moving Consumer Goods,2024-12-06,452.57,457.34,450.36,453.68,7842234
INE154A01025,ITC,ITC Ltd.,Fast Moving Consumer Goods,2024-12-09,454.01,454.5,445.78,447.71,12154116
INE154A01025,ITC,ITC Ltd.,Fast Moving Consumer Goods,2024-12-10,448.09,449.15,445.44,448.19,9163636
INE154A01025,ITC,ITC Ltd.,Fast Moving Consumer Goods,2024-12-11,449.87,450.84,447.47,448.0,7005617
INE154A01025,ITC,ITC Ltd.,Fast Moving Consumer Goods,2024-12-12,448.24,450.55,442.12,443.52,13380617
INE154A01025,ITC,ITC Ltd.,Fast Moving Consumer Goods,2024-12-13,442.94,456.81,434.9,452.57,32976794
INE154A01025,ITC,ITC Ltd.,Fast Moving Consumer Goods,2024-12-16,452.81,456.81,450.64,452.67,9354160
INE154A01025,ITC,ITC Ltd.,Fast Moving Consumer Goods,2024-12-17,452.57,458.16,445.88,452.14,20608409
INE154A01025,ITC,ITC Ltd.,Fast Moving Consumer Goods,2024-12-18,455.17,456.23,449.59,453.05,12841386
INE154A01025,ITC,ITC Ltd.,Fast Moving Consumer Goods,2024-12-19,451.61,456.76,448.04,449.25,15161531
INE154A01025,ITC,ITC Ltd.,Fast Moving Consumer Goods,2024-12-20,449.2,450.11,442.27,447.42,20231570
INE154A01025,ITC,ITC Ltd.,Fast Moving Consumer Goods,2024-12-23,453.73,459.98,450.26,456.66,19562956
INE154A01025,ITC,ITC Ltd.,Fast Moving Consumer Goods,2024-12-24,457.29,462.44,455.12,460.71,12009880
INE154A01025,ITC,ITC Ltd.,Fast Moving Consumer Goods,2024-12-26,462.73,463.98,458.35,459.26,9188830
INE154A01025,ITC,ITC Ltd.,Fast Moving Consumer Goods,2024-12-27,461.96,464.03,458.35,460.85,16906420
INE154A01025,ITC,ITC Ltd.,Fast Moving Consumer Goods,2024-12-30,462.92,463.6,458.35,459.31,13578360
INE154A01025,ITC,ITC Ltd.,Fast Moving Consumer Goods,2024-12-31,460.71,466.68,456.95,465.71,13787501
INE154A01025,ITC,ITC Ltd.,Fast Moving Consumer Goods,2025-01-01,467.98,468.8,464.27,466.0,18931186
INE154A01025,ITC,ITC Ltd.,Fast Moving Consumer Goods,2025-01-02,467.35,471.83,464.41,470.91,27131131
INE154A01025,ITC,ITC Ltd.,Fast Moving Consumer Goods,2025-01-03,472.07,472.79,462.05,463.74,38500784
INE154A01025,ITC,ITC Ltd.,Fast Moving Consumer Goods,2025-01-06,455.6,461.75,441.25,442.65,22009958
INE154A01025,ITC,ITC Ltd.,Fast Moving Consumer Goods,2025-01-07,445.5,447.6,440.15,441.1,14294780
INE154A01025,ITC,ITC Ltd.,Fast Moving Consumer Goods,2025-01-08,443.0,452.05,437.1,449.55,13482926
INE154A01025,ITC,ITC Ltd.,Fast Moving Consumer Goods,2025-01-09,449.4,460.65,446.05,450.1,19732649
INE154A01025,ITC,ITC Ltd.,Fast Moving Consumer Goods,2025-01-10,449.95,452.0,442.5,444.9,9145729
INE154A01025,ITC,ITC Ltd.,Fast Moving Consumer Goods,2025-01-13,435.0,444.0,435.0,439.05,17799607
INE154A01025,ITC,ITC Ltd.,Fast Moving Consumer Goods,2025-01-14,441.0,441.5,435.85,436.6,18048459
INE154A01025,ITC,ITC Ltd.,Fast Moving Consumer Goods,2025-01-15,436.6,441.8,435.35,437.35,9786805
INE154A01025,ITC,ITC Ltd.,Fast Moving Consumer Goods,2025-01-16,438.05,439.45,431.1,432.85,15774070
INE154A01025,ITC,ITC Ltd.,Fast Moving Consumer Goods,2025-01-17,433.0,441.8,432.5,440.2,11270061
INE154A01025,ITC,ITC Ltd.,Fast Moving Consumer Goods,2025-01-20,439.0,441.2,436.0,437.7,8742771
INE154A01025,ITC,ITC Ltd.,Fast Moving Consumer Goods,2025-01-21,438.0,447.0,435.25,437.55,15686500
INE154A01025,ITC,ITC Ltd.,Fast Moving Consumer Goods,2025-01-22,439.9,441.95,436.55,437.0,9619648
INE154A01025,ITC,ITC Ltd.,Fast Moving Consumer Goods,2025-01-23,435.0,441.85,434.1,440.2,8888248
INE154A01025,ITC,ITC Ltd.,Fast Moving Consumer Goods,2025-01-24,439.4,445.0,439.05,441.6,9665384
INE154A01025,ITC,ITC Ltd.,Fast Moving Consumer Goods,2025-01-27,440.8,445.0,436.55,440.1,10480203
INE154A01025,ITC,ITC Ltd.,Fast Moving Consumer Goods,2025-01-28,440.0,441.8,434.5,435.45,20813072
INE154A01025,ITC,ITC Ltd.,Fast Moving Consumer Goods,2025-01-29,435.95,437.5,430.1,433.35,15158510
INE154A01025,ITC,ITC Ltd.,Fast Moving Consumer Goods,2025-01-30,433.0,438.0,431.45,436.2,22496695
INE154A01025,ITC,ITC Ltd.,Fast Moving Consumer Goods,2025-01-31,436.5,448.2,435.1,447.5,13546181
INE154A01025,ITC,ITC Ltd.,Fast Moving Consumer Goods,2025-02-01,448.0,471.5,439.55,462.55,30393007
INE154A01025,ITC,ITC Ltd.,Fast Moving Consumer Goods,2025-02-03,462.0,465.2,452.3,454.35,16991730
INE154A01025,ITC,ITC Ltd.,Fast Moving Consumer Goods,2025-02-04,458.0,460.35,448.75,455.15,18923681
INE154A01025,ITC,ITC Ltd.,Fast Moving Consumer Goods,2025-02-05,455.15,455.85,446.5,448.15,12836283
INE154A01025,ITC,ITC Ltd.,Fast Moving Consumer Goods,2025-02-06,450.0,450.0,438.2,441.1,17469129
INE154A01025,ITC,ITC Ltd.,Fast Moving Consumer Goods,2025-02-07,440.0,445.5,428.4,430.85,18875982
INE154A01025,ITC,ITC Ltd.,Fast Moving Consumer Goods,2025-02-10,427.0,433.3,426.5,427.2,12227140
INE154A01025,ITC,ITC Ltd.,Fast Moving Consumer Goods,2025-02-11,428.8,430.55,417.5,418.3,14288751
INE154A01025,ITC,ITC Ltd.,Fast Moving Consumer Goods,2025-02-12,413.15,413.8,407.6,409.9,13884574
INE154A01025,ITC,ITC Ltd.,Fast Moving Consumer Goods,2025-02-13,409.95,413.95,409.0,409.7,12989029
INE154A01025,ITC,ITC Ltd.,Fast Moving Consumer Goods,2025-02-14,411.75,416.2,408.4,410.25,14124236
INE154A01025,ITC,ITC Ltd.,Fast Moving Consumer Goods,2025-02-17,409.8,411.4,406.75,408.6,11975265
INE154A01025,ITC,ITC Ltd.,Fast Moving Consumer Goods,2025-02-18,408.0,410.85,404.0,405.25,12998403
INE154A01025,ITC,ITC Ltd.,Fast Moving Consumer Goods,2025-02-19,404.8,408.8,404.5,406.4,7079032
INE154A01025,ITC,ITC Ltd.,Fast Moving Consumer Goods,2025-02-20,399.95,403.9,396.2,402.05,15355585
INE154A01025,ITC,ITC Ltd.,Fast Moving Consumer Goods,2025-02-21,402.05,403.25,399.2,400.9,8240986
INE154A01025,ITC,ITC Ltd.,Fast Moving Consumer Goods,2025-02-24,400.0,403.4,398.75,401.9,7037625
INE154A01025,ITC,ITC Ltd.,Fast Moving Consumer Goods,2025-02-25,402.0,407.0,400.5,404.85,15760891
INE154A01025,ITC,ITC Ltd.,Fast Moving Consumer Goods,2025-02-27,404.85,406.5,399.5,401.6,19051003
INE154A01025,ITC,ITC Ltd.,Fast Moving Consumer Goods,2025-02-28,399.0,402.5,392.2,395.0,31954776
INE154A01025,ITC,ITC Ltd.,Fast Moving Consumer Goods,2025-03-03,395.95,399.0,391.2,397.45,10702826
INE154A01025,ITC,ITC Ltd.,Fast Moving Consumer Goods,2025-03-04,395.4,397.2,392.85,394.85,13404774
INE154A01025,ITC,ITC Ltd.,Fast Moving Consumer Goods,2025-03-05,394.5,412.75,394.5,405.05,15665018
INE154A01025,ITC,ITC Ltd.,Fast Moving Consumer Goods,2025-03-06,409.15,409.7,400.55,405.7,17869996
INE154A01025,ITC,ITC Ltd.,Fast Moving Consumer Goods,2025-03-07,403.55,405.85,401.7,403.9,11180761
INE154A01025,ITC,ITC Ltd.,Fast Moving Consumer Goods,2025-03-10,401.05,406.85,400.4,405.0,9785018
INE154A01025,ITC,ITC Ltd.,Fast Moving Consumer Goods,2025-03-11,401.5,408.4,401.2,406.2,11099475
INE154A01025,ITC,ITC Ltd.,Fast Moving Consumer Goods,2025-03-12,406.4,413.3,404.0,412.4,13844306
INE154A01025,ITC,ITC Ltd.,Fast Moving Consumer Goods,2025-03-13,413.0,414.4,408.2,412.05,8196569
INE154A01025,ITC,ITC Ltd.,Fast Moving Consumer Goods,2025-03-17,413.0,416.25,407.0,407.95,5257805
INE154A01025,ITC,ITC Ltd.,Fast Moving Consumer Goods,2025-03-18,410.0,411.95,407.75,409.1,13861897
INE154A01025,ITC,ITC Ltd.,Fast Moving Consumer Goods,2025-03-19,410.0,410.75,402.6,403.05,12830387
INE154A01025,ITC,ITC Ltd.,Fast Moving Consumer Goods,2025-03-20,405.0,406.65,401.9,403.95,16994037
INE154A01025,ITC,ITC Ltd.,Fast Moving Consumer Goods,2025-03-21,405.95,407.5,401.7,405.55,25302035
INE154A01025,ITC,ITC Ltd.,Fast Moving Consumer Goods,2025-03-24,407.0,412.85,405.6,410.9,14362572
INE154A01025,ITC,ITC Ltd.,Fast Moving Consumer Goods,2025-03-25,412.0,415.25,408.7,409.8,20338110
INE154A01025,ITC,ITC Ltd.,Fast Moving Consumer Goods,2025-03-26,410.3,411.2,406.25,407.35,13891436
INE154A01025,ITC,ITC Ltd.,Fast Moving Consumer Goods,2025-03-27,408.0,410.7,405.65,409.45,18642328
INE154A01025,ITC,ITC Ltd.,Fast Moving Consumer Goods,2025-03-28,410.9,415.6,408.15,409.75,12981873
INE154A01025,ITC,ITC Ltd.,Fast Moving Consumer Goods,2025-04-01,409.8,414.4,405.6,406.65,15206240
INE154A01025,ITC,ITC Ltd.,Fast Moving Consumer Goods,2025-04-02,407.05,410.0,406.05,409.05,8001323
INE154A01025,ITC,ITC Ltd.,Fast Moving Consumer Goods,2025-04-03,407.05,410.2,406.7,409.4,7059566
INE154A01025,ITC,ITC Ltd.,Fast Moving Consumer Goods,2025-04-04,407.5,412.8,404.5,409.7,18627592
INE154A01025,ITC,ITC Ltd.,Fast Moving Consumer Goods,2025-04-07,390.15,408.1,390.15,406.05,26762866
INE154A01025,ITC,ITC Ltd.,Fast Moving Consumer Goods,2025-04-08,411.9,415.8,407.25,412.55,18600796
INE154A01025,ITC,ITC Ltd.,Fast Moving Consumer Goods,2025-04-09,413.0,419.05,411.25,416.3,21785572
INE154A01025,ITC,ITC Ltd.,Fast Moving Consumer Goods,2025-04-11,420.0,422.45,417.0,421.55,8939356
INE154A01025,ITC,ITC Ltd.,Fast Moving Consumer Goods,2025-04-15,429.2,429.2,419.0,420.4,11685880
INE154A01025,ITC,ITC Ltd.,Fast Moving Consumer Goods,2025-04-16,418.0,426.05,418.0,424.45,13034594
INE154A01025,ITC,ITC Ltd.,Fast Moving Consumer Goods,2025-04-17,425.0,427.85,421.55,427.25,22410217
INE154A01025,ITC,ITC Ltd.,Fast Moving Consumer Goods,2025-04-21,428.05,429.1,421.5,422.85,27388236
INE154A01025,ITC,ITC Ltd.,Fast Moving Consumer Goods,2025-04-22,425.95,434.8,423.55,433.6,32031936
INE154A01025,ITC,ITC Ltd.,Fast Moving Consumer Goods,2025-04-23,436.2,437.45,428.85,430.85,19566317
INE154A01025,ITC,ITC Ltd.,Fast Moving Consumer Goods,2025-04-24,431.85,436.05,429.3,430.05,26064089
INE154A01025,ITC,ITC Ltd.,Fast Moving Consumer Goods,2025-04-25,430.05,432.7,423.3,427.8,22944377
INE154A01025,ITC,ITC Ltd.,Fast Moving Consumer Goods,2025-04-28,426.65,430.5,424.75,428.8,6287095
INE154A01025,ITC,ITC Ltd.,Fast Moving Consumer Goods,2025-04-29,428.9,429.6,425.0,426.0,11189930
INE154A01025,ITC,ITC Ltd.,Fast Moving Consumer Goods,2025-04-30,427.4,429.3,422.0,425.8,10026546
INE154A01025,ITC,ITC Ltd.,Fast Moving Consumer Goods,2025-05-02,424.1,431.5,424.1,429.5,9263372
INE154A01025,ITC,ITC Ltd.,Fast Moving Consumer Goods,2025-05-05,430.25,438.5,429.35,436.95,11525305
INE154A01025,ITC,ITC Ltd.,Fast Moving Consumer Goods,2025-05-06,437.5,439.65,433.0,435.55,15026568
INE154A01025,ITC,ITC Ltd.,Fast Moving Consumer Goods,2025-05-07,433.4,435.0,429.7,431.15,9710361
INE154A01025,ITC,ITC Ltd.,Fast Moving Consumer Goods,2025-05-08,429.0,431.5,423.55,430.6,19937960
INE154A01025,ITC,ITC Ltd.,Fast Moving Consumer Goods,2025-05-09,425.95,429.15,423.0,423.55,8226512
INE154A01025,ITC,ITC Ltd.,Fast Moving Consumer Goods,2025-05-12,429.5,436.2,428.15,435.5,8031891
INE154A01025,ITC,ITC Ltd.,Fast Moving Consumer Goods,2025-05-13,434.9,437.95,425.35,427.9,14976369
INE154A01025,ITC,ITC Ltd.,Fast Moving Consumer Goods,2025-05-14,427.1,431.85,425.9,429.1,9557309
INE154A01025,ITC,ITC Ltd.,Fast Moving Consumer Goods,2025-05-15,429.1,435.4,426.0,432.65,24263510
INE154A01025,ITC,ITC Ltd.,Fast Moving Consumer Goods,2025-05-16,434.9,436.2,432.1,435.7,16402035
INE154A01025,ITC,ITC Ltd.,Fast Moving Consumer Goods,2025-05-19,435.0,438.5,432.65,435.35,7543854
INE154A01025,ITC,ITC Ltd.,Fast Moving Consumer Goods,2025-05-20,437.0,440.8,432.9,434.9,9868414
INE154A01025,ITC,ITC Ltd.,Fast Moving Consumer Goods,2025-05-21,436.6,438.2,432.0,433.0,5776672
INE154A01025,ITC,ITC Ltd.,Fast Moving Consumer Goods,2025-05-22,433.0,433.0,422.9,426.1,19451749
INE154A01025,ITC,ITC Ltd.,Fast Moving Consumer Goods,2025-05-23,434.0,439.0,429.0,436.3,18536884
INE154A01025,ITC,ITC Ltd.,Fast Moving Consumer Goods,2025-05-26,438.25,443.55,436.75,442.9,13107662
INE154A01025,ITC,ITC Ltd.,Fast Moving Consumer Goods,2025-05-27,442.9,444.2,430.85,433.9,26986022
INE154A01025,ITC,ITC Ltd.,Fast Moving Consumer Goods,2025-05-28,417.7,422.6,413.0,420.2,431851622
INE154A01025,ITC,ITC Ltd.,Fast Moving Consumer Goods,2025-05-29,422.0,422.8,416.6,418.75,21478547
INE154A01025,ITC,ITC Ltd.,Fast Moving Consumer Goods,2025-05-30,419.1,420.05,416.4,418.05,30656239
INE154A01025,ITC,ITC Ltd.,Fast Moving Consumer Goods,2025-06-02,418.3,420.45,414.55,419.3,14973380
INE154A01025,ITC,ITC Ltd.,Fast Moving Consumer Goods,2025-06-03,419.0,421.7,415.65,416.95,13216486
INE154A01025,ITC,ITC Ltd.,Fast Moving Consumer Goods,2025-06-04,417.15,419.0,415.95,417.0,12598933
INE154A01025,ITC,ITC Ltd.,Fast Moving Consumer Goods,2025-06-05,418.5,420.95,415.75,419.1,13212523
INE154A01025,ITC,ITC Ltd.,Fast Moving Consumer Goods,2025-06-06,420.3,421.3,419.0,421.05,8774988
INE154A01025,ITC,ITC Ltd.,Fast Moving Consumer Goods,2025-06-09,422.0,423.6,420.5,423.05,10473123
INE154A01025,ITC,ITC Ltd.,Fast Moving Consumer Goods,2025-06-10,424.5,428.55,423.05,427.0,13041075
INE154A01025,ITC,ITC Ltd.,Fast Moving Consumer Goods,2025-06-11,428.0,428.1,424.85,426.15,20789182
INE154A01025,ITC,ITC Ltd.,Fast Moving Consumer Goods,2025-06-12,427.0,427.2,419.55,421.0,18508835
INE154A01025,ITC,ITC Ltd.,Fast Moving Consumer Goods,2025-06-13,415.0,419.35,413.5,413.9,17873926
INE154A01025,ITC,ITC Ltd.,Fast Moving Consumer Goods,2025-06-16,414.95,418.9,413.25,418.2,7006629
INE154A01025,ITC,ITC Ltd.,Fast Moving Consumer Goods,2025-06-17,418.1,419.05,415.7,417.4,9028406
INE154A01025,ITC,ITC Ltd.,Fast Moving Consumer Goods,2025-06-18,417.0,418.45,414.9,415.9,8036215
INE154A01025,ITC,ITC Ltd.,Fast Moving Consumer Goods,2025-06-19,415.65,418.25,414.8,416.0,12601006
INE154A01025,ITC,ITC Ltd.,Fast Moving Consumer Goods,2025-06-20,416.0,419.5,416.0,418.55,13203184
INE154A01025,ITC,ITC Ltd.,Fast Moving Consumer Goods,2025-06-23,417.0,417.5,411.75,413.9,14839890
INE154A01025,ITC,ITC Ltd.,Fast Moving Consumer Goods,2025-06-24,416.9,420.65,413.75,414.35,16690068
INE154A01025,ITC,ITC Ltd.,Fast Moving Consumer Goods,2025-06-25,416.4,418.15,415.1,416.35,9946718
INE154A01025,ITC,ITC Ltd.,Fast Moving Consumer Goods,2025-06-26,417.2,420.9,416.25,420.3,13703918
INE154A01025,ITC,ITC Ltd.,Fast Moving Consumer Goods,2025-06-27,421.0,422.0,417.8,418.65,21409935
INE154A01025,ITC,ITC Ltd.,Fast Moving Consumer Goods,2025-06-30,419.8,420.75,415.8,416.45,12317124
INE154A01025,ITC,ITC Ltd.,Fast Moving Consumer Goods,2025-07-01,417.0,418.85,414.9,415.1,13670465
INE154A01025,ITC,ITC Ltd.,Fast Moving Consumer Goods,2025-07-02,416.9,416.9,411.7,412.95,15990899
INE154A01025,ITC,ITC Ltd.,Fast Moving Consumer Goods,2025-07-03,414.0,416.0,411.25,413.35,14185298
INE154A01025,ITC,ITC Ltd.,Fast Moving Consumer Goods,2025-07-04,414.9,415.0,411.75,412.55,8256733
INE154A01025,ITC,ITC Ltd.,Fast Moving Consumer Goods,2025-07-07,413.0,417.2,412.0,416.15,6845218
INE154A01025,ITC,ITC Ltd.,Fast Moving Consumer Goods,2025-07-08,416.15,418.1,414.65,417.2,6807192
INE154A01025,ITC,ITC Ltd.,Fast Moving Consumer Goods,2025-07-09,416.2,420.3,415.45,419.45,9930533
INE154A01025,ITC,ITC Ltd.,Fast Moving Consumer Goods,2025-07-10,420.3,420.3,416.4,416.85,6220360
INE154A01025,ITC,ITC Ltd.,Fast Moving Consumer Goods,2025-07-11,417.0,418.05,415.5,416.8,8578844
INE154A01025,ITC,ITC Ltd.,Fast Moving Consumer Goods,2025-07-14,417.05,419.95,416.55,419.4,6896989
INE154A01025,ITC,ITC Ltd.,Fast Moving Consumer Goods,2025-07-15,420.9,422.4,419.0,422.1,8532755
INE154A01025,ITC,ITC Ltd.,Fast Moving Consumer Goods,2025-07-16,422.1,425.45,420.3,424.6,9780773
INE154A01025,ITC,ITC Ltd.,Fast Moving Consumer Goods,2025-07-17,425.8,425.9,423.0,423.95,7240795
INE154A01025,ITC,ITC Ltd.,Fast Moving Consumer Goods,2025-07-18,425.2,425.2,420.1,422.75,6730256
INE154A01025,ITC,ITC Ltd.,Fast Moving Consumer Goods,2025-07-21,422.0,422.75,418.4,420.1,4822343
INE154A01025,ITC,ITC Ltd.,Fast Moving Consumer Goods,2025-07-22,420.1,420.4,415.2,416.0,9869507
INE154A01025,ITC,ITC Ltd.,Fast Moving Consumer Goods,2025-07-23,417.1,417.9,414.0,414.95,12196187
INE154A01025,ITC,ITC Ltd.,Fast Moving Consumer Goods,2025-07-24,415.85,415.85,409.45,409.95,9005157
INE154A01025,ITC,ITC Ltd.,Fast Moving Consumer Goods,2025-07-25,410.0,410.25,407.75,409.4,5824089
INE154A01025,ITC,ITC Ltd.,Fast Moving Consumer Goods,2025-07-28,410.8,410.85,408.6,409.9,8123337
INE154A01025,ITC,ITC Ltd.,Fast Moving Consumer Goods,2025-07-29,410.0,411.4,408.0,408.45,6811772
INE154A01025,ITC,ITC Ltd.,Fast Moving Consumer Goods,2025-07-30,409.0,409.3,405.75,407.6,10915863
INE154A01025,ITC,ITC Ltd.,Fast Moving Consumer Goods,2025-07-31,405.95,414.0,405.55,411.95,19364174
INE154A01025,ITC,ITC Ltd.,Fast Moving Consumer Goods,2025-08-01,412.4,419.35,411.8,416.45,14324065
INE154A01025,ITC,ITC Ltd.,Fast Moving Consumer Goods,2025-08-04,420.2,422.5,415.1,416.85,18352458
INE154A01025,ITC,ITC Ltd.,Fast Moving Consumer Goods,2025-08-05,417.2,417.95,413.0,414.15,8495104
INE154A01025,ITC,ITC Ltd.,Fast Moving Consumer Goods,2025-08-06,414.15,415.0,410.5,412.0,9080543
INE154A01025,ITC,ITC Ltd.,Fast Moving Consumer Goods,2025-08-07,412.0,414.75,411.65,413.6,11514878
INE154A01025,ITC,ITC Ltd.,Fast Moving Consumer Goods,2025-08-08,413.9,415.35,412.95,414.5,9814361
INE154A01025,ITC,ITC Ltd.,Fast Moving Consumer Goods,2025-08-11,414.5,417.0,414.0,416.85,8514272
INE154A01025,ITC,ITC Ltd.,Fast Moving Consumer Goods,2025-08-12,417.0,419.8,415.3,416.35,13635738
INE154A01025,ITC,ITC Ltd.,Fast Moving Consumer Goods,2025-08-13,417.2,417.5,413.6,414.1,10874910
INE154A01025,ITC,ITC Ltd.,Fast Moving Consumer Goods,2025-08-14,414.25,415.05,411.0,411.45,9580361
INE154A01025,ITC,ITC Ltd.,Fast Moving Consumer Goods,2025-08-18,413.0,413.7,404.85,406.3,30950814
INE154A01025,ITC,ITC Ltd.,Fast Moving Consumer Goods,2025-08-19,406.35,409.4,404.5,409.1,16681331
INE154A01025,ITC,ITC Ltd.,Fast Moving Consumer Goods,2025-08-20,409.1,410.25,405.45,406.05,18188129
INE154A01025,ITC,ITC Ltd.,Fast Moving Consumer Goods,2025-08-21,406.05,406.85,403.35,405.55,15028966
INE154A01025,ITC,ITC Ltd.,Fast Moving Consumer Goods,2025-08-22,406.0,406.5,397.5,398.3,13087624
INE154A01025,ITC,ITC Ltd.,Fast Moving Consumer Goods,2025-08-25,399.0,400.55,396.25,399.35,10440286
INE154A01025,ITC,ITC Ltd.,Fast Moving Consumer Goods,2025-08-26,399.3,405.4,398.4,403.35,13715752
INE154A01025,ITC,ITC Ltd.,Fast Moving Consumer Goods,2025-08-28,404.5,404.5,400.0,400.9,12471719
INE154A01025,ITC,ITC Ltd.,Fast Moving Consumer Goods,2025-08-29,402.0,410.45,401.9,409.75,25255050
INE154A01025,ITC,ITC Ltd.,Fast Moving Consumer Goods,2025-09-01,409.75,410.2,405.0,405.85,12268090
INE154A01025,ITC,ITC Ltd.,Fast Moving Consumer Goods,2025-09-02,406.55,407.85,404.45,406.75,19808255
INE154A01025,ITC,ITC Ltd.,Fast Moving Consumer Goods,2025-09-03,408.5,413.25,407.3,411.75,12936588
INE154A01025,ITC,ITC Ltd.,Fast Moving Consumer Goods,2025-09-04,423.95,427.0,415.0,415.9,27274123
INE154A01025,ITC,ITC Ltd.,Fast Moving Consumer Goods,2025-09-05,416.9,417.0,404.4,407.35,16000675
INE154A01025,ITC,ITC Ltd.,Fast Moving Consumer Goods,2025-09-08,407.45,410.55,406.8,407.55,7419022
INE154A01025,ITC,ITC Ltd.,Fast Moving Consumer Goods,2025-09-09,408.5,410.95,407.4,410.05,8825896
INE154A01025,ITC,ITC Ltd.,Fast Moving Consumer Goods,2025-09-10,411.0,413.7,408.95,413.05,9252397
INE154A01025,ITC,ITC Ltd.,Fast Moving Consumer Goods,2025-09-11,413.05,416.7,412.45,415.05,8274406
INE154A01025,ITC,ITC Ltd.,Fast Moving Consumer Goods,2025-09-12,415.35,417.05,412.85,413.75,7803379
INE154A01025,ITC,ITC Ltd.,Fast Moving Consumer Goods,2025-09-15,413.05,414.3,411.75,412.65,5707331
INE154A01025,ITC,ITC Ltd.,Fast Moving Consumer Goods,2025-09-16,413.2,414.35,412.0,413.1,8239087
INE154A01025,ITC,ITC Ltd.,Fast Moving Consumer Goods,2025-09-17,413.95,414.6,408.05,409.3,14113882
INE154A01025,ITC,ITC Ltd.,Fast Moving Consumer Goods,2025-09-18,411.35,413.05,410.1,411.55,15647808
INE154A01025,ITC,ITC Ltd.,Fast Moving Consumer Goods,2025-09-19,411.55,412.6,408.95,410.65,19505321
INE154A01025,ITC,ITC Ltd.,Fast Moving Consumer Goods,2025-09-22,410.65,411.0,406.05,406.95,8930779
INE154A01025,ITC,ITC Ltd.,Fast Moving Consumer Goods,2025-09-23,407.1,408.1,402.1,403.2,14936357
INE154A01025,ITC,ITC Ltd.,Fast Moving Consumer Goods,2025-09-24,403.2,404.65,400.7,401.0,12380865
INE154A01025,ITC,ITC Ltd.,Fast Moving Consumer Goods,2025-09-25,401.45,403.0,398.0,400.1,22006368
INE154A01025,ITC,ITC Ltd.,Fast Moving Consumer Goods,2025-09-26,400.1,405.9,399.8,405.1,14414044
INE154A01025,ITC,ITC Ltd.,Fast Moving Consumer Goods,2025-09-29,406.9,408.0,403.2,407.25,19717660
INE154A01025,ITC,ITC Ltd.,Fast Moving Consumer Goods,2025-09-30,406.75,406.75,400.4,401.55,9465490
INE154A01025,ITC,ITC Ltd.,Fast Moving Consumer Goods,2025-10-01,402.35,406.0,399.75,405.6,17643039
INE154A01025,ITC,ITC Ltd.,Fast Moving Consumer Goods,2025-10-03,404.9,405.5,402.3,404.3,16987141
INE154A01025,ITC,ITC Ltd.,Fast Moving Consumer Goods,2025-10-06,403.0,403.9,399.8,400.75,13989077
INE154A01025,ITC,ITC Ltd.,Fast Moving Consumer Goods,2025-10-07,402.5,402.6,399.5,399.8,12298968
INE154A01025,ITC,ITC Ltd.,Fast Moving Consumer Goods,2025-10-08,400.0,401.75,398.0,399.75,8402463
INE154A01025,ITC,ITC Ltd.,Fast Moving Consumer Goods,2025-10-09,399.0,401.4,398.95,399.9,15656267
INE154A01025,ITC,ITC Ltd.,Fast Moving Consumer Goods,2025-10-10,400.45,403.85,399.5,402.8,15085738
INE154A01025,ITC,ITC Ltd.,Fast Moving Consumer Goods,2025-10-13,400.0,400.95,398.55,399.25,9508594
INE154A01025,ITC,ITC Ltd.,Fast Moving Consumer Goods,2025-10-14,400.0,400.85,396.2,396.8,10291102
INE154A01025,ITC,ITC Ltd.,Fast Moving Consumer Goods,2025-10-15,398.0,400.85,397.25,399.9,16043867
INE154A01025,ITC,ITC Ltd.,Fast Moving Consumer Goods,2025-10-16,401.0,406.0,399.55,405.15,22962049
INE154A01025,ITC,ITC Ltd.,Fast Moving Consumer Goods,2025-10-17,405.35,413.85,405.25,412.15,21071344
INE154A01025,ITC,ITC Ltd.,Fast Moving Consumer Goods,2025-10-20,412.55,414.85,411.3,413.05,13083621
INE154A01025,ITC,ITC Ltd.,Fast Moving Consumer Goods,2025-10-21,413.5,413.95,412.35,412.85,1142130
INE154A01025,ITC,ITC Ltd.,Fast Moving Consumer Goods,2025-10-23,416.0,420.45,413.55,415.95,24305990
INE154A01025,ITC,ITC Ltd.,Fast Moving Consumer Goods,2025-10-24,415.95,417.95,413.45,416.8,14935678
INE154A01025,ITC,ITC Ltd.,Fast Moving Consumer Goods,2025-10-27,417.0,422.7,416.6,420.65,11603679
INE154A01025,ITC,ITC Ltd.,Fast Moving Consumer Goods,2025-10-28,420.5,421.65,415.9,417.9,17163147
INE154A01025,ITC,ITC Ltd.,Fast Moving Consumer Goods,2025-10-29,418.2,422.2,416.05,421.6,11470661
INE154A01025,ITC,ITC Ltd.,Fast Moving Consumer Goods,2025-10-30,421.6,421.7,416.15,418.75,12938674
INE154A01025,ITC,ITC Ltd.,Fast Moving Consumer Goods,2025-10-31,420.5,426.4,418.2,420.35,18599864
INE154A01025,ITC,ITC Ltd.,Fast Moving Consumer Goods,2025-11-03,419.95,421.65,413.3,413.95,7635440
INE154A01025,ITC,ITC Ltd.,Fast Moving Consumer Goods,2025-11-04,414.0,414.5,408.35,408.9,10085404
INE154A01025,ITC,ITC Ltd.,Fast Moving Consumer Goods,2025-11-06,410.0,413.3,406.55,407.5,10095563
INE154A01025,ITC,ITC Ltd.,Fast Moving Consumer Goods,2025-11-07,406.05,409.1,403.1,404.05,8411611
INE154A01025,ITC,ITC Ltd.,Fast Moving Consumer Goods,2025-11-10,404.05,407.1,403.65,405.55,6650003
INE154A01025,ITC,ITC Ltd.,Fast Moving Consumer Goods,2025-11-11,406.0,408.05,404.6,406.85,12005318
INE154A01025,ITC,ITC Ltd.,Fast Moving Consumer Goods,2025-11-12,408.0,408.1,405.55,407.0,7987236
INE154A01025,ITC,ITC Ltd.,Fast Moving Consumer Goods,2025-11-13,407.0,407.5,404.5,405.7,6617185
INE154A01025,ITC,ITC Ltd.,Fast Moving Consumer Goods,2025-11-14,404.7,408.75,400.1,408.15,64020258
INE154A01025,ITC,ITC Ltd.,Fast Moving Consumer Goods,2025-11-17,409.75,412.0,406.0,407.1,7855399
INE154A01025,ITC,ITC Ltd.,Fast Moving Consumer Goods,2025-11-18,408.25,409.8,404.55,405.85,7661681
INE154A01025,ITC,ITC Ltd.,Fast Moving Consumer Goods,2025-11-19,404.85,405.55,402.8,403.55,7882450
INE154A01025,ITC,ITC Ltd.,Fast Moving Consumer Goods,2025-11-20,403.55,407.0,403.25,405.45,6693410
INE154A01025,ITC,ITC Ltd.,Fast Moving Consumer Goods,2025-11-21,405.0,408.5,404.7,407.85,5808131
INE154A01025,ITC,ITC Ltd.,Fast Moving Consumer Goods,2025-11-24,408.4,408.8,402.85,403.55,11037491
INE154A01025,ITC,ITC Ltd.,Fast Moving Consumer Goods,2025-11-25,403.55,404.5,400.1,400.8,8199785
INE154A01025,ITC,ITC Ltd.,Fast Moving Consumer Goods,2025-11-26,401.0,403.95,400.95,402.3,11443953
INE154A01025,ITC,ITC Ltd.,Fast Moving Consumer Goods,2025-11-27,403.5,405.95,402.1,404.3,8679529
INE154A01025,ITC,ITC Ltd.,Fast Moving Consumer Goods,2025-11-28,404.3,405.0,402.5,404.25,6883500
INE154A01025,ITC,ITC Ltd.,Fast Moving Consumer Goods,2025-12-01,402.8,405.5,398.2,404.25,13442658
INE154A01025,ITC,ITC Ltd.,Fast Moving Consumer Goods,2025-12-02,404.25,405.5,400.5,400.95,8093808
INE154A01025,ITC,ITC Ltd.,Fast Moving Consumer Goods,2025-12-03,401.7,402.2,398.85,400.5,10772192
INE154A01025,ITC,ITC Ltd.,Fast Moving Consumer Goods,2025-12-04,400.1,403.55,399.05,403.05,8057989
INE154A01025,ITC,ITC Ltd.,Fast Moving Consumer Goods,2025-12-05,403.05,405.35,402.0,404.95,4419747
INE154A01025,ITC,ITC Ltd.,Fast Moving Consumer Goods,2025-12-08,404.95,405.25,400.55,402.3,6056866
INE154A01025,ITC,ITC Ltd.,Fast Moving Consumer Goods,2025-12-09,402.0,404.5,400.0,401.05,9426717
INE154A01025,ITC,ITC Ltd.,Fast Moving Consumer Goods,2025-12-10,401.1,404.4,401.0,403.15,6969146
INE154A01025,ITC,ITC Ltd.,Fast Moving Consumer Goods,2025-12-11,403.15,404.0,401.1,402.9,6980147
INE154A01025,ITC,ITC Ltd.,Fast Moving Consumer Goods,2025-12-12,402.9,404.0,399.85,400.1,12407516
INE154A01025,ITC,ITC Ltd.,Fast Moving Consumer Goods,2025-12-15,400.1,403.35,399.5,402.3,7756564
INE154A01025,ITC,ITC Ltd.,Fast Moving Consumer Goods,2025-12-16,401.4,405.75,401.05,401.7,12347384
INE154A01025,ITC,ITC Ltd.,Fast Moving Consumer Goods,2025-12-17,401.0,403.1,399.1,399.8,8087490
INE154A01025,ITC,ITC Ltd.,Fast Moving Consumer Goods,2025-12-18,400.0,401.95,399.85,400.4,7227668
INE154A01025,ITC,ITC Ltd.,Fast Moving Consumer Goods,2025-12-19,400.25,402.65,400.25,401.05,10654835
INE154A01025,ITC,ITC Ltd.,Fast Moving Consumer Goods,2025-12-22,401.6,403.65,401.2,402.7,6847871
INE154A01025,ITC,ITC Ltd.,Fast Moving Consumer Goods,2025-12-23,402.5,408.9,401.8,407.35,10081997
INE154A01025,ITC,ITC Ltd.,Fast Moving Consumer Goods,2025-12-24,407.95,409.5,405.65,406.6,5777430
INE154A01025,ITC,ITC Ltd.,Fast Moving Consumer Goods,2025-12-26,406.5,407.15,403.85,404.15,3152453
INE154A01025,ITC,ITC Ltd.,Fast Moving Consumer Goods,2025-12-29,404.1,404.8,401.45,402.6,6647710
INE154A01025,ITC,ITC Ltd.,Fast Moving Consumer Goods,2025-12-30,403.0,403.45,400.3,400.6,12340527
INE154A01025,ITC,ITC Ltd.,Fast Moving Consumer Goods,2025-12-31,401.1,403.75,400.85,403.0,9945109
INE154A01025,ITC,ITC Ltd.,Fast Moving Consumer Goods,2026-01-01,402.7,402.7,362.7,363.85,282626710
INE154A01025,ITC,ITC Ltd.,Fast Moving Consumer Goods,2026-01-02,360.0,360.0,345.25,350.05,118790358
INE154A01025,ITC,ITC Ltd.,Fast Moving Consumer Goods,2026-01-05,350.2,353.95,346.05,349.7,48358124
INE154A01025,ITC,ITC Ltd.,Fast Moving Consumer Goods,2026-01-06,350.25,350.7,337.75,342.45,72582738
INE154A01025,ITC,ITC Ltd.,Fast Moving Consumer Goods,2026-01-07,343.0,344.55,339.3,341.25,29440734
INE154A01025,ITC,ITC Ltd.,Fast Moving Consumer Goods,2026-01-08,341.5,345.15,339.05,340.9,36706319
INE154A01025,ITC,ITC Ltd.,Fast Moving Consumer Goods,2026-01-09,340.9,341.0,336.1,337.15,35193201
INE154A01025,ITC,ITC Ltd.,Fast Moving Consumer Goods,2026-01-12,338.25,339.5,335.8,338.4,16156143
INE154A01025,ITC,ITC Ltd.,Fast Moving Consumer Goods,2026-01-13,339.0,339.5,333.7,334.7,24922339
INE154A01025,ITC,ITC Ltd.,Fast Moving Consumer Goods,2026-01-14,336.0,336.0,333.45,334.75,14913422
INE154A01025,ITC,ITC Ltd.,Fast Moving Consumer Goods,2026-01-15,334.75,334.75,334.75,334.75,0
INE154A01025,ITC,ITC Ltd.,Fast Moving Consumer Goods,2026-01-16,337.5,337.5,328.55,329.2,30526898
INE154A01025,ITC,ITC Ltd.,Fast Moving Consumer Goods,2026-01-19,330.0,334.65,327.3,333.2,15507440
INE154A01025,ITC,ITC Ltd.,Fast Moving Consumer Goods,2026-01-20,334.05,334.5,325.5,326.3,18771011
INE154A01025,ITC,ITC Ltd.,Fast Moving Consumer Goods,2026-01-21,326.0,329.3,324.35,324.75,14177965
INE154A01025,ITC,ITC Ltd.,Fast Moving Consumer Goods,2026-01-22,326.1,328.7,321.05,324.85,18622852
INE154A01025,ITC,ITC Ltd.,Fast Moving Consumer Goods,2026-01-23,325.55,326.4,322.7,323.4,11950089
INE154A01025,ITC,ITC Ltd.,Fast Moving Consumer Goods,2026-01-27,323.6,324.7,317.85,318.65,47847784
INE154A01025,ITC,ITC Ltd.,Fast Moving Consumer Goods,2026-01-28,319.95,323.7,319.35,321.15,28400238
INE154A01025,ITC,ITC Ltd.,Fast Moving Consumer Goods,2026-01-29,322.6,322.6,318.05,318.6,17719420
INE154A01025,ITC,ITC Ltd.,Fast Moving Consumer Goods,2026-01-30,318.8,325.15,316.45,322.15,41975824
INE154A01025,ITC,ITC Ltd.,Fast Moving Consumer Goods,2026-02-02,309.45,315.4,302.0,314.7,35227572
INE154A01025,ITC,ITC Ltd.,Fast Moving Consumer Goods,2026-02-03,321.2,324.75,311.6,316.65,33168353
INE154A01025,ITC,ITC Ltd.,Fast Moving Consumer Goods,2026-02-04,312.5,314.95,311.35,313.85,11196759
INE154A01025,ITC,ITC Ltd.,Fast Moving Consumer Goods,2026-02-05,313.95,315.35,309.3,310.2,15816704
INE154A01025,ITC,ITC Ltd.,Fast Moving Consumer Goods,2026-02-06,310.0,327.7,308.3,325.8,68057745
INE154A01025,ITC,ITC Ltd.,Fast Moving Consumer Goods,2026-02-09,327.95,328.7,321.65,322.8,20059198
INE154A01025,ITC,ITC Ltd.,Fast Moving Consumer Goods,2026-02-10,323.0,323.55,320.75,321.4,11489090
INE154A01025,ITC,ITC Ltd.,Fast Moving Consumer Goods,2026-02-11,321.95,322.2,316.3,318.25,24843366
INE154A01025,ITC,ITC Ltd.,Fast Moving Consumer Goods,2026-02-12,317.3,320.4,316.9,317.45,13294561
INE154A01025,ITC,ITC Ltd.,Fast Moving Consumer Goods,2026-02-13,316.0,318.4,313.25,313.75,8730618
INE154A01025,ITC,ITC Ltd.,Fast Moving Consumer Goods,2026-02-16,313.75,318.25,313.15,317.95,11693763
INE154A01025,ITC,ITC Ltd.,Fast Moving Consumer Goods,2026-02-17,318.45,328.05,318.15,325.45,39360672
INE154A01025,ITC,ITC Ltd.,Fast Moving Consumer Goods,2026-02-18,326.0,332.95,324.8,332.45,35473203
INE154A01025,ITC,ITC Ltd.,Fast Moving Consumer Goods,2026-02-19,334.05,334.25,325.0,326.0,19911747
INE154A01025,ITC,ITC Ltd.,Fast Moving Consumer Goods,2026-02-20,325.05,327.85,325.05,327.0,11282027
INE154A01025,ITC,ITC Ltd.,Fast Moving Consumer Goods,2026-02-23,327.0,328.1,324.4,325.4,13486092
INE154A01025,ITC,ITC Ltd.,Fast Moving Consumer Goods,2026-02-24,324.0,325.4,322.05,323.5,13135859
INE154A01025,ITC,ITC Ltd.,Fast Moving Consumer Goods,2026-02-25,325.5,326.6,318.1,319.75,13492101
INE154A01025,ITC,ITC Ltd.,Fast Moving Consumer Goods,2026-02-26,320.0,321.4,317.6,318.3,11270119
INE154A01025,ITC,ITC Ltd.,Fast Moving Consumer Goods,2026-02-27,316.0,317.75,312.65,313.6,13892595
INE154A01025,ITC,ITC Ltd.,Fast Moving Consumer Goods,2026-03-02,307.0,315.75,307.0,314.9,22194311
INE154A01025,ITC,ITC Ltd.,Fast Moving Consumer Goods,2026-03-04,310.6,315.5,310.5,311.95,24165489
INE154A01025,ITC,ITC Ltd.,Fast Moving Consumer Goods,2026-03-05,312.2,313.6,308.2,311.5,19938009
INE154A01025,ITC,ITC Ltd.,Fast Moving Consumer Goods,2026-03-06,310.05,312.3,309.2,309.7,21288269
INE154A01025,ITC,ITC Ltd.,Fast Moving Consumer Goods,2026-03-09,305.0,307.2,303.6,306.0,14084931
INE154A01025,ITC,ITC Ltd.,Fast Moving Consumer Goods,2026-03-10,309.0,310.0,303.75,309.05,18352950
INE154A01025,ITC,ITC Ltd.,Fast Moving Consumer Goods,2026-03-11,309.05,310.65,307.7,309.0,14842485
INE154A01025,ITC,ITC Ltd.,Fast Moving Consumer Goods,2026-03-12,307.05,308.0,302.85,304.1,23319679
INE154A01025,ITC,ITC Ltd.,Fast Moving Consumer Goods,2026-03-13,304.0,306.0,300.65,301.45,25659996
INE154A01025,ITC,ITC Ltd.,Fast Moving Consumer Goods,2026-03-16,302.55,309.45,302.0,308.25,37472204
INE154A01025,ITC,ITC Ltd.,Fast Moving Consumer Goods,2026-03-17,309.95,309.95,304.05,304.85,25649286
INE154A01025,ITC,ITC Ltd.,Fast Moving Consumer Goods,2026-03-18,305.9,306.95,303.5,304.05,16702554
INE154A01025,ITC,ITC Ltd.,Fast Moving Consumer Goods,2026-03-19,301.5,305.5,297.1,298.0,17851126
INE154A01025,ITC,ITC Ltd.,Fast Moving Consumer Goods,2026-03-20,301.05,308.75,298.15,299.95,58679529
INE154A01025,ITC,ITC Ltd.,Fast Moving Consumer Goods,2026-03-23,298.9,299.0,289.55,290.45,31788160
INE154A01025,ITC,ITC Ltd.,Fast Moving Consumer Goods,2026-03-24,295.95,296.0,288.75,291.25,33335721
INE154A01025,ITC,ITC Ltd.,Fast Moving Consumer Goods,2026-03-25,292.7,298.5,292.25,295.7,26184716
INE154A01025,ITC,ITC Ltd.,Fast Moving Consumer Goods,2026-03-27,294.7,296.85,291.55,294.7,22179022
INE154A01025,ITC,ITC Ltd.,Fast Moving Consumer Goods,2026-03-30,293.6,294.45,287.0,287.7,24586921
INE154A01025,ITC,ITC Ltd.,Fast Moving Consumer Goods,2026-04-01,293.0,294.45,290.9,291.7,18604340
INE154A01025,ITC,ITC Ltd.,Fast Moving Consumer Goods,2026-04-02,290.25,293.65,288.4,292.85,18082775
INE154A01025,ITC,ITC Ltd.,Fast Moving Consumer Goods,2026-04-06,293.0,295.35,290.25,294.85,18047063
INE154A01025,ITC,ITC Ltd.,Fast Moving Consumer Goods,2026-04-07,294.15,299.0,292.75,298.45,26963485
INE154A01025,ITC,ITC Ltd.,Fast Moving Consumer Goods,2026-04-08,303.9,304.6,301.55,302.45,22310207
INE154A01025,ITC,ITC Ltd.,Fast Moving Consumer Goods,2026-04-09,301.5,304.4,301.25,303.0,17691477
INE154A01025,ITC,ITC Ltd.,Fast Moving Consumer Goods,2026-04-10,303.0,305.4,302.6,304.25,17744386
INE154A01025,ITC,ITC Ltd.,Fast Moving Consumer Goods,2026-04-13,300.0,301.45,298.1,298.65,16522014
INE154A01025,ITC,ITC Ltd.,Fast Moving Consumer Goods,2026-04-15,300.7,304.0,300.55,302.05,18701403
INE154A01025,ITC,ITC Ltd.,Fast Moving Consumer Goods,2026-04-16,302.95,305.35,301.85,303.4,16512053
INE154A01025,ITC,ITC Ltd.,Fast Moving Consumer Goods,2026-04-17,303.85,309.95,303.85,306.8,35111203
INE154A01025,ITC,ITC Ltd.,Fast Moving Consumer Goods,2026-04-20,307.0,307.95,304.45,305.0,13540471
INE154A01025,ITC,ITC Ltd.,Fast Moving Consumer Goods,2026-04-21,305.0,311.1,304.55,309.65,24411865
INE154A01025,ITC,ITC Ltd.,Fast Moving Consumer Goods,2026-04-22,310.0,310.55,305.1,305.5,24500511
INE154A01025,ITC,ITC Ltd.,Fast Moving Consumer Goods,2026-04-23,304.0,306.35,303.25,305.3,10701849
INE154A01025,ITC,ITC Ltd.,Fast Moving Consumer Goods,2026-04-24,306.65,306.65,301.1,301.6,17011704
INE154A01025,ITC,ITC Ltd.,Fast Moving Consumer Goods,2026-04-27,303.65,305.65,302.85,303.85,14382348
INE154A01025,ITC,ITC Ltd.,Fast Moving Consumer Goods,2026-04-28,304.4,305.8,302.55,304.45,12907339
INE154A01025,ITC,ITC Ltd.,Fast Moving Consumer Goods,2026-04-29,305.1,317.5,305.1,316.25,31199038
INE154A01025,ITC,ITC Ltd.,Fast Moving Consumer Goods,2026-04-30,316.25,317.5,313.3,314.9,11541956
INE154A01025,ITC,ITC Ltd.,Fast Moving Consumer Goods,2026-05-01,314.9,314.9,314.9,314.9,0
INE154A01025,ITC,ITC Ltd.,Fast Moving Consumer Goods,2026-05-04,317.9,317.9,310.5,311.1,20245091
INE154A01025,ITC,ITC Ltd.,Fast Moving Consumer Goods,2026-05-05,311.1,313.7,309.65,311.45,26795704
INE154A01025,ITC,ITC Ltd.,Fast Moving Consumer Goods,2026-05-06,312.8,313.6,309.25,310.7,20287609
INE154A01025,ITC,ITC Ltd.,Fast Moving Consumer Goods,2026-05-07,311.45,311.65,307.0,307.4,25718615
INE154A01025,ITC,ITC Ltd.,Fast Moving Consumer Goods,2026-05-08,308.9,308.9,305.7,307.45,17739844
INE154A01025,ITC,ITC Ltd.,Fast Moving Consumer Goods,2026-05-11,307.0,308.0,305.15,305.85,14968661
INE154A01025,ITC,ITC Ltd.,Fast Moving Consumer Goods,2026-05-12,305.35,306.25,300.1,300.7,15968338
INE154A01025,ITC,ITC Ltd.,Fast Moving Consumer Goods,2026-05-13,302.0,305.8,301.05,304.45,13024778
INE154A01025,ITC,ITC Ltd.,Fast Moving Consumer Goods,2026-05-14,305.0,309.2,304.85,307.2,11113377
INE154A01025,ITC,ITC Ltd.,Fast Moving Consumer Goods,2026-05-15,307.2,312.05,306.3,309.45,11954564
INE154A01025,ITC,ITC Ltd.,Fast Moving Consumer Goods,2026-05-18,309.45,312.3,306.5,310.15,14422870
INE154A01025,ITC,ITC Ltd.,Fast Moving Consumer Goods,2026-05-19,311.95,314.25,308.35,310.3,17519355
INE154A01025,ITC,ITC Ltd.,Fast Moving Consumer Goods,2026-05-20,309.0,309.65,306.2,307.55,12127920
INE154A01025,ITC,ITC Ltd.,Fast Moving Consumer Goods,2026-05-21,309.85,311.3,305.8,308.05,21868988
INE154A01025,ITC,ITC Ltd.,Fast Moving Consumer Goods,2026-05-22,305.9,307.0,301.0,301.7,30751752
INE154A01025,ITC,ITC Ltd.,Fast Moving Consumer Goods,2026-05-25,303.95,305.5,302.35,303.95,15734247
INE154A01025,ITC,ITC Ltd.,Fast Moving Consumer Goods,2026-05-26,304.35,304.4,301.1,301.65,37560542
INE154A01025,ITC,ITC Ltd.,Fast Moving Consumer Goods,2026-05-27,295.65,296.35,291.05,291.95,25446093
INE154A01025,ITC,ITC Ltd.,Fast Moving Consumer Goods,2026-05-28,291.95,291.95,291.95,291.95,0
INE154A01025,ITC,ITC Ltd.,Fast Moving Consumer Goods,2026-05-29,292.0,292.4,285.9,286.9,31930439
INE154A01025,ITC,ITC Ltd.,Fast Moving Consumer Goods,2026-06-01,287.8,288.55,278.3,279.65,23477875
INE154A01025,ITC,ITC Ltd.,Fast Moving Consumer Goods,2026-06-02,279.5,283.6,277.1,283.25,20206131
INE154A01025,ITC,ITC Ltd.,Fast Moving Consumer Goods,2026-06-03,282.35,282.35,275.2,277.0,28001438
INE154A01025,ITC,ITC Ltd.,Fast Moving Consumer Goods,2026-06-04,277.0,280.65,275.05,280.3,22017634
INE154A01025,ITC,ITC Ltd.,Fast Moving Consumer Goods,2026-06-05,280.0,281.4,277.85,280.7,16065822
INE154A01025,ITC,ITC Ltd.,Fast Moving Consumer Goods,2026-06-08,279.0,283.45,276.95,279.45,15779677
INE154A01025,ITC,ITC Ltd.,Fast Moving Consumer Goods,2026-06-09,281.7,281.7,277.15,280.0,12302522
INE154A01025,ITC,ITC Ltd.,Fast Moving Consumer Goods,2026-06-10,280.0,285.85,278.65,283.65,19823743
INE154A01025,ITC,ITC Ltd.,Fast Moving Consumer Goods,2026-06-11,283.0,283.25,281.2,282.4,12603100
INE154A01025,ITC,ITC Ltd.,Fast Moving Consumer Goods,2026-06-12,283.55,285.85,283.0,285.1,12893433
INE154A01025,ITC,ITC Ltd.,Fast Moving Consumer Goods,2026-06-15,287.0,288.85,286.7,287.9,11194950
INE154A01025,ITC,ITC Ltd.,Fast Moving Consumer Goods,2026-06-16,288.15,292.15,287.5,291.65,14467499
INE154A01025,ITC,ITC Ltd.,Fast Moving Consumer Goods,2026-06-17,291.95,292.35,290.0,290.75,8626353
INE154A01025,ITC,ITC Ltd.,Fast Moving Consumer Goods,2026-06-18,291.05,291.9,288.0,291.15,10409670
INE154A01025,ITC,ITC Ltd.,Fast Moving Consumer Goods,2026-06-19,289.8,294.55,288.4,292.5,13874008
INE154A01025,ITC,ITC Ltd.,Fast Moving Consumer Goods,2026-06-22,292.8,293.95,290.05,291.25,9947873
INE154A01025,ITC,ITC Ltd.,Fast Moving Consumer Goods,2026-06-23,291.25,293.15,289.65,290.0,9410364
INE154A01025,ITC,ITC Ltd.,Fast Moving Consumer Goods,2026-06-24,290.0,291.4,289.45,290.35,6218635
INE154A01025,ITC,ITC Ltd.,Fast Moving Consumer Goods,2026-06-25,290.35,292.25,289.2,290.0,11230239
INE154A01025,ITC,ITC Ltd.,Fast Moving Consumer Goods,2026-06-26,290.0,290.0,290.0,290.0,0
INE154A01025,ITC,ITC Ltd.,Fast Moving Consumer Goods,2026-06-29,290.45,291.9,289.35,290.7,10110022
INE154A01025,ITC,ITC Ltd.,Fast Moving Consumer Goods,2026-06-30,291.5,291.6,285.5,286.95,18180676
INE154A01025,ITC,ITC Ltd.,Fast Moving Consumer Goods,2026-07-01,287.85,291.0,287.1,290.3,6551425
INE154A01025,ITC,ITC Ltd.,Fast Moving Consumer Goods,2026-07-02,290.7,291.0,287.7,289.9,12722639
INE154A01025,ITC,ITC Ltd.,Fast Moving Consumer Goods,2026-07-03,291.3,291.6,289.0,289.95,6517591
INE154A01025,ITC,ITC Ltd.,Fast Moving Consumer Goods,2026-07-06,289.95,290.4,287.6,288.25,27126124
INE154A01025,ITC,ITC Ltd.,Fast Moving Consumer Goods,2026-07-07,288.3,290.7,286.55,288.75,18491160
INE154A01025,ITC,ITC Ltd.,Fast Moving Consumer Goods,2026-07-08,286.9,287.85,280.0,280.65,21593793
INE154A01025,ITC,ITC Ltd.,Fast Moving Consumer Goods,2026-07-09,281.25,284.4,281.0,282.05,12512120
INE154A01025,ITC,ITC Ltd.,Fast Moving Consumer Goods,2026-07-10,282.85,283.65,280.85,281.75,11774274
INE154A01025,ITC,ITC Ltd.,Fast Moving Consumer Goods,2026-07-13,281.35,281.5,279.5,279.65,12559492
INE154A01025,ITC,ITC Ltd.,Fast Moving Consumer Goods,2026-07-14,279.25,280.65,275.0,275.55,15018851
INE154A01025,ITC,ITC Ltd.,Fast Moving Consumer Goods,2026-07-15,276.65,277.7,275.3,276.65,8523722
INE154A01025,ITC,ITC Ltd.,Fast Moving Consumer Goods,2026-07-16,277.0,280.45,276.0,279.35,11220653
INE154A01025,ITC,ITC Ltd.,Fast Moving Consumer Goods,2026-07-17,279.35,281.95,277.8,280.7,15215868
INE154A01025,ITC,ITC Ltd.,Fast Moving Consumer Goods,2026-07-20,280.7,283.7,279.5,282.7,9913943
INE154A01025,ITC,ITC Ltd.,Fast Moving Consumer Goods,2026-07-21,283.0,283.95,278.8,281.0,9858768
INE154A01025,ITC,ITC Ltd.,Fast Moving Consumer Goods,2026-07-22,280.5,282.2,278.5,280.8,12995017
INE154A01025,ITC,ITC Ltd.,Fast Moving Consumer Goods,2026-07-23,279.95,284.0,279.65,281.3,21143589
INE154A01025,ITC,ITC Ltd.,Fast Moving Consumer Goods,2026-07-24,279.55,284.85,279.55,283.45,24954082
INE154A01025,ITC,ITC Ltd.,Fast Moving Consumer Goods,2026-07-27,287.75,287.9,285.5,285.85,19312804
INE154A01025,ITC,ITC Ltd.,Fast Moving Consumer Goods,2026-07-28,284.9,287.95,282.3,284.65,14843878
INE154A01025,ITC,ITC Ltd.,Fast Moving Consumer Goods,2026-07-29,285.6,289.05,284.15,286.25,19030590
INE154A01025,ITC,ITC Ltd.,Fast Moving Consumer Goods,2026-07-30,286.1,288.4,283.75,285.05,18283697
INE154A01025,ITC,ITC Ltd.,Fast Moving Consumer Goods,2026-07-31,285.55,285.8,280.05,281.0,16833813
INE154A01025,ITC,ITC Ltd.,Fast Moving Consumer Goods,2026-08-03,284.45,292.55,283.0,287.0,45392755
INE154A01025,ITC,ITC Ltd.,Fast Moving Consumer Goods,2026-08-04,286.05,289.0,284.7,289.0,12689243
INE154A01025,ITC,ITC Ltd.,Fast Moving Consumer Goods,2026-08-05,288.25,288.5,285.0,286.95,11771241
INE154A01025,ITC,ITC Ltd.,Fast Moving Consumer Goods,2026-08-06,285.45,286.35,283.7,285.9,12447629
INE154A01025,ITC,ITC Ltd.,Fast Moving Consumer Goods,2026-08-07,285.0,286.1,284.4,286.1,6128841
INE154A01025,ITC,ITC Ltd.,Fast Moving Consumer Goods,2026-08-10,286.1,286.1,281.4,282.65,9347929
INE154A01025,ITC,ITC Ltd.,Fast Moving Consumer Goods,2026-08-11,282.0,282.6,278.0,279.0,13053722
INE154A01025,ITC,ITC Ltd.,Fast Moving Consumer Goods,2026-08-12,279.0,279.55,275.4,276.15,12630816
INE154A01025,ITC,ITC Ltd.,Fast Moving Consumer Goods,2026-08-13,276.2,278.5,276.05,278.5,11335590
INE154A01025,ITC,ITC Ltd.,Fast Moving Consumer Goods,2026-08-14,278.35,278.35,275.95,278.2,7338537
INE154A01025,ITC,ITC Ltd.,Fast Moving Consumer Goods,2026-08-17,278.2,278.2,273.0,273.05,12795275
INE154A01025,ITC,ITC Ltd.,Fast Moving Consumer Goods,2026-08-18,273.05,273.65,269.15,270.0,14561572
INE154A01025,ITC,ITC Ltd.,Fast Moving Consumer Goods,2026-08-19,270.0,270.95,265.85,267.05,13821291
INE154A01025,ITC,ITC Ltd.,Fast Moving Consumer Goods,2026-08-20,268.2,271.65,265.0,271.65,28272797
INE154A01025,ITC,ITC Ltd.,Fast Moving Consumer Goods,2026-08-21,271.6,271.6,269.0,269.4,8312928
INE154A01025,ITC,ITC Ltd.,Fast Moving Consumer Goods,2026-08-24,270.6,270.6,267.0,269.7,8518400
INE154A01025,ITC,ITC Ltd.,Fast Moving Consumer Goods,2026-08-25,269.7,271.4,267.65,271.4,8414719
INE154A01025,ITC,ITC Ltd.,Fast Moving Consumer Goods,2026-08-26,271.85,273.95,270.25,270.25,11693367
INE154A01025,ITC,ITC Ltd.,Fast Moving Consumer Goods,2026-08-27,269.5,271.25,268.0,269.0,8834890
INE154A01025,ITC,ITC Ltd.,Fast Moving Consumer Goods,2026-08-28,269.0,269.0,264.8,266.0,15200847
INE154A01025,ITC,ITC Ltd.,Fast Moving Consumer Goods,2026-08-31,266.0,266.55,255.5,255.5,24575845
INE154A01025,ITC,ITC Ltd.,Fast Moving Consumer Goods,2026-09-01,261.5,268.2,261.5,266.6,31258553
INE154A01025,ITC,ITC Ltd.,Fast Moving Consumer Goods,2026-09-02,266.0,269.0,262.8,266.3,14643482
INE154A01025,ITC,ITC Ltd.,Fast Moving Consumer Goods,2026-09-03,266.5,267.6,262.35,263.0,17813663
INE154A01025,ITC,ITC Ltd.,Fast Moving Consumer Goods,2026-09-04,264.0,266.25,262.65,264.1,9519153
INE154A01025,ITC,ITC Ltd.,Fast Moving Consumer Goods,2026-09-07,264.1,264.95,262.95,263.5,6688002
INE154A01025,ITC,ITC Ltd.,Fast Moving Consumer Goods,2026-09-08,263.5,265.9,262.7,263.5,7406617
INE154A01025,ITC,ITC Ltd.,Fast Moving Consumer Goods,2026-09-09,263.65,264.5,260.2,260.8,10065188
INE154A01025,ITC,ITC Ltd.,Fast Moving Consumer Goods,2026-09-10,261.0,263.9,259.1,259.3,17541602
INE154A01025,ITC,ITC Ltd.,Fast Moving Consumer Goods,2026-09-11,258.0,261.65,257.7,259.85,11116049
INE154A01025,ITC,ITC Ltd.,Fast Moving Consumer Goods,2026-09-14,259.85,259.85,259.85,259.85,0
INE154A01025,ITC,ITC Ltd.,Fast Moving Consumer Goods,2026-09-15,261.0,264.2,258.0,258.0,12133201
INE154A01025,ITC,ITC Ltd.,Fast Moving Consumer Goods,2026-09-16,259.4,264.9,259.3,264.15,15199856
INE154A01025,ITC,ITC Ltd.,Fast Moving Consumer Goods,2026-09-17,264.8,268.5,264.1,266.2,13365227
INE154A01025,ITC,ITC Ltd.,Fast Moving Consumer Goods,2026-09-18,266.6,266.6,262.3,262.3,14399150
INE154A01025,ITC,ITC Ltd.,Fast Moving Consumer Goods,2026-09-21,263.55,267.95,263.55,267.0,8662786
INE154A01025,ITC,ITC Ltd.,Fast Moving Consumer Goods,2026-09-22,267.9,268.25,264.75,265.8,7177847
INE154A01025,ITC,ITC Ltd.,Fast Moving Consumer Goods,2026-09-23,265.85,271.05,265.15,270.15,13142058
INE154A01025,ITC,ITC Ltd.,Fast Moving Consumer Goods,2026-09-24,268.7,270.3,266.7,268.0,7398276
INE154A01025,ITC,ITC Ltd.,Fast Moving Consumer Goods,2026-09-25,268.1,269.0,266.3,269.0,6240148
INE154A01025,ITC,ITC Ltd.,Fast Moving Consumer Goods,2026-09-28,269.0,269.3,265.0,265.2,7863377
INE154A01025,ITC,ITC Ltd.,Fast Moving Consumer Goods,2026-09-29,265.45,266.75,263.3,265.1,14419948
INE154A01025,ITC,ITC Ltd.,Fast Moving Consumer Goods,2026-09-30,265.0,266.9,261.4,262.75,14079098
INE154A01025,ITC,ITC Ltd.,Fast Moving Consumer Goods,2026-10-01,262.7,262.7,254.65,255.9,16447266
INE154A01025,ITC,ITC Ltd.,Fast Moving Consumer Goods,2026-10-02,255.9,255.9,255.9,255.9,0
INE154A01025,ITC,ITC Ltd.,Fast Moving Consumer Goods,2026-10-05,260.95,269.8,259.0,268.9,49020716
INE154A01025,ITC,ITC Ltd.,Fast Moving Consumer Goods,2026-10-06,269.0,269.4,263.95,266.7,22132738
INE154A01025,ITC,ITC Ltd.,Fast Moving Consumer Goods,2026-10-07,265.7,267.15,262.45,265.7,50025295
INE018A01030,LT,Larsen & Toubro Ltd.,Construction,2024-10-08,3492.95,3538.5,3469.0,3532.4,2249452
INE018A01030,LT,Larsen & Toubro Ltd.,Construction,2024-10-09,3542.05,3557.7,3481.0,3487.1,1645791
INE018A01030,LT,Larsen & Toubro Ltd.,Construction,2024-10-10,3515.0,3554.9,3455.5,3460.35,2686116
INE018A01030,LT,Larsen & Toubro Ltd.,Construction,2024-10-11,3469.4,3497.1,3447.0,3482.55,1280465
INE018A01030,LT,Larsen & Toubro Ltd.,Construction,2024-10-14,3510.0,3573.85,3501.3,3555.05,1974378
INE018A01030,LT,Larsen & Toubro Ltd.,Construction,2024-10-15,3570.0,3570.0,3520.15,3551.9,1231552
INE018A01030,LT,Larsen & Toubro Ltd.,Construction,2024-10-16,3550.0,3581.9,3513.55,3532.6,1961835
INE018A01030,LT,Larsen & Toubro Ltd.,Construction,2024-10-17,3549.9,3583.0,3521.8,3570.3,2968537
INE018A01030,LT,Larsen & Toubro Ltd.,Construction,2024-10-18,3569.95,3592.45,3540.25,3577.8,2102609
INE018A01030,LT,Larsen & Toubro Ltd.,Construction,2024-10-21,3580.0,3621.95,3571.3,3585.6,1750549
INE018A01030,LT,Larsen & Toubro Ltd.,Construction,2024-10-22,3585.0,3591.65,3500.0,3511.9,1363574
INE018A01030,LT,Larsen & Toubro Ltd.,Construction,2024-10-23,3501.05,3513.95,3443.0,3455.4,2125268
INE018A01030,LT,Larsen & Toubro Ltd.,Construction,2024-10-24,3444.0,3474.6,3416.75,3442.65,1924421
INE018A01030,LT,Larsen & Toubro Ltd.,Construction,2024-10-25,3425.0,3435.0,3315.05,3326.4,3236774
INE018A01030,LT,Larsen & Toubro Ltd.,Construction,2024-10-28,3316.0,3373.0,3262.55,3340.8,2991674
INE018A01030,LT,Larsen & Toubro Ltd.,Construction,2024-10-29,3316.0,3384.4,3316.0,3380.9,2253467
INE018A01030,LT,Larsen & Toubro Ltd.,Construction,2024-10-30,3379.95,3438.4,3353.0,3408.35,1785128
INE018A01030,LT,Larsen & Toubro Ltd.,Construction,2024-10-31,3530.0,3654.95,3508.35,3622.3,7637083
INE018A01030,LT,Larsen & Toubro Ltd.,Construction,2024-11-01,3624.95,3641.9,3620.0,3626.35,212796
INE018A01030,LT,Larsen & Toubro Ltd.,Construction,2024-11-04,3624.95,3624.95,3530.9,3574.45,1724189
INE018A01030,LT,Larsen & Toubro Ltd.,Construction,2024-11-05,3556.0,3585.0,3541.9,3574.8,1251506
INE018A01030,LT,Larsen & Toubro Ltd.,Construction,2024-11-06,3594.0,3659.9,3557.4,3645.45,1819732
INE018A01030,LT,Larsen & Toubro Ltd.,Construction,2024-11-07,3647.35,3663.0,3620.0,3646.55,1581009
INE018A01030,LT,Larsen & Toubro Ltd.,Construction,2024-11-08,3640.4,3667.0,3620.65,3660.3,1622142
INE018A01030,LT,Larsen & Toubro Ltd.,Construction,2024-11-11,3646.0,3661.0,3606.0,3628.85,926127
INE018A01030,LT,Larsen & Toubro Ltd.,Construction,2024-11-12,3650.0,3651.0,3580.0,3591.35,1116206
INE018A01030,LT,Larsen & Toubro Ltd.,Construction,2024-11-13,3585.0,3604.85,3535.65,3547.95,1568694
INE018A01030,LT,Larsen & Toubro Ltd.,Construction,2024-11-14,3558.0,3565.75,3500.15,3526.25,1291765
INE018A01030,LT,Larsen & Toubro Ltd.,Construction,2024-11-18,3521.1,3568.3,3510.85,3542.15,1233217
INE018A01030,LT,Larsen & Toubro Ltd.,Construction,2024-11-19,3559.9,3607.0,3495.0,3505.9,1826460
INE018A01030,LT,Larsen & Toubro Ltd.,Construction,2024-11-21,3530.0,3530.55,3452.45,3483.5,1510581
INE018A01030,LT,Larsen & Toubro Ltd.,Construction,2024-11-22,3500.0,3613.5,3473.1,3603.5,2534018
INE018A01030,LT,Larsen & Toubro Ltd.,Construction,2024-11-25,3660.0,3761.0,3654.0,3753.0,4753829
INE018A01030,LT,Larsen & Toubro Ltd.,Construction,2024-11-26,3754.9,3754.9,3690.0,3702.6,1141534
INE018A01030,LT,Larsen & Toubro Ltd.,Construction,2024-11-27,3704.0,3720.0,3685.0,3698.7,971816
INE018A01030,LT,Larsen & Toubro Ltd.,Construction,2024-11-28,3700.0,3720.5,3648.0,3666.05,2124283
INE018A01030,LT,Larsen & Toubro Ltd.,Construction,2024-11-29,3635.1,3750.0,3635.1,3724.8,2094305
INE018A01030,LT,Larsen & Toubro Ltd.,Construction,2024-12-02,3706.85,3717.85,3672.9,3704.05,1158369
INE018A01030,LT,Larsen & Toubro Ltd.,Construction,2024-12-03,3721.0,3798.85,3701.5,3787.05,3252670
INE018A01030,LT,Larsen & Toubro Ltd.,Construction,2024-12-04,3775.0,3835.0,3758.05,3789.9,2510166
INE018A01030,LT,Larsen & Toubro Ltd.,Construction,2024-12-05,3810.0,3884.0,3760.0,3831.55,2765170
INE018A01030,LT,Larsen & Toubro Ltd.,Construction,2024-12-06,3832.0,3883.95,3800.0,3866.7,1856562
INE018A01030,LT,Larsen & Toubro Ltd.,Construction,2024-12-09,3867.5,3959.0,3867.5,3947.3,3332753
INE018A01030,LT,Larsen & Toubro Ltd.,Construction,2024-12-10,3955.0,3963.5,3901.3,3923.15,2349493
INE018A01030,LT,Larsen & Toubro Ltd.,Construction,2024-12-11,3923.15,3947.65,3902.0,3916.75,1237958
INE018A01030,LT,Larsen & Toubro Ltd.,Construction,2024-12-12,3930.0,3959.0,3846.95,3859.9,1899867
INE018A01030,LT,Larsen & Toubro Ltd.,Construction,2024-12-13,3859.0,3898.0,3794.2,3887.0,2300361
INE018A01030,LT,Larsen & Toubro Ltd.,Construction,2024-12-16,3882.0,3914.4,3857.25,3877.85,918660
INE018A01030,LT,Larsen & Toubro Ltd.,Construction,2024-12-17,3863.05,3875.4,3797.0,3807.2,1690180
INE018A01030,LT,Larsen & Toubro Ltd.,Construction,2024-12-18,3807.2,3819.0,3745.0,3758.15,1318341
INE018A01030,LT,Larsen & Toubro Ltd.,Construction,2024-12-19,3702.15,3762.2,3700.0,3716.35,1856838
INE018A01030,LT,Larsen & Toubro Ltd.,Construction,2024-12-20,3716.35,3725.0,3607.1,3629.85,2796593
INE018A01030,LT,Larsen & Toubro Ltd.,Construction,2024-12-23,3670.0,3700.0,3617.05,3640.5,1217612
INE018A01030,LT,Larsen & Toubro Ltd.,Construction,2024-12-24,3647.95,3679.0,3632.4,3639.75,627922
INE018A01030,LT,Larsen & Toubro Ltd.,Construction,2024-12-26,3658.0,3665.15,3610.35,3629.5,1124705
INE018A01030,LT,Larsen & Toubro Ltd.,Construction,2024-12-27,3632.4,3643.65,3603.5,3608.1,1309122
INE018A01030,LT,Larsen & Toubro Ltd.,Construction,2024-12-30,3607.9,3623.0,3566.0,3578.95,1591690
INE018A01030,LT,Larsen & Toubro Ltd.,Construction,2024-12-31,3562.55,3620.6,3550.0,3607.65,1267628
INE018A01030,LT,Larsen & Toubro Ltd.,Construction,2025-01-01,3600.0,3689.0,3599.95,3667.5,1202029
INE018A01030,LT,Larsen & Toubro Ltd.,Construction,2025-01-02,3676.6,3724.1,3650.05,3713.5,1882900
INE018A01030,LT,Larsen & Toubro Ltd.,Construction,2025-01-03,3708.0,3719.9,3651.45,3659.9,1290107
INE018A01030,LT,Larsen & Toubro Ltd.,Construction,2025-01-06,3684.75,3692.25,3585.5,3603.2,1212012
INE018A01030,LT,Larsen & Toubro Ltd.,Construction,2025-01-07,3607.1,3649.85,3595.7,3643.3,1453540
INE018A01030,LT,Larsen & Toubro Ltd.,Construction,2025-01-08,3662.0,3663.85,3590.0,3596.35,1813201
INE018A01030,LT,Larsen & Toubro Ltd.,Construction,2025-01-09,3599.9,3606.3,3486.0,3527.9,2921681
INE018A01030,LT,Larsen & Toubro Ltd.,Construction,2025-01-10,3499.95,3552.2,3492.3,3536.15,1794238
INE018A01030,LT,Larsen & Toubro Ltd.,Construction,2025-01-13,3505.55,3534.5,3448.6,3464.3,2137212
INE018A01030,LT,Larsen & Toubro Ltd.,Construction,2025-01-14,3465.85,3491.95,3448.6,3462.6,2924491
INE018A01030,LT,Larsen & Toubro Ltd.,Construction,2025-01-15,3471.3,3526.15,3471.3,3501.4,1155446
INE018A01030,LT,Larsen & Toubro Ltd.,Construction,2025-01-16,3535.0,3543.45,3483.75,3507.9,2305460
INE018A01030,LT,Larsen & Toubro Ltd.,Construction,2025-01-17,3524.0,3579.85,3511.95,3568.65,1600246
INE018A01030,LT,Larsen & Toubro Ltd.,Construction,2025-01-20,3574.9,3617.15,3556.5,3593.0,1593334
INE018A01030,LT,Larsen & Toubro Ltd.,Construction,2025-01-21,3612.75,3643.3,3528.1,3541.1,2576596
INE018A01030,LT,Larsen & Toubro Ltd.,Construction,2025-01-22,3563.0,3582.35,3490.1,3518.2,1626055
INE018A01030,LT,Larsen & Toubro Ltd.,Construction,2025-01-23,3492.0,3527.8,3460.6,3503.25,1993204
INE018A01030,LT,Larsen & Toubro Ltd.,Construction,2025-01-24,3514.5,3521.1,3446.05,3458.2,1206454
INE018A01030,LT,Larsen & Toubro Ltd.,Construction,2025-01-27,3447.2,3493.9,3401.15,3457.65,1552938
INE018A01030,LT,Larsen & Toubro Ltd.,Construction,2025-01-28,3464.95,3482.15,3404.05,3413.9,1657689
INE018A01030,LT,Larsen & Toubro Ltd.,Construction,2025-01-29,3431.0,3455.0,3412.0,3449.7,1238704
INE018A01030,LT,Larsen & Toubro Ltd.,Construction,2025-01-30,3455.0,3517.8,3395.0,3420.95,2717740
INE018A01030,LT,Larsen & Toubro Ltd.,Construction,2025-01-31,3501.05,3590.0,3481.05,3567.4,3995513
INE018A01030,LT,Larsen & Toubro Ltd.,Construction,2025-02-01,3578.0,3629.2,3402.0,3447.5,4752505
INE018A01030,LT,Larsen & Toubro Ltd.,Construction,2025-02-03,3420.0,3420.0,3270.0,3289.2,6077580
INE018A01030,LT,Larsen & Toubro Ltd.,Construction,2025-02-04,3316.0,3449.0,3307.25,3439.15,4742516
INE018A01030,LT,Larsen & Toubro Ltd.,Construction,2025-02-05,3444.65,3450.95,3379.45,3383.2,2670316
INE018A01030,LT,Larsen & Toubro Ltd.,Construction,2025-02-06,3404.0,3404.0,3342.7,3352.75,2874856
INE018A01030,LT,Larsen & Toubro Ltd.,Construction,2025-02-07,3367.0,3369.95,3311.1,3336.9,1722789
INE018A01030,LT,Larsen & Toubro Ltd.,Construction,2025-02-10,3347.8,3349.0,3294.05,3328.65,1236663
INE018A01030,LT,Larsen & Toubro Ltd.,Construction,2025-02-11,3360.95,3361.0,3231.0,3239.65,2593537
INE018A01030,LT,Larsen & Toubro Ltd.,Construction,2025-02-12,3259.0,3300.0,3222.25,3289.65,1632415
INE018A01030,LT,Larsen & Toubro Ltd.,Construction,2025-02-13,3289.65,3314.9,3252.95,3263.65,2127644
INE018A01030,LT,Larsen & Toubro Ltd.,Construction,2025-02-14,3275.05,3285.8,3221.55,3237.65,1378340
INE018A01030,LT,Larsen & Toubro Ltd.,Construction,2025-02-17,3213.55,3239.4,3194.55,3221.85,1966689
INE018A01030,LT,Larsen & Toubro Ltd.,Construction,2025-02-18,3227.0,3241.0,3183.0,3220.15,2428215
INE018A01030,LT,Larsen & Toubro Ltd.,Construction,2025-02-19,3220.15,3302.85,3211.6,3275.9,1677978
INE018A01030,LT,Larsen & Toubro Ltd.,Construction,2025-02-20,3260.05,3285.45,3247.75,3275.8,1236693
INE018A01030,LT,Larsen & Toubro Ltd.,Construction,2025-02-21,3275.8,3324.9,3270.9,3315.1,1706850
INE018A01030,LT,Larsen & Toubro Ltd.,Construction,2025-02-24,3289.7,3325.5,3250.0,3257.7,1512844
INE018A01030,LT,Larsen & Toubro Ltd.,Construction,2025-02-25,3233.0,3248.95,3206.4,3225.9,2529084
INE018A01030,LT,Larsen & Toubro Ltd.,Construction,2025-02-27,3238.0,3258.5,3184.0,3209.5,2572065
INE018A01030,LT,Larsen & Toubro Ltd.,Construction,2025-02-28,3199.8,3199.8,3141.0,3163.85,2494680
INE018A01030,LT,Larsen & Toubro Ltd.,Construction,2025-03-03,3165.95,3227.0,3160.0,3197.3,1352460
INE018A01030,LT,Larsen & Toubro Ltd.,Construction,2025-03-04,3171.05,3221.0,3167.8,3213.0,1442098
INE018A01030,LT,Larsen & Toubro Ltd.,Construction,2025-03-05,3213.0,3245.0,3187.85,3239.65,1945855
INE018A01030,LT,Larsen & Toubro Ltd.,Construction,2025-03-06,3250.1,3266.45,3215.0,3259.9,1854837
INE018A01030,LT,Larsen & Toubro Ltd.,Construction,2025-03-07,3259.9,3289.0,3240.1,3244.7,930240
INE018A01030,LT,Larsen & Toubro Ltd.,Construction,2025-03-10,3246.0,3246.3,3169.05,3177.7,1777752
INE018A01030,LT,Larsen & Toubro Ltd.,Construction,2025-03-11,3170.3,3204.4,3161.1,3195.45,1274649
INE018A01030,LT,Larsen & Toubro Ltd.,Construction,2025-03-12,3205.0,3221.95,3153.05,3193.65,1360149
INE018A01030,LT,Larsen & Toubro Ltd.,Construction,2025-03-13,3202.25,3233.15,3178.05,3187.3,1414376
INE018A01030,LT,Larsen & Toubro Ltd.,Construction,2025-03-17,3190.0,3240.05,3159.0,3173.45,2805790
INE018A01030,LT,Larsen & Toubro Ltd.,Construction,2025-03-18,3173.45,3173.45,3173.45,3173.45,0
INE018A01030,LT,Larsen & Toubro Ltd.,Construction,2025-03-19,3275.0,3326.6,3268.5,3319.55,1616312
INE018A01030,LT,Larsen & Toubro Ltd.,Construction,2025-03-20,3335.25,3358.9,3276.9,3351.05,2434722
INE018A01030,LT,Larsen & Toubro Ltd.,Construction,2025-03-21,3357.0,3455.0,3332.75,3415.95,3042073
INE018A01030,LT,Larsen & Toubro Ltd.,Construction,2025-03-24,3449.0,3517.0,3446.0,3481.85,1955564
INE018A01030,LT,Larsen & Toubro Ltd.,Construction,2025-03-25,3505.0,3525.0,3435.35,3469.6,4235900
INE018A01030,LT,Larsen & Toubro Ltd.,Construction,2025-03-26,3473.0,3496.8,3418.5,3444.8,2315715
INE018A01030,LT,Larsen & Toubro Ltd.,Construction,2025-03-27,3460.0,3528.0,3451.0,3501.6,3467864
INE018A01030,LT,Larsen & Toubro Ltd.,Construction,2025-03-28,3509.9,3514.0,3472.55,3492.3,1348143
INE018A01030,LT,Larsen & Toubro Ltd.,Construction,2025-04-01,3480.0,3501.6,3430.0,3436.8,1935147
INE018A01030,LT,Larsen & Toubro Ltd.,Construction,2025-04-02,3433.0,3457.75,3408.0,3419.9,1338839
INE018A01030,LT,Larsen & Toubro Ltd.,Construction,2025-04-03,3400.0,3463.0,3393.0,3420.15,1200631
INE018A01030,LT,Larsen & Toubro Ltd.,Construction,2025-04-04,3400.0,3403.8,3237.3,3260.15,2366979
INE018A01030,LT,Larsen & Toubro Ltd.,Construction,2025-04-07,3049.05,3090.6,2965.3,3068.5,4953864
INE018A01030,LT,Larsen & Toubro Ltd.,Construction,2025-04-08,3124.95,3193.9,3092.7,3161.1,2877816
INE018A01030,LT,Larsen & Toubro Ltd.,Construction,2025-04-09,3158.8,3158.8,3048.0,3054.15,4451381
INE018A01030,LT,Larsen & Toubro Ltd.,Construction,2025-04-11,3114.0,3157.0,3100.15,3115.95,3979116
INE018A01030,LT,Larsen & Toubro Ltd.,Construction,2025-04-15,3180.0,3272.0,3176.1,3257.6,2161492
INE018A01030,LT,Larsen & Toubro Ltd.,Construction,2025-04-16,3270.0,3276.8,3224.1,3227.7,1578260
INE018A01030,LT,Larsen & Toubro Ltd.,Construction,2025-04-17,3214.1,3249.9,3162.4,3247.3,3209331
INE018A01030,LT,Larsen & Toubro Ltd.,Construction,2025-04-21,3249.5,3290.0,3225.1,3280.5,1643003
INE018A01030,LT,Larsen & Toubro Ltd.,Construction,2025-04-22,3280.0,3285.0,3248.0,3257.8,2060322
INE018A01030,LT,Larsen & Toubro Ltd.,Construction,2025-04-23,3275.4,3315.0,3266.7,3301.0,2381699
INE018A01030,LT,Larsen & Toubro Ltd.,Construction,2025-04-24,3307.0,3307.0,3280.0,3300.6,1993448
INE018A01030,LT,Larsen & Toubro Ltd.,Construction,2025-04-25,3310.0,3335.7,3230.1,3272.1,2004819
INE018A01030,LT,Larsen & Toubro Ltd.,Construction,2025-04-28,3260.0,3350.8,3254.8,3327.3,1689485
INE018A01030,LT,Larsen & Toubro Ltd.,Construction,2025-04-29,3335.0,3376.4,3315.0,3322.3,1843861
INE018A01030,LT,Larsen & Toubro Ltd.,Construction,2025-04-30,3324.0,3355.0,3303.3,3341.0,1930714
INE018A01030,LT,Larsen & Toubro Ltd.,Construction,2025-05-02,3325.0,3374.9,3325.0,3334.9,1411889
INE018A01030,LT,Larsen & Toubro Ltd.,Construction,2025-05-05,3350.0,3350.0,3300.7,3330.2,1947332
INE018A01030,LT,Larsen & Toubro Ltd.,Construction,2025-05-06,3346.0,3353.0,3302.8,3334.0,1695516
INE018A01030,LT,Larsen & Toubro Ltd.,Construction,2025-05-07,3332.0,3339.8,3284.1,3321.4,2422707
INE018A01030,LT,Larsen & Toubro Ltd.,Construction,2025-05-08,3310.1,3366.0,3299.8,3323.9,3204333
INE018A01030,LT,Larsen & Toubro Ltd.,Construction,2025-05-09,3331.0,3477.0,3331.0,3443.9,5637694
INE018A01030,LT,Larsen & Toubro Ltd.,Construction,2025-05-12,3513.0,3602.8,3490.0,3587.2,3147384
INE018A01030,LT,Larsen & Toubro Ltd.,Construction,2025-05-13,3587.2,3606.0,3545.0,3567.0,2374439
INE018A01030,LT,Larsen & Toubro Ltd.,Construction,2025-05-14,3587.0,3617.0,3567.0,3573.1,2440116
INE018A01030,LT,Larsen & Toubro Ltd.,Construction,2025-05-15,3594.0,3648.7,3543.0,3618.2,3720879
INE018A01030,LT,Larsen & Toubro Ltd.,Construction,2025-05-16,3642.0,3642.0,3600.0,3604.7,1278520
INE018A01030,LT,Larsen & Toubro Ltd.,Construction,2025-05-19,3604.7,3619.9,3587.0,3600.2,1519244
INE018A01030,LT,Larsen & Toubro Ltd.,Construction,2025-05-20,3630.0,3634.0,3556.0,3567.8,1532347
INE018A01030,LT,Larsen & Toubro Ltd.,Construction,2025-05-21,3565.7,3610.5,3555.0,3589.0,1563885
INE018A01030,LT,Larsen & Toubro Ltd.,Construction,2025-05-22,3585.0,3592.0,3536.9,3551.4,1597159
INE018A01030,LT,Larsen & Toubro Ltd.,Construction,2025-05-23,3570.0,3631.6,3551.2,3599.9,1119217
INE018A01030,LT,Larsen & Toubro Ltd.,Construction,2025-05-26,3615.8,3672.5,3608.4,3648.7,1678934
INE018A01030,LT,Larsen & Toubro Ltd.,Construction,2025-05-27,3648.7,3665.0,3603.0,3640.0,2013954
INE018A01030,LT,Larsen & Toubro Ltd.,Construction,2025-05-28,3660.0,3663.0,3620.0,3646.3,1293244
INE018A01030,LT,Larsen & Toubro Ltd.,Construction,2025-05-29,3663.9,3668.9,3618.0,3655.3,1972248
INE018A01030,LT,Larsen & Toubro Ltd.,Construction,2025-05-30,3655.3,3695.3,3654.5,3675.1,2571304
INE018A01030,LT,Larsen & Toubro Ltd.,Construction,2025-06-02,3675.1,3697.3,3605.6,3679.6,1954517
INE018A01030,LT,Larsen & Toubro Ltd.,Construction,2025-06-03,3655.0,3669.2,3615.3,3644.8,2472483
INE018A01030,LT,Larsen & Toubro Ltd.,Construction,2025-06-04,3645.0,3661.7,3615.3,3626.5,1086783
INE018A01030,LT,Larsen & Toubro Ltd.,Construction,2025-06-05,3629.9,3677.4,3612.0,3642.6,1466416
INE018A01030,LT,Larsen & Toubro Ltd.,Construction,2025-06-06,3645.0,3667.0,3623.0,3656.3,1172711
INE018A01030,LT,Larsen & Toubro Ltd.,Construction,2025-06-09,3664.0,3708.9,3662.2,3678.9,898170
INE018A01030,LT,Larsen & Toubro Ltd.,Construction,2025-06-10,3704.0,3704.0,3667.2,3679.8,1454535
INE018A01030,LT,Larsen & Toubro Ltd.,Construction,2025-06-11,3689.9,3692.0,3656.1,3684.8,1265737
INE018A01030,LT,Larsen & Toubro Ltd.,Construction,2025-06-12,3684.8,3708.0,3585.0,3603.9,2335718
INE018A01030,LT,Larsen & Toubro Ltd.,Construction,2025-06-13,3501.2,3596.0,3485.9,3587.4,1981445
INE018A01030,LT,Larsen & Toubro Ltd.,Construction,2025-06-16,3575.5,3653.7,3561.8,3628.7,1322630
INE018A01030,LT,Larsen & Toubro Ltd.,Construction,2025-06-17,3622.0,3627.6,3602.0,3622.3,930603
INE018A01030,LT,Larsen & Toubro Ltd.,Construction,2025-06-18,3622.0,3639.1,3587.2,3601.5,743311
INE018A01030,LT,Larsen & Toubro Ltd.,Construction,2025-06-19,3607.0,3643.0,3591.1,3621.1,1580819
INE018A01030,LT,Larsen & Toubro Ltd.,Construction,2025-06-20,3614.0,3669.9,3614.0,3662.0,2575277
INE018A01030,LT,Larsen & Toubro Ltd.,Construction,2025-06-23,3645.0,3660.0,3574.6,3583.7,1867977
INE018A01030,LT,Larsen & Toubro Ltd.,Construction,2025-06-24,3637.1,3684.0,3597.0,3604.8,2751637
INE018A01030,LT,Larsen & Toubro Ltd.,Construction,2025-06-25,3640.0,3642.0,3608.9,3619.8,1405262
INE018A01030,LT,Larsen & Toubro Ltd.,Construction,2025-06-26,3620.1,3669.0,3620.1,3659.6,2578926
INE018A01030,LT,Larsen & Toubro Ltd.,Construction,2025-06-27,3665.0,3731.4,3665.0,3679.2,2720600
INE018A01030,LT,Larsen & Toubro Ltd.,Construction,2025-06-30,3682.0,3717.5,3652.7,3669.8,1508882
INE018A01030,LT,Larsen & Toubro Ltd.,Construction,2025-07-01,3669.8,3678.9,3645.0,3666.7,1054380
INE018A01030,LT,Larsen & Toubro Ltd.,Construction,2025-07-02,3666.6,3674.2,3583.9,3596.8,1330176
INE018A01030,LT,Larsen & Toubro Ltd.,Construction,2025-07-03,3605.0,3625.0,3576.0,3582.9,1229034
INE018A01030,LT,Larsen & Toubro Ltd.,Construction,2025-07-04,3590.0,3600.0,3570.1,3594.6,696402
INE018A01030,LT,Larsen & Toubro Ltd.,Construction,2025-07-07,3599.9,3609.8,3575.1,3581.4,719539
INE018A01030,LT,Larsen & Toubro Ltd.,Construction,2025-07-08,3580.0,3614.0,3560.0,3606.4,1513912
INE018A01030,LT,Larsen & Toubro Ltd.,Construction,2025-07-09,3605.0,3605.1,3568.2,3579.7,1008876
INE018A01030,LT,Larsen & Toubro Ltd.,Construction,2025-07-10,3575.0,3589.9,3569.0,3574.7,1063910
INE018A01030,LT,Larsen & Toubro Ltd.,Construction,2025-07-11,3575.0,3586.6,3535.5,3540.6,1439747
INE018A01030,LT,Larsen & Toubro Ltd.,Construction,2025-07-14,3540.6,3548.7,3488.0,3495.9,1358844
INE018A01030,LT,Larsen & Toubro Ltd.,Construction,2025-07-15,3519.0,3521.0,3481.7,3494.0,1585193
INE018A01030,LT,Larsen & Toubro Ltd.,Construction,2025-07-16,3504.0,3516.0,3477.0,3503.8,1266964
INE018A01030,LT,Larsen & Toubro Ltd.,Construction,2025-07-17,3515.0,3515.0,3467.5,3474.0,2217275
INE018A01030,LT,Larsen & Toubro Ltd.,Construction,2025-07-18,3489.0,3499.0,3450.0,3464.8,1818696
INE018A01030,LT,Larsen & Toubro Ltd.,Construction,2025-07-21,3467.6,3508.1,3444.9,3502.8,1521623
INE018A01030,LT,Larsen & Toubro Ltd.,Construction,2025-07-22,3502.0,3507.6,3454.1,3464.6,2586522
INE018A01030,LT,Larsen & Toubro Ltd.,Construction,2025-07-23,3476.2,3490.0,3458.6,3484.9,1192261
INE018A01030,LT,Larsen & Toubro Ltd.,Construction,2025-07-24,3484.9,3493.4,3461.0,3477.5,1083671
INE018A01030,LT,Larsen & Toubro Ltd.,Construction,2025-07-25,3470.0,3477.0,3437.4,3442.9,1338744
INE018A01030,LT,Larsen & Toubro Ltd.,Construction,2025-07-28,3430.1,3446.1,3405.1,3422.2,2256080
INE018A01030,LT,Larsen & Toubro Ltd.,Construction,2025-07-29,3418.0,3504.3,3406.5,3495.6,1241060
INE018A01030,LT,Larsen & Toubro Ltd.,Construction,2025-07-30,3622.0,3685.3,3590.0,3665.1,8760659
INE018A01030,LT,Larsen & Toubro Ltd.,Construction,2025-07-31,3625.0,3662.9,3621.0,3636.5,1927627
INE018A01030,LT,Larsen & Toubro Ltd.,Construction,2025-08-01,3636.0,3636.0,3578.1,3587.3,1205945
INE018A01030,LT,Larsen & Toubro Ltd.,Construction,2025-08-04,3595.2,3636.8,3577.0,3631.1,1033049
INE018A01030,LT,Larsen & Toubro Ltd.,Construction,2025-08-05,3630.0,3657.7,3608.3,3652.6,1158433
INE018A01030,LT,Larsen & Toubro Ltd.,Construction,2025-08-06,3650.0,3671.0,3622.2,3628.4,931383
INE018A01030,LT,Larsen & Toubro Ltd.,Construction,2025-08-07,3610.3,3649.0,3599.2,3641.6,1211790
INE018A01030,LT,Larsen & Toubro Ltd.,Construction,2025-08-08,3641.6,3662.3,3600.0,3607.6,1337067
INE018A01030,LT,Larsen & Toubro Ltd.,Construction,2025-08-11,3610.0,3676.9,3600.0,3668.4,1822410
INE018A01030,LT,Larsen & Toubro Ltd.,Construction,2025-08-12,3680.0,3727.9,3673.1,3686.1,2280103
INE018A01030,LT,Larsen & Toubro Ltd.,Construction,2025-08-13,3696.0,3716.0,3681.3,3693.7,1227196
INE018A01030,LT,Larsen & Toubro Ltd.,Construction,2025-08-14,3700.0,3708.5,3641.7,3677.0,1769702
INE018A01030,LT,Larsen & Toubro Ltd.,Construction,2025-08-18,3699.0,3701.5,3621.7,3635.1,1950151
INE018A01030,LT,Larsen & Toubro Ltd.,Construction,2025-08-19,3648.9,3654.0,3608.2,3613.0,1352944
INE018A01030,LT,Larsen & Toubro Ltd.,Construction,2025-08-20,3613.5,3619.9,3580.0,3592.3,1325096
INE018A01030,LT,Larsen & Toubro Ltd.,Construction,2025-08-21,3599.0,3648.0,3588.0,3612.6,1624009
INE018A01030,LT,Larsen & Toubro Ltd.,Construction,2025-08-22,3610.0,3634.5,3582.0,3595.8,1060447
INE018A01030,LT,Larsen & Toubro Ltd.,Construction,2025-08-25,3616.0,3617.9,3584.3,3603.1,980393
INE018A01030,LT,Larsen & Toubro Ltd.,Construction,2025-08-26,3599.0,3600.0,3531.0,3541.3,1787363
INE018A01030,LT,Larsen & Toubro Ltd.,Construction,2025-08-28,3540.0,3576.9,3537.2,3560.1,1695226
INE018A01030,LT,Larsen & Toubro Ltd.,Construction,2025-08-29,3575.6,3615.0,3540.2,3601.0,1678055
INE018A01030,LT,Larsen & Toubro Ltd.,Construction,2025-09-01,3601.0,3628.6,3581.9,3598.4,1094155
INE018A01030,LT,Larsen & Toubro Ltd.,Construction,2025-09-02,3598.4,3619.9,3560.0,3574.9,1230950
INE018A01030,LT,Larsen & Toubro Ltd.,Construction,2025-09-03,3594.0,3606.3,3560.0,3600.8,1314831
INE018A01030,LT,Larsen & Toubro Ltd.,Construction,2025-09-04,3622.9,3624.9,3572.5,3592.6,1434998
INE018A01030,LT,Larsen & Toubro Ltd.,Construction,2025-09-05,3592.8,3609.1,3549.1,3553.6,830812
INE018A01030,LT,Larsen & Toubro Ltd.,Construction,2025-09-08,3570.0,3579.9,3525.0,3529.6,1039999
INE018A01030,LT,Larsen & Toubro Ltd.,Construction,2025-09-09,3547.2,3550.0,3516.4,3525.0,1522116
INE018A01030,LT,Larsen & Toubro Ltd.,Construction,2025-09-10,3559.0,3577.4,3541.1,3550.0,1136732
INE018A01030,LT,Larsen & Toubro Ltd.,Construction,2025-09-11,3548.0,3564.7,3533.0,3539.7,1177793
INE018A01030,LT,Larsen & Toubro Ltd.,Construction,2025-09-12,3556.4,3595.4,3548.1,3579.8,1146873
INE018A01030,LT,Larsen & Toubro Ltd.,Construction,2025-09-15,3581.0,3607.0,3575.5,3586.2,1177076
INE018A01030,LT,Larsen & Toubro Ltd.,Construction,2025-09-16,3603.9,3674.0,3593.1,3667.8,2928060
INE018A01030,LT,Larsen & Toubro Ltd.,Construction,2025-09-17,3672.0,3704.0,3662.7,3685.5,1610471
INE018A01030,LT,Larsen & Toubro Ltd.,Construction,2025-09-18,3691.0,3700.0,3672.5,3686.0,1270148
INE018A01030,LT,Larsen & Toubro Ltd.,Construction,2025-09-19,3679.0,3705.0,3671.0,3675.4,2227521
INE018A01030,LT,Larsen & Toubro Ltd.,Construction,2025-09-22,3693.6,3693.6,3633.9,3644.5,839430
INE018A01030,LT,Larsen & Toubro Ltd.,Construction,2025-09-23,3646.9,3673.5,3613.2,3657.6,1262120
INE018A01030,LT,Larsen & Toubro Ltd.,Construction,2025-09-24,3657.6,3709.2,3637.1,3673.8,1745130
INE018A01030,LT,Larsen & Toubro Ltd.,Construction,2025-09-25,3684.0,3704.0,3635.7,3644.4,1999071
INE018A01030,LT,Larsen & Toubro Ltd.,Construction,2025-09-26,3664.0,3794.9,3661.0,3729.5,5870301
INE018A01030,LT,Larsen & Toubro Ltd.,Construction,2025-09-29,3738.0,3740.0,3679.6,3688.4,2599630
INE018A01030,LT,Larsen & Toubro Ltd.,Construction,2025-09-30,3695.0,3696.6,3648.0,3659.0,1676302
INE018A01030,LT,Larsen & Toubro Ltd.,Construction,2025-10-01,3658.9,3688.0,3615.0,3670.3,2005028
INE018A01030,LT,Larsen & Toubro Ltd.,Construction,2025-10-03,3690.0,3746.0,3666.3,3733.1,1959124
INE018A01030,LT,Larsen & Toubro Ltd.,Construction,2025-10-06,3720.0,3767.0,3703.0,3737.0,1581506
INE018A01030,LT,Larsen & Toubro Ltd.,Construction,2025-10-07,3748.0,3766.0,3725.0,3729.7,1673945
INE018A01030,LT,Larsen & Toubro Ltd.,Construction,2025-10-08,3730.0,3760.0,3715.0,3729.8,1424633
INE018A01030,LT,Larsen & Toubro Ltd.,Construction,2025-10-09,3735.5,3796.4,3730.1,3769.2,1827249
INE018A01030,LT,Larsen & Toubro Ltd.,Construction,2025-10-10,3765.0,3799.0,3760.0,3784.0,1129678
INE018A01030,LT,Larsen & Toubro Ltd.,Construction,2025-10-13,3780.0,3784.0,3745.0,3769.5,1191248
INE018A01030,LT,Larsen & Toubro Ltd.,Construction,2025-10-14,3775.0,3786.8,3730.2,3744.3,1364583
INE018A01030,LT,Larsen & Toubro Ltd.,Construction,2025-10-15,3747.0,3843.9,3744.3,3828.7,2575918
INE018A01030,LT,Larsen & Toubro Ltd.,Construction,2025-10-16,3830.3,3885.9,3830.0,3861.8,2330283
INE018A01030,LT,Larsen & Toubro Ltd.,Construction,2025-10-17,3860.0,3869.5,3830.1,3839.4,1337364
INE018A01030,LT,Larsen & Toubro Ltd.,Construction,2025-10-20,3862.0,3887.6,3845.4,3872.7,1223232
INE018A01030,LT,Larsen & Toubro Ltd.,Construction,2025-10-21,3892.0,3895.0,3877.2,3888.2,260327
INE018A01030,LT,Larsen & Toubro Ltd.,Construction,2025-10-23,3890.0,3966.2,3890.0,3918.7,2815778
INE018A01030,LT,Larsen & Toubro Ltd.,Construction,2025-10-24,3929.3,3939.9,3897.5,3904.9,1146636
INE018A01030,LT,Larsen & Toubro Ltd.,Construction,2025-10-27,3912.0,3948.0,3907.0,3923.8,1057688
INE018A01030,LT,Larsen & Toubro Ltd.,Construction,2025-10-28,3922.1,3986.0,3917.3,3972.8,3391806
INE018A01030,LT,Larsen & Toubro Ltd.,Construction,2025-10-29,3988.0,4016.7,3920.0,3958.1,2563641
INE018A01030,LT,Larsen & Toubro Ltd.,Construction,2025-10-30,3980.0,4062.6,3975.6,3987.5,4959400
INE018A01030,LT,Larsen & Toubro Ltd.,Construction,2025-10-31,4001.1,4045.9,3980.2,4030.9,2328183
INE018A01030,LT,Larsen & Toubro Ltd.,Construction,2025-11-03,4030.0,4041.0,3974.9,3980.5,1154072
INE018A01030,LT,Larsen & Toubro Ltd.,Construction,2025-11-04,3985.0,3990.0,3916.8,3924.4,2042881
INE018A01030,LT,Larsen & Toubro Ltd.,Construction,2025-11-06,3945.0,3978.0,3872.1,3881.6,1749063
INE018A01030,LT,Larsen & Toubro Ltd.,Construction,2025-11-07,3877.1,3892.9,3831.1,3882.5,1577294
INE018A01030,LT,Larsen & Toubro Ltd.,Construction,2025-11-10,3895.0,3943.8,3894.0,3918.5,1397176
INE018A01030,LT,Larsen & Toubro Ltd.,Construction,2025-11-11,3929.0,3966.8,3897.0,3955.0,1775462
INE018A01030,LT,Larsen & Toubro Ltd.,Construction,2025-11-12,3970.0,3973.8,3936.9,3954.6,981350
INE018A01030,LT,Larsen & Toubro Ltd.,Construction,2025-11-13,3954.6,4022.9,3925.6,4002.5,1834962
INE018A01030,LT,Larsen & Toubro Ltd.,Construction,2025-11-14,4002.0,4011.5,3971.6,4004.4,1916910
INE018A01030,LT,Larsen & Toubro Ltd.,Construction,2025-11-17,4004.4,4030.0,4000.1,4027.7,1206133
INE018A01030,LT,Larsen & Toubro Ltd.,Construction,2025-11-18,4020.0,4026.8,3978.9,3999.6,1748928
INE018A01030,LT,Larsen & Toubro Ltd.,Construction,2025-11-19,4007.0,4026.5,3980.3,4019.6,923032
INE018A01030,LT,Larsen & Toubro Ltd.,Construction,2025-11-20,4035.0,4048.0,4007.7,4037.4,1463574
INE018A01030,LT,Larsen & Toubro Ltd.,Construction,2025-11-21,4026.0,4057.0,4015.2,4024.9,1241149
INE018A01030,LT,Larsen & Toubro Ltd.,Construction,2025-11-24,4025.0,4038.0,4003.7,4013.3,1584741
INE018A01030,LT,Larsen & Toubro Ltd.,Construction,2025-11-25,4013.0,4055.5,3981.6,3996.7,1749083
INE018A01030,LT,Larsen & Toubro Ltd.,Construction,2025-11-26,3999.0,4074.6,3998.0,4062.0,2058237
INE018A01030,LT,Larsen & Toubro Ltd.,Construction,2025-11-27,4071.0,4140.0,4059.6,4081.3,2225064
INE018A01030,LT,Larsen & Toubro Ltd.,Construction,2025-11-28,4085.0,4104.2,4054.7,4069.6,1318133
INE018A01030,LT,Larsen & Toubro Ltd.,Construction,2025-12-01,4087.0,4103.4,4050.0,4073.2,1251770
INE018A01030,LT,Larsen & Toubro Ltd.,Construction,2025-12-02,4066.5,4088.6,4023.8,4030.5,1490917
INE018A01030,LT,Larsen & Toubro Ltd.,Construction,2025-12-03,4032.0,4046.9,3970.1,3988.0,1123990
INE018A01030,LT,Larsen & Toubro Ltd.,Construction,2025-12-04,3990.0,4009.2,3961.7,3983.6,1026968
INE018A01030,LT,Larsen & Toubro Ltd.,Construction,2025-12-05,3999.0,4048.0,3975.1,4038.2,1073758
INE018A01030,LT,Larsen & Toubro Ltd.,Construction,2025-12-08,4047.0,4047.9,3976.9,3996.7,1127841
INE018A01030,LT,Larsen & Toubro Ltd.,Construction,2025-12-09,3990.0,4019.9,3949.1,3997.5,1788464
INE018A01030,LT,Larsen & Toubro Ltd.,Construction,2025-12-10,4000.0,4030.0,3970.0,3991.3,957277
INE018A01030,LT,Larsen & Toubro Ltd.,Construction,2025-12-11,3993.2,4015.0,3984.6,4003.9,841371
INE018A01030,LT,Larsen & Toubro Ltd.,Construction,2025-12-12,4061.0,4114.0,4048.6,4074.1,2207898
INE018A01030,LT,Larsen & Toubro Ltd.,Construction,2025-12-15,4072.8,4096.0,4063.8,4092.3,1064975
INE018A01030,LT,Larsen & Toubro Ltd.,Construction,2025-12-16,4083.7,4103.8,4051.2,4063.8,2199214
INE018A01030,LT,Larsen & Toubro Ltd.,Construction,2025-12-17,4079.0,4079.0,4040.0,4062.4,1087334
INE018A01030,LT,Larsen & Toubro Ltd.,Construction,2025-12-18,4067.0,4071.8,4023.4,4031.1,1004303
INE018A01030,LT,Larsen & Toubro Ltd.,Construction,2025-12-19,4040.1,4091.5,4040.1,4073.5,1327935
INE018A01030,LT,Larsen & Toubro Ltd.,Construction,2025-12-22,4081.0,4098.5,4068.5,4072.4,764774
INE018A01030,LT,Larsen & Toubro Ltd.,Construction,2025-12-23,4089.0,4095.0,4053.3,4058.8,1867147
INE018A01030,LT,Larsen & Toubro Ltd.,Construction,2025-12-24,4065.0,4080.7,4048.1,4053.6,1021436
INE018A01030,LT,Larsen & Toubro Ltd.,Construction,2025-12-26,4052.0,4061.5,4030.2,4047.3,594330
INE018A01030,LT,Larsen & Toubro Ltd.,Construction,2025-12-29,4053.0,4061.1,4033.4,4038.7,952143
INE018A01030,LT,Larsen & Toubro Ltd.,Construction,2025-12-30,4039.0,4063.9,4006.2,4052.0,1362208
INE018A01030,LT,Larsen & Toubro Ltd.,Construction,2025-12-31,4058.0,4094.5,4048.0,4083.5,1160164
INE018A01030,LT,Larsen & Toubro Ltd.,Construction,2026-01-01,4090.0,4146.8,4088.3,4140.4,1360716
INE018A01030,LT,Larsen & Toubro Ltd.,Construction,2026-01-02,4138.1,4172.7,4127.1,4163.4,984027
INE018A01030,LT,Larsen & Toubro Ltd.,Construction,2026-01-05,4162.9,4195.0,4132.8,4150.4,1167460
INE018A01030,LT,Larsen & Toubro Ltd.,Construction,2026-01-06,4153.0,4185.0,4129.9,4140.6,1205337
INE018A01030,LT,Larsen & Toubro Ltd.,Construction,2026-01-07,4106.0,4180.0,4094.0,4157.0,1213160
INE018A01030,LT,Larsen & Toubro Ltd.,Construction,2026-01-08,4160.0,4169.9,3991.3,4028.4,2328813
INE018A01030,LT,Larsen & Toubro Ltd.,Construction,2026-01-09,4029.0,4094.0,4006.2,4025.2,1718127
INE018A01030,LT,Larsen & Toubro Ltd.,Construction,2026-01-12,4026.0,4026.9,3944.3,4019.0,1386513
INE018A01030,LT,Larsen & Toubro Ltd.,Construction,2026-01-13,4028.0,4028.0,3837.0,3887.4,4978634
INE018A01030,LT,Larsen & Toubro Ltd.,Construction,2026-01-14,3900.0,3904.9,3856.6,3865.8,1914244
INE018A01030,LT,Larsen & Toubro Ltd.,Construction,2026-01-15,3865.8,3865.8,3865.8,3865.8,0
INE018A01030,LT,Larsen & Toubro Ltd.,Construction,2026-01-16,3890.0,3914.0,3848.7,3856.4,1807300
INE018A01030,LT,Larsen & Toubro Ltd.,Construction,2026-01-19,3820.0,3878.4,3808.5,3869.8,1709380
INE018A01030,LT,Larsen & Toubro Ltd.,Construction,2026-01-20,3858.0,3874.3,3800.0,3810.5,1658119
INE018A01030,LT,Larsen & Toubro Ltd.,Construction,2026-01-21,3800.0,3830.0,3722.0,3766.5,2537185
INE018A01030,LT,Larsen & Toubro Ltd.,Construction,2026-01-22,3798.9,3801.3,3755.1,3793.8,1856812
INE018A01030,LT,Larsen & Toubro Ltd.,Construction,2026-01-23,3798.0,3799.4,3720.1,3743.8,1898703
INE018A01030,LT,Larsen & Toubro Ltd.,Construction,2026-01-27,3743.8,3815.0,3739.0,3787.8,2162193
INE018A01030,LT,Larsen & Toubro Ltd.,Construction,2026-01-28,3804.3,3828.2,3769.1,3794.0,2111741
INE018A01030,LT,Larsen & Toubro Ltd.,Construction,2026-01-29,3860.0,3960.9,3843.6,3932.9,4227139
INE018A01030,LT,Larsen & Toubro Ltd.,Construction,2026-01-30,3902.5,3942.4,3891.8,3932.3,2208465
INE018A01030,LT,Larsen & Toubro Ltd.,Construction,2026-02-02,3830.7,3934.8,3825.0,3921.3,3034613
INE018A01030,LT,Larsen & Toubro Ltd.,Construction,2026-02-03,4117.0,4122.0,4030.6,4038.8,3742190
INE018A01030,LT,Larsen & Toubro Ltd.,Construction,2026-02-04,4029.0,4107.0,4016.9,4087.1,1403373
INE018A01030,LT,Larsen & Toubro Ltd.,Construction,2026-02-05,4088.0,4088.5,4035.9,4063.3,1433240
INE018A01030,LT,Larsen & Toubro Ltd.,Construction,2026-02-06,4055.0,4078.0,4042.3,4068.1,1630836
INE018A01030,LT,Larsen & Toubro Ltd.,Construction,2026-02-09,4073.9,4124.7,4062.4,4113.6,1830267
INE018A01030,LT,Larsen & Toubro Ltd.,Construction,2026-02-10,4140.0,4174.6,4122.4,4169.0,1890409
INE018A01030,LT,Larsen & Toubro Ltd.,Construction,2026-02-11,4172.9,4187.7,4140.3,4170.4,1689489
INE018A01030,LT,Larsen & Toubro Ltd.,Construction,2026-02-12,4187.9,4199.0,4160.9,4185.9,2006458
INE018A01030,LT,Larsen & Toubro Ltd.,Construction,2026-02-13,4174.1,4199.0,4134.1,4173.9,2234376
INE018A01030,LT,Larsen & Toubro Ltd.,Construction,2026-02-16,4170.0,4206.0,4135.3,4201.5,852552
INE018A01030,LT,Larsen & Toubro Ltd.,Construction,2026-02-17,4210.1,4287.0,4190.1,4279.8,1763048
INE018A01030,LT,Larsen & Toubro Ltd.,Construction,2026-02-18,4290.5,4335.0,4261.1,4325.9,2042626
INE018A01030,LT,Larsen & Toubro Ltd.,Construction,2026-02-19,4326.1,4334.0,4261.9,4280.5,2007080
INE018A01030,LT,Larsen & Toubro Ltd.,Construction,2026-02-20,4267.1,4390.0,4267.1,4380.6,2542442
INE018A01030,LT,Larsen & Toubro Ltd.,Construction,2026-02-23,4395.6,4431.6,4371.7,4418.1,2122782
INE018A01030,LT,Larsen & Toubro Ltd.,Construction,2026-02-24,4415.5,4440.0,4228.1,4259.2,3673070
INE018A01030,LT,Larsen & Toubro Ltd.,Construction,2026-02-25,4270.0,4344.9,4254.2,4298.5,2481469
INE018A01030,LT,Larsen & Toubro Ltd.,Construction,2026-02-26,4304.9,4340.0,4278.3,4286.5,2370148
INE018A01030,LT,Larsen & Toubro Ltd.,Construction,2026-02-27,4288.9,4304.7,4254.4,4278.3,2357853
INE018A01030,LT,Larsen & Toubro Ltd.,Construction,2026-03-02,4061.0,4141.4,3975.4,4066.7,6542141
INE018A01030,LT,Larsen & Toubro Ltd.,Construction,2026-03-04,3950.0,3959.0,3760.0,3882.6,7635350
INE018A01030,LT,Larsen & Toubro Ltd.,Construction,2026-03-05,3924.2,4072.9,3908.9,4038.7,4996312
INE018A01030,LT,Larsen & Toubro Ltd.,Construction,2026-03-06,4015.0,4015.0,3941.0,3949.8,2379314
INE018A01030,LT,Larsen & Toubro Ltd.,Construction,2026-03-09,3850.0,3852.0,3743.0,3842.1,4248784
INE018A01030,LT,Larsen & Toubro Ltd.,Construction,2026-03-10,3936.0,3972.0,3851.0,3876.0,3330102
INE018A01030,LT,Larsen & Toubro Ltd.,Construction,2026-03-11,3879.7,3896.7,3832.0,3838.8,2066473
INE018A01030,LT,Larsen & Toubro Ltd.,Construction,2026-03-12,3825.0,3830.0,3704.9,3719.5,4255443
INE018A01030,LT,Larsen & Toubro Ltd.,Construction,2026-03-13,3696.0,3697.0,3424.5,3439.0,10778730
INE018A01030,LT,Larsen & Toubro Ltd.,Construction,2026-03-16,3453.5,3494.8,3396.6,3469.4,8459233
INE018A01030,LT,Larsen & Toubro Ltd.,Construction,2026-03-17,3478.0,3550.0,3450.0,3542.8,5003418
INE018A01030,LT,Larsen & Toubro Ltd.,Construction,2026-03-18,3569.0,3638.8,3555.0,3607.9,4190485
INE018A01030,LT,Larsen & Toubro Ltd.,Construction,2026-03-19,3526.7,3528.3,3422.0,3434.5,4898518
INE018A01030,LT,Larsen & Toubro Ltd.,Construction,2026-03-20,3475.0,3524.0,3410.0,3434.8,4743217
INE018A01030,LT,Larsen & Toubro Ltd.,Construction,2026-03-23,3405.1,3409.9,3288.1,3342.4,5645839
INE018A01030,LT,Larsen & Toubro Ltd.,Construction,2026-03-24,3440.0,3547.1,3390.5,3516.8,6037848
INE018A01030,LT,Larsen & Toubro Ltd.,Construction,2026-03-25,3569.9,3660.0,3546.0,3649.3,5090205
INE018A01030,LT,Larsen & Toubro Ltd.,Construction,2026-03-27,3640.0,3640.0,3547.0,3564.1,3991388
INE018A01030,LT,Larsen & Toubro Ltd.,Construction,2026-03-30,3500.0,3543.6,3491.1,3504.1,3549203
INE018A01030,LT,Larsen & Toubro Ltd.,Construction,2026-04-01,3655.0,3682.9,3597.3,3607.5,4099786
INE018A01030,LT,Larsen & Toubro Ltd.,Construction,2026-04-02,3539.3,3629.0,3470.0,3613.1,4121638
INE018A01030,LT,Larsen & Toubro Ltd.,Construction,2026-04-06,3616.6,3737.0,3577.0,3727.7,3353246
INE018A01030,LT,Larsen & Toubro Ltd.,Construction,2026-04-07,3680.0,3736.2,3658.0,3723.3,3083714
INE018A01030,LT,Larsen & Toubro Ltd.,Construction,2026-04-08,3948.0,4032.0,3931.0,4005.9,7368477
INE018A01030,LT,Larsen & Toubro Ltd.,Construction,2026-04-09,3988.0,3988.0,3885.6,3896.2,4415151
INE018A01030,LT,Larsen & Toubro Ltd.,Construction,2026-04-10,3932.0,3965.0,3915.6,3959.9,2822017
INE018A01030,LT,Larsen & Toubro Ltd.,Construction,2026-04-13,3825.0,3971.7,3815.6,3954.3,4897563
INE018A01030,LT,Larsen & Toubro Ltd.,Construction,2026-04-15,4045.4,4104.0,4031.1,4076.3,4562142
INE018A01030,LT,Larsen & Toubro Ltd.,Construction,2026-04-16,4128.0,4149.0,4089.0,4119.8,5092608
INE018A01030,LT,Larsen & Toubro Ltd.,Construction,2026-04-17,4134.0,4142.9,4072.8,4096.1,2796673
INE018A01030,LT,Larsen & Toubro Ltd.,Construction,2026-04-20,4100.0,4130.0,4024.0,4051.0,3545024
INE018A01030,LT,Larsen & Toubro Ltd.,Construction,2026-04-21,4039.0,4091.8,4032.0,4075.4,2426718
INE018A01030,LT,Larsen & Toubro Ltd.,Construction,2026-04-22,4070.0,4070.0,4011.0,4021.1,2178082
INE018A01030,LT,Larsen & Toubro Ltd.,Construction,2026-04-23,4009.9,4064.0,3978.5,4054.1,2229134
INE018A01030,LT,Larsen & Toubro Ltd.,Construction,2026-04-24,4072.0,4088.1,3983.2,4014.3,2162213
INE018A01030,LT,Larsen & Toubro Ltd.,Construction,2026-04-27,4058.0,4089.5,4030.2,4053.6,2000348
INE018A01030,LT,Larsen & Toubro Ltd.,Construction,2026-04-28,4060.0,4087.9,4023.9,4037.7,1750237
INE018A01030,LT,Larsen & Toubro Ltd.,Construction,2026-04-29,4060.0,4126.0,4051.3,4096.1,2175030
INE018A01030,LT,Larsen & Toubro Ltd.,Construction,2026-04-30,4083.0,4100.0,3990.0,4014.0,2569328
INE018A01030,LT,Larsen & Toubro Ltd.,Construction,2026-05-01,4014.0,4014.0,4014.0,4014.0,0
INE018A01030,LT,Larsen & Toubro Ltd.,Construction,2026-05-04,4026.0,4139.5,4026.0,4100.8,2173027
INE018A01030,LT,Larsen & Toubro Ltd.,Construction,2026-05-05,4085.0,4090.0,4024.0,4054.5,3849402
INE018A01030,LT,Larsen & Toubro Ltd.,Construction,2026-05-06,3974.0,4021.0,3900.0,4008.5,9540104
INE018A01030,LT,Larsen & Toubro Ltd.,Construction,2026-05-07,4028.0,4065.8,3991.0,4023.0,3477185
INE018A01030,LT,Larsen & Toubro Ltd.,Construction,2026-05-08,4010.0,4014.0,3960.0,3974.5,1620273
INE018A01030,LT,Larsen & Toubro Ltd.,Construction,2026-05-11,3948.0,3953.5,3886.1,3940.2,2027769
INE018A01030,LT,Larsen & Toubro Ltd.,Construction,2026-05-12,3925.1,3940.0,3847.0,3856.5,2255075
INE018A01030,LT,Larsen & Toubro Ltd.,Construction,2026-05-13,3848.0,3953.0,3848.0,3915.8,2486330
INE018A01030,LT,Larsen & Toubro Ltd.,Construction,2026-05-14,3942.0,3988.0,3925.0,3940.4,2982228
INE018A01030,LT,Larsen & Toubro Ltd.,Construction,2026-05-15,3949.4,3949.4,3893.0,3909.0,1339185
INE018A01030,LT,Larsen & Toubro Ltd.,Construction,2026-05-18,3873.9,3924.7,3852.0,3917.8,1771638
INE018A01030,LT,Larsen & Toubro Ltd.,Construction,2026-05-19,3940.9,3960.0,3900.0,3921.0,2318170
INE018A01030,LT,Larsen & Toubro Ltd.,Construction,2026-05-20,3901.6,3943.5,3883.1,3910.7,1972259
INE018A01030,LT,Larsen & Toubro Ltd.,Construction,2026-05-21,3970.0,3970.0,3912.7,3928.5,1624945
INE018A01030,LT,Larsen & Toubro Ltd.,Construction,2026-05-22,3907.0,3960.0,3900.1,3926.6,1330428
INE018A01030,LT,Larsen & Toubro Ltd.,Construction,2026-05-25,3970.0,4038.4,3961.5,4033.4,2099927
INE018A01030,LT,Larsen & Toubro Ltd.,Construction,2026-05-26,4029.6,4052.9,4014.2,4037.8,1552847
INE018A01030,LT,Larsen & Toubro Ltd.,Construction,2026-05-27,4043.0,4069.9,4017.9,4047.5,1607028
INE018A01030,LT,Larsen & Toubro Ltd.,Construction,2026-05-28,4047.5,4047.5,4047.5,4047.5,0
INE018A01030,LT,Larsen & Toubro Ltd.,Construction,2026-05-29,4045.8,4128.0,4045.0,4076.5,4882940
INE018A01030,LT,Larsen & Toubro Ltd.,Construction,2026-06-01,4089.0,4105.8,4002.1,4010.8,1409388
INE018A01030,LT,Larsen & Toubro Ltd.,Construction,2026-06-02,3980.0,4017.0,3923.5,4000.9,2085054
INE018A01030,LT,Larsen & Toubro Ltd.,Construction,2026-06-03,4000.9,4008.0,3894.0,3953.2,1872929
INE018A01030,LT,Larsen & Toubro Ltd.,Construction,2026-06-04,3945.0,3974.9,3930.1,3942.1,1398297
INE018A01030,LT,Larsen & Toubro Ltd.,Construction,2026-06-05,3960.0,3978.0,3923.9,3953.2,1278243
INE018A01030,LT,Larsen & Toubro Ltd.,Construction,2026-06-08,3901.1,3916.7,3863.1,3875.5,1678709
INE018A01030,LT,Larsen & Toubro Ltd.,Construction,2026-06-09,3924.9,3924.9,3885.0,3900.6,1506501
INE018A01030,LT,Larsen & Toubro Ltd.,Construction,2026-06-10,3904.0,3962.8,3900.0,3917.5,2033070
INE018A01030,LT,Larsen & Toubro Ltd.,Construction,2026-06-11,3900.0,3909.8,3854.4,3862.0,2224659
INE018A01030,LT,Larsen & Toubro Ltd.,Construction,2026-06-12,3930.0,4059.8,3921.0,4049.3,3065790
INE018A01030,LT,Larsen & Toubro Ltd.,Construction,2026-06-15,4130.0,4214.9,4130.0,4169.8,3978153
INE018A01030,LT,Larsen & Toubro Ltd.,Construction,2026-06-16,4205.0,4235.4,4177.1,4186.4,2647549
INE018A01030,LT,Larsen & Toubro Ltd.,Construction,2026-06-17,4200.1,4214.7,4172.0,4207.7,1312925
INE018A01030,LT,Larsen & Toubro Ltd.,Construction,2026-06-18,4207.7,4244.9,4165.6,4190.0,1485427
INE018A01030,LT,Larsen & Toubro Ltd.,Construction,2026-06-19,4190.0,4217.5,4161.6,4209.4,1397746
INE018A01030,LT,Larsen & Toubro Ltd.,Construction,2026-06-22,4228.0,4235.4,4190.0,4201.3,1169466
INE018A01030,LT,Larsen & Toubro Ltd.,Construction,2026-06-23,4210.0,4242.4,4166.0,4179.4,2198497
INE018A01030,LT,Larsen & Toubro Ltd.,Construction,2026-06-24,4176.5,4215.0,4170.0,4181.7,1367416
INE018A01030,LT,Larsen & Toubro Ltd.,Construction,2026-06-25,4207.0,4272.3,4187.1,4216.4,3104020
INE018A01030,LT,Larsen & Toubro Ltd.,Construction,2026-06-26,4216.4,4216.4,4216.4,4216.4,0
INE018A01030,LT,Larsen & Toubro Ltd.,Construction,2026-06-29,4225.0,4252.0,4157.8,4165.2,2706906
INE018A01030,LT,Larsen & Toubro Ltd.,Construction,2026-06-30,4183.0,4193.8,4134.1,4143.4,1539094
INE018A01030,LT,Larsen & Toubro Ltd.,Construction,2026-07-01,4130.1,4142.8,4081.1,4092.6,1437109
INE018A01030,LT,Larsen & Toubro Ltd.,Construction,2026-07-02,4100.0,4110.0,4012.0,4059.4,2481554
INE018A01030,LT,Larsen & Toubro Ltd.,Construction,2026-07-03,4080.0,4094.0,4019.0,4026.6,1505428
INE018A01030,LT,Larsen & Toubro Ltd.,Construction,2026-07-06,4027.7,4068.0,4016.5,4041.0,1252054
INE018A01030,LT,Larsen & Toubro Ltd.,Construction,2026-07-07,4044.5,4046.3,3975.0,3991.9,2442514
INE018A01030,LT,Larsen & Toubro Ltd.,Construction,2026-07-08,3950.0,3988.0,3871.0,3892.1,2252308
INE018A01030,LT,Larsen & Toubro Ltd.,Construction,2026-07-09,3916.0,3947.3,3867.8,3886.0,5117653
INE018A01030,LT,Larsen & Toubro Ltd.,Construction,2026-07-10,3905.0,3953.8,3905.0,3945.8,1283990
INE018A01030,LT,Larsen & Toubro Ltd.,Construction,2026-07-13,3895.0,3939.0,3875.6,3928.5,1744547
INE018A01030,LT,Larsen & Toubro Ltd.,Construction,2026-07-14,3892.0,3897.9,3843.0,3848.7,2409089
INE018A01030,LT,Larsen & Toubro Ltd.,Construction,2026-07-15,3868.0,3868.0,3778.6,3783.9,3602201
INE018A01030,LT,Larsen & Toubro Ltd.,Construction,2026-07-16,3795.0,3802.0,3762.3,3775.6,2936753
INE018A01030,LT,Larsen & Toubro Ltd.,Construction,2026-07-17,3788.9,3828.9,3767.7,3814.5,1942610
INE018A01030,LT,Larsen & Toubro Ltd.,Construction,2026-07-20,3815.0,3850.0,3807.0,3838.8,1450930
INE018A01030,LT,Larsen & Toubro Ltd.,Construction,2026-07-21,3839.0,3859.5,3815.7,3846.6,1393919
INE018A01030,LT,Larsen & Toubro Ltd.,Construction,2026-07-22,3835.0,3843.3,3806.2,3817.4,1157406
INE018A01030,LT,Larsen & Toubro Ltd.,Construction,2026-07-23,3800.0,3827.6,3777.7,3792.4,1278355
INE018A01030,LT,Larsen & Toubro Ltd.,Construction,2026-07-24,3751.0,3805.0,3720.0,3785.6,1994087
INE018A01030,LT,Larsen & Toubro Ltd.,Construction,2026-07-27,3820.0,3837.3,3798.7,3806.0,1454211
INE018A01030,LT,Larsen & Toubro Ltd.,Construction,2026-07-28,3812.0,3837.0,3793.0,3832.0,1702441
INE018A01030,LT,Larsen & Toubro Ltd.,Construction,2026-07-29,3895.4,3978.2,3891.1,3931.4,3115802
INE018A01030,LT,Larsen & Toubro Ltd.,Construction,2026-07-30,3931.4,3951.7,3883.5,3937.7,2141252
INE018A01030,LT,Larsen & Toubro Ltd.,Construction,2026-07-31,3962.9,3973.1,3923.2,3938.9,1753377
INE018A01030,LT,Larsen & Toubro Ltd.,Construction,2026-08-03,3974.0,4025.0,3962.5,4025.0,1890377
INE018A01030,LT,Larsen & Toubro Ltd.,Construction,2026-08-04,4007.2,4042.4,3988.2,3990.0,1827982
INE018A01030,LT,Larsen & Toubro Ltd.,Construction,2026-08-05,4025.0,4074.0,4024.8,4057.0,1910224
INE018A01030,LT,Larsen & Toubro Ltd.,Construction,2026-08-06,4056.0,4070.0,4045.0,4061.8,1401341
INE018A01030,LT,Larsen & Toubro Ltd.,Construction,2026-08-07,4040.1,4062.0,4030.0,4056.0,901290
INE018A01030,LT,Larsen & Toubro Ltd.,Construction,2026-08-10,4055.7,4080.0,4025.8,4080.0,1082855
INE018A01030,LT,Larsen & Toubro Ltd.,Construction,2026-08-11,4075.1,4075.5,4028.5,4037.4,1401285
INE018A01030,LT,Larsen & Toubro Ltd.,Construction,2026-08-12,4038.0,4044.1,3990.0,4020.0,2226623
INE018A01030,LT,Larsen & Toubro Ltd.,Construction,2026-08-13,4010.0,4070.7,3990.0,4070.7,2299928
INE018A01030,LT,Larsen & Toubro Ltd.,Construction,2026-08-14,4068.7,4072.5,4033.1,4057.0,934044
INE018A01030,LT,Larsen & Toubro Ltd.,Construction,2026-08-17,4041.0,4086.7,4026.0,4086.7,1066164
INE018A01030,LT,Larsen & Toubro Ltd.,Construction,2026-08-18,4068.0,4085.0,4050.0,4064.3,1355575
INE018A01030,LT,Larsen & Toubro Ltd.,Construction,2026-08-19,4064.0,4069.0,4024.8,4041.3,1190832
INE018A01030,LT,Larsen & Toubro Ltd.,Construction,2026-08-20,4050.5,4084.9,4048.3,4081.0,1056060
INE018A01030,LT,Larsen & Toubro Ltd.,Construction,2026-08-21,4081.0,4100.0,4061.4,4093.0,1258912
INE018A01030,LT,Larsen & Toubro Ltd.,Construction,2026-08-24,4100.0,4107.1,4077.7,4090.0,1369496
INE018A01030,LT,Larsen & Toubro Ltd.,Construction,2026-08-25,4085.0,4125.3,4066.6,4119.0,1316074
INE018A01030,LT,Larsen & Toubro Ltd.,Construction,2026-08-26,4114.0,4124.9,4038.1,4038.1,1384669
INE018A01030,LT,Larsen & Toubro Ltd.,Construction,2026-08-27,4058.0,4067.3,4023.0,4027.0,1161440
INE018A01030,LT,Larsen & Toubro Ltd.,Construction,2026-08-28,4045.0,4060.0,4021.3,4045.8,893956
INE018A01030,LT,Larsen & Toubro Ltd.,Construction,2026-08-31,4035.1,4044.9,3976.0,4044.9,1553171
INE018A01030,LT,Larsen & Toubro Ltd.,Construction,2026-09-01,4038.0,4038.0,3980.1,3980.1,944703
INE018A01030,LT,Larsen & Toubro Ltd.,Construction,2026-09-02,3966.0,4002.3,3956.7,3981.0,1307081
INE018A01030,LT,Larsen & Toubro Ltd.,Construction,2026-09-03,3999.8,4027.7,3975.0,3975.0,940768
INE018A01030,LT,Larsen & Toubro Ltd.,Construction,2026-09-04,3981.0,3994.9,3964.1,3964.1,1319056
INE018A01030,LT,Larsen & Toubro Ltd.,Construction,2026-09-07,3962.0,4004.9,3960.9,3999.0,1256683
INE018A01030,LT,Larsen & Toubro Ltd.,Construction,2026-09-08,3988.7,3988.7,3946.1,3946.1,1200872
INE018A01030,LT,Larsen & Toubro Ltd.,Construction,2026-09-09,3935.3,4020.2,3922.6,3922.6,2954721
INE018A01030,LT,Larsen & Toubro Ltd.,Construction,2026-09-10,3949.4,3965.5,3910.0,3955.0,1376951
INE018A01030,LT,Larsen & Toubro Ltd.,Construction,2026-09-11,3926.0,3948.0,3880.7,3930.7,1195489
INE018A01030,LT,Larsen & Toubro Ltd.,Construction,2026-09-14,3930.7,3930.7,3930.7,3930.7,0
INE018A01030,LT,Larsen & Toubro Ltd.,Construction,2026-09-15,3959.0,3959.0,3835.7,3850.7,1848703
INE018A01030,LT,Larsen & Toubro Ltd.,Construction,2026-09-16,3844.2,3867.9,3799.9,3807.7,2038640
INE018A01030,LT,Larsen & Toubro Ltd.,Construction,2026-09-17,3811.0,3875.0,3811.0,3836.2,1319415
INE018A01030,LT,Larsen & Toubro Ltd.,Construction,2026-09-18,3846.0,3898.0,3846.0,3885.0,1547690
INE018A01030,LT,Larsen & Toubro Ltd.,Construction,2026-09-21,3885.0,3908.7,3883.0,3904.8,947371
INE018A01030,LT,Larsen & Toubro Ltd.,Construction,2026-09-22,3919.6,3930.5,3866.0,3866.4,1355288
INE018A01030,LT,Larsen & Toubro Ltd.,Construction,2026-09-23,3870.0,3945.0,3870.0,3929.9,945462
INE018A01030,LT,Larsen & Toubro Ltd.,Construction,2026-09-24,3887.3,3907.0,3849.0,3858.4,1649308
INE018A01030,LT,Larsen & Toubro Ltd.,Construction,2026-09-25,3865.0,3887.5,3842.4,3876.2,1230579
INE018A01030,LT,Larsen & Toubro Ltd.,Construction,2026-09-28,3857.0,3858.2,3766.4,3766.4,1361601
INE018A01030,LT,Larsen & Toubro Ltd.,Construction,2026-09-29,3768.0,3791.8,3740.2,3749.1,2546475
INE018A01030,LT,Larsen & Toubro Ltd.,Construction,2026-09-30,3756.2,3786.5,3730.0,3760.0,2396040
INE018A01030,LT,Larsen & Toubro Ltd.,Construction,2026-10-01,3726.0,3737.3,3655.9,3693.4,2220932
INE018A01030,LT,Larsen & Toubro Ltd.,Construction,2026-10-02,3693.4,3693.4,3693.4,3693.4,0
INE018A01030,LT,Larsen & Toubro Ltd.,Construction,2026-10-05,3717.0,3750.0,3707.8,3750.0,2323437
INE018A01030,LT,Larsen & Toubro Ltd.,Construction,2026-10-06,3742.5,3774.1,3730.0,3770.0,1994276
INE018A01030,LT,Larsen & Toubro Ltd.,Construction,2026-10-07,3750.0,3758.1,3684.6,3701.5,1609969
INE002A01018,RELIANCE,Reliance Industries Ltd.,Oil Gas & Consumable Fuels,2024-10-08,1372.97,1401.0,1365.1,1397.35,17020808
INE002A01018,RELIANCE,Reliance Industries Ltd.,Oil Gas & Consumable Fuels,2024-10-09,1397.53,1400.97,1372.5,1374.6,14310610
INE002A01018,RELIANCE,Reliance Industries Ltd.,Oil Gas & Consumable Fuels,2024-10-10,1380.03,1386.0,1369.43,1371.05,22358646
INE002A01018,RELIANCE,Reliance Industries Ltd.,Oil Gas & Consumable Fuels,2024-10-11,1370.0,1383.28,1368.82,1372.1,7980122
INE002A01018,RELIANCE,Reliance Industries Ltd.,Oil Gas & Consumable Fuels,2024-10-14,1379.45,1380.07,1368.25,1372.53,12221432
INE002A01018,RELIANCE,Reliance Industries Ltd.,Oil Gas & Consumable Fuels,2024-10-15,1358.53,1371.7,1340.7,1344.03,33762794
INE002A01018,RELIANCE,Reliance Industries Ltd.,Oil Gas & Consumable Fuels,2024-10-16,1340.0,1364.0,1337.62,1354.07,20034438
INE002A01018,RELIANCE,Reliance Industries Ltd.,Oil Gas & Consumable Fuels,2024-10-17,1365.7,1368.45,1352.05,1356.43,15543660
INE002A01018,RELIANCE,Reliance Industries Ltd.,Oil Gas & Consumable Fuels,2024-10-18,1352.18,1368.43,1341.32,1359.3,12082452
INE002A01018,RELIANCE,Reliance Industries Ltd.,Oil Gas & Consumable Fuels,2024-10-21,1367.12,1374.0,1357.72,1369.2,14067408
INE002A01018,RELIANCE,Reliance Industries Ltd.,Oil Gas & Consumable Fuels,2024-10-22,1369.2,1376.0,1340.22,1343.35,15831960
INE002A01018,RELIANCE,Reliance Industries Ltd.,Oil Gas & Consumable Fuels,2024-10-23,1337.5,1357.47,1335.0,1338.53,17214742
INE002A01018,RELIANCE,Reliance Industries Ltd.,Oil Gas & Consumable Fuels,2024-10-24,1335.28,1343.7,1323.12,1339.8,22155934
INE002A01018,RELIANCE,Reliance Industries Ltd.,Oil Gas & Consumable Fuels,2024-10-25,1343.5,1344.35,1322.0,1327.85,18597496
INE002A01018,RELIANCE,Reliance Industries Ltd.,Oil Gas & Consumable Fuels,2024-10-28,1337.0,1353.0,1322.1,1334.35,10824350
INE002A01018,RELIANCE,Reliance Industries Ltd.,Oil Gas & Consumable Fuels,2024-10-29,1328.1,1343.2,1320.3,1340.0,12008361
INE002A01018,RELIANCE,Reliance Industries Ltd.,Oil Gas & Consumable Fuels,2024-10-30,1335.0,1350.0,1325.35,1343.9,11984423
INE002A01018,RELIANCE,Reliance Industries Ltd.,Oil Gas & Consumable Fuels,2024-10-31,1340.0,1343.0,1326.15,1332.05,9331650
INE002A01018,RELIANCE,Reliance Industries Ltd.,Oil Gas & Consumable Fuels,2024-11-01,1333.05,1341.95,1333.0,1338.65,2127335
INE002A01018,RELIANCE,Reliance Industries Ltd.,Oil Gas & Consumable Fuels,2024-11-04,1337.85,1340.0,1285.1,1302.15,19796890
INE002A01018,RELIANCE,Reliance Industries Ltd.,Oil Gas & Consumable Fuels,2024-11-05,1293.0,1309.55,1286.15,1305.3,16267479
INE002A01018,RELIANCE,Reliance Industries Ltd.,Oil Gas & Consumable Fuels,2024-11-06,1310.0,1328.3,1300.2,1325.35,21625209
INE002A01018,RELIANCE,Reliance Industries Ltd.,Oil Gas & Consumable Fuels,2024-11-07,1324.0,1324.0,1302.6,1305.65,9611974
INE002A01018,RELIANCE,Reliance Industries Ltd.,Oil Gas & Consumable Fuels,2024-11-08,1297.65,1301.65,1275.0,1283.75,19814406
INE002A01018,RELIANCE,Reliance Industries Ltd.,Oil Gas & Consumable Fuels,2024-11-11,1278.95,1286.0,1267.0,1272.7,9056552
INE002A01018,RELIANCE,Reliance Industries Ltd.,Oil Gas & Consumable Fuels,2024-11-12,1275.55,1289.3,1267.5,1274.25,10671091
INE002A01018,RELIANCE,Reliance Industries Ltd.,Oil Gas & Consumable Fuels,2024-11-13,1270.25,1275.45,1249.5,1252.05,14633633
INE002A01018,RELIANCE,Reliance Industries Ltd.,Oil Gas & Consumable Fuels,2024-11-14,1253.6,1272.6,1251.1,1267.6,12612633
INE002A01018,RELIANCE,Reliance Industries Ltd.,Oil Gas & Consumable Fuels,2024-11-18,1267.6,1272.9,1243.9,1260.75,13620611
INE002A01018,RELIANCE,Reliance Industries Ltd.,Oil Gas & Consumable Fuels,2024-11-19,1260.75,1281.5,1235.15,1241.65,14183746
INE002A01018,RELIANCE,Reliance Industries Ltd.,Oil Gas & Consumable Fuels,2024-11-21,1241.65,1243.95,1217.25,1223.0,19433843
INE002A01018,RELIANCE,Reliance Industries Ltd.,Oil Gas & Consumable Fuels,2024-11-22,1229.4,1268.85,1222.45,1265.4,20471957
INE002A01018,RELIANCE,Reliance Industries Ltd.,Oil Gas & Consumable Fuels,2024-11-25,1290.0,1304.45,1282.45,1287.0,28923341
INE002A01018,RELIANCE,Reliance Industries Ltd.,Oil Gas & Consumable Fuels,2024-11-26,1294.95,1297.85,1284.2,1295.7,9247557
INE002A01018,RELIANCE,Reliance Industries Ltd.,Oil Gas & Consumable Fuels,2024-11-27,1293.5,1303.85,1286.0,1293.2,9572746
INE002A01018,RELIANCE,Reliance Industries Ltd.,Oil Gas & Consumable Fuels,2024-11-28,1289.95,1296.6,1269.05,1270.8,15027412
INE002A01018,RELIANCE,Reliance Industries Ltd.,Oil Gas & Consumable Fuels,2024-11-29,1280.0,1299.5,1275.25,1292.2,13202307
INE002A01018,RELIANCE,Reliance Industries Ltd.,Oil Gas & Consumable Fuels,2024-12-02,1288.0,1311.35,1277.05,1309.15,11024152
INE002A01018,RELIANCE,Reliance Industries Ltd.,Oil Gas & Consumable Fuels,2024-12-03,1317.0,1326.8,1307.0,1323.3,16869482
INE002A01018,RELIANCE,Reliance Industries Ltd.,Oil Gas & Consumable Fuels,2024-12-04,1326.0,1328.4,1304.05,1308.95,19608540
INE002A01018,RELIANCE,Reliance Industries Ltd.,Oil Gas & Consumable Fuels,2024-12-05,1314.35,1329.95,1306.15,1322.05,16858723
INE002A01018,RELIANCE,Reliance Industries Ltd.,Oil Gas & Consumable Fuels,2024-12-06,1323.9,1323.9,1310.0,1311.55,9037514
INE002A01018,RELIANCE,Reliance Industries Ltd.,Oil Gas & Consumable Fuels,2024-12-09,1303.0,1315.0,1293.1,1295.15,14650002
INE002A01018,RELIANCE,Reliance Industries Ltd.,Oil Gas & Consumable Fuels,2024-12-10,1289.25,1294.9,1280.2,1284.85,16043729
INE002A01018,RELIANCE,Reliance Industries Ltd.,Oil Gas & Consumable Fuels,2024-12-11,1285.0,1290.0,1276.05,1278.2,11724373
INE002A01018,RELIANCE,Reliance Industries Ltd.,Oil Gas & Consumable Fuels,2024-12-12,1270.0,1278.2,1260.6,1262.9,20906813
INE002A01018,RELIANCE,Reliance Industries Ltd.,Oil Gas & Consumable Fuels,2024-12-13,1260.0,1275.2,1239.6,1272.85,28630222
INE002A01018,RELIANCE,Reliance Industries Ltd.,Oil Gas & Consumable Fuels,2024-12-16,1275.0,1281.0,1266.55,1268.3,9486781
INE002A01018,RELIANCE,Reliance Industries Ltd.,Oil Gas & Consumable Fuels,2024-12-17,1261.05,1263.9,1242.8,1245.3,17462791
INE002A01018,RELIANCE,Reliance Industries Ltd.,Oil Gas & Consumable Fuels,2024-12-18,1240.65,1259.95,1240.65,1253.25,12670179
INE002A01018,RELIANCE,Reliance Industries Ltd.,Oil Gas & Consumable Fuels,2024-12-19,1239.0,1244.9,1229.0,1230.45,14244653
INE002A01018,RELIANCE,Reliance Industries Ltd.,Oil Gas & Consumable Fuels,2024-12-20,1224.0,1239.5,1201.5,1205.3,20312896
INE002A01018,RELIANCE,Reliance Industries Ltd.,Oil Gas & Consumable Fuels,2024-12-23,1215.0,1227.2,1213.2,1222.3,10052824
INE002A01018,RELIANCE,Reliance Industries Ltd.,Oil Gas & Consumable Fuels,2024-12-24,1222.3,1233.55,1221.0,1222.75,6734917
INE002A01018,RELIANCE,Reliance Industries Ltd.,Oil Gas & Consumable Fuels,2024-12-26,1224.25,1227.7,1214.25,1216.55,10016178
INE002A01018,RELIANCE,Reliance Industries Ltd.,Oil Gas & Consumable Fuels,2024-12-27,1218.3,1227.9,1217.0,1221.05,7000397
INE002A01018,RELIANCE,Reliance Industries Ltd.,Oil Gas & Consumable Fuels,2024-12-30,1216.4,1223.2,1208.1,1210.7,8818766
INE002A01018,RELIANCE,Reliance Industries Ltd.,Oil Gas & Consumable Fuels,2024-12-31,1208.0,1219.1,1206.15,1215.45,6405475
INE002A01018,RELIANCE,Reliance Industries Ltd.,Oil Gas & Consumable Fuels,2025-01-01,1214.85,1226.3,1211.6,1221.25,5892590
INE002A01018,RELIANCE,Reliance Industries Ltd.,Oil Gas & Consumable Fuels,2025-01-02,1221.25,1244.45,1220.0,1241.8,15486276
INE002A01018,RELIANCE,Reliance Industries Ltd.,Oil Gas & Consumable Fuels,2025-01-03,1243.9,1262.05,1235.5,1251.15,15521102
INE002A01018,RELIANCE,Reliance Industries Ltd.,Oil Gas & Consumable Fuels,2025-01-06,1253.95,1262.0,1215.0,1218.0,14816766
INE002A01018,RELIANCE,Reliance Industries Ltd.,Oil Gas & Consumable Fuels,2025-01-07,1222.0,1244.5,1221.25,1240.85,10070505
INE002A01018,RELIANCE,Reliance Industries Ltd.,Oil Gas & Consumable Fuels,2025-01-08,1249.0,1271.05,1245.35,1265.5,19346579
INE002A01018,RELIANCE,Reliance Industries Ltd.,Oil Gas & Consumable Fuels,2025-01-09,1267.0,1269.75,1248.05,1254.75,12794704
INE002A01018,RELIANCE,Reliance Industries Ltd.,Oil Gas & Consumable Fuels,2025-01-10,1253.85,1256.75,1236.0,1241.9,8120332
INE002A01018,RELIANCE,Reliance Industries Ltd.,Oil Gas & Consumable Fuels,2025-01-13,1230.0,1245.25,1226.4,1239.85,13764861
INE002A01018,RELIANCE,Reliance Industries Ltd.,Oil Gas & Consumable Fuels,2025-01-14,1244.1,1253.35,1227.25,1238.75,13095266
INE002A01018,RELIANCE,Reliance Industries Ltd.,Oil Gas & Consumable Fuels,2025-01-15,1244.95,1257.0,1241.85,1252.2,9578856
INE002A01018,RELIANCE,Reliance Industries Ltd.,Oil Gas & Consumable Fuels,2025-01-16,1258.9,1275.0,1251.3,1266.45,14117603
INE002A01018,RELIANCE,Reliance Industries Ltd.,Oil Gas & Consumable Fuels,2025-01-17,1322.25,1326.0,1285.0,1302.35,29366277
INE002A01018,RELIANCE,Reliance Industries Ltd.,Oil Gas & Consumable Fuels,2025-01-20,1316.0,1316.0,1300.25,1305.45,14040244
INE002A01018,RELIANCE,Reliance Industries Ltd.,Oil Gas & Consumable Fuels,2025-01-21,1310.5,1313.0,1270.2,1273.7,14562976
INE002A01018,RELIANCE,Reliance Industries Ltd.,Oil Gas & Consumable Fuels,2025-01-22,1278.3,1282.9,1268.7,1277.1,10273590
INE002A01018,RELIANCE,Reliance Industries Ltd.,Oil Gas & Consumable Fuels,2025-01-23,1270.0,1277.35,1261.6,1263.65,8720682
INE002A01018,RELIANCE,Reliance Industries Ltd.,Oil Gas & Consumable Fuels,2025-01-24,1266.0,1273.0,1243.5,1246.3,14235970
INE002A01018,RELIANCE,Reliance Industries Ltd.,Oil Gas & Consumable Fuels,2025-01-27,1239.1,1240.45,1220.0,1229.35,9536019
INE002A01018,RELIANCE,Reliance Industries Ltd.,Oil Gas & Consumable Fuels,2025-01-28,1238.0,1244.75,1218.5,1234.4,10568025
INE002A01018,RELIANCE,Reliance Industries Ltd.,Oil Gas & Consumable Fuels,2025-01-29,1236.0,1242.75,1228.05,1235.5,5928156
INE002A01018,RELIANCE,Reliance Industries Ltd.,Oil Gas & Consumable Fuels,2025-01-30,1235.55,1257.0,1232.4,1253.05,9269259
INE002A01018,RELIANCE,Reliance Industries Ltd.,Oil Gas & Consumable Fuels,2025-01-31,1255.85,1267.0,1249.0,1265.1,6584612
INE002A01018,RELIANCE,Reliance Industries Ltd.,Oil Gas & Consumable Fuels,2025-02-01,1265.1,1270.55,1241.0,1264.6,7118453
INE002A01018,RELIANCE,Reliance Industries Ltd.,Oil Gas & Consumable Fuels,2025-02-03,1251.0,1256.0,1237.55,1245.9,9252345
INE002A01018,RELIANCE,Reliance Industries Ltd.,Oil Gas & Consumable Fuels,2025-02-04,1248.05,1288.8,1246.6,1285.2,16691069
INE002A01018,RELIANCE,Reliance Industries Ltd.,Oil Gas & Consumable Fuels,2025-02-05,1282.65,1290.5,1276.7,1278.2,10112028
INE002A01018,RELIANCE,Reliance Industries Ltd.,Oil Gas & Consumable Fuels,2025-02-06,1273.7,1288.0,1270.35,1281.55,9956001
INE002A01018,RELIANCE,Reliance Industries Ltd.,Oil Gas & Consumable Fuels,2025-02-07,1276.15,1283.7,1262.0,1266.7,8764283
INE002A01018,RELIANCE,Reliance Industries Ltd.,Oil Gas & Consumable Fuels,2025-02-10,1264.5,1266.5,1245.55,1253.65,6970972
INE002A01018,RELIANCE,Reliance Industries Ltd.,Oil Gas & Consumable Fuels,2025-02-11,1264.55,1264.55,1230.1,1234.85,8859714
INE002A01018,RELIANCE,Reliance Industries Ltd.,Oil Gas & Consumable Fuels,2025-02-12,1219.45,1226.9,1193.35,1216.55,21131654
INE002A01018,RELIANCE,Reliance Industries Ltd.,Oil Gas & Consumable Fuels,2025-02-13,1217.05,1228.0,1212.0,1216.1,8511216
INE002A01018,RELIANCE,Reliance Industries Ltd.,Oil Gas & Consumable Fuels,2025-02-14,1219.0,1224.0,1205.45,1217.25,10298145
INE002A01018,RELIANCE,Reliance Industries Ltd.,Oil Gas & Consumable Fuels,2025-02-17,1211.1,1227.5,1204.5,1224.9,8166683
INE002A01018,RELIANCE,Reliance Industries Ltd.,Oil Gas & Consumable Fuels,2025-02-18,1224.85,1229.9,1216.1,1225.4,6673250
INE002A01018,RELIANCE,Reliance Industries Ltd.,Oil Gas & Consumable Fuels,2025-02-19,1219.5,1232.75,1217.55,1227.45,6217338
INE002A01018,RELIANCE,Reliance Industries Ltd.,Oil Gas & Consumable Fuels,2025-02-20,1223.95,1239.35,1222.0,1233.0,7795582
INE002A01018,RELIANCE,Reliance Industries Ltd.,Oil Gas & Consumable Fuels,2025-02-21,1228.7,1240.0,1222.15,1228.15,6904025
INE002A01018,RELIANCE,Reliance Industries Ltd.,Oil Gas & Consumable Fuels,2025-02-24,1216.55,1223.25,1210.5,1214.55,7172498
INE002A01018,RELIANCE,Reliance Industries Ltd.,Oil Gas & Consumable Fuels,2025-02-25,1211.0,1221.0,1201.5,1204.0,11552182
INE002A01018,RELIANCE,Reliance Industries Ltd.,Oil Gas & Consumable Fuels,2025-02-27,1212.8,1215.0,1200.65,1207.1,11509215
INE002A01018,RELIANCE,Reliance Industries Ltd.,Oil Gas & Consumable Fuels,2025-02-28,1202.0,1217.35,1193.3,1200.1,23007298
INE002A01018,RELIANCE,Reliance Industries Ltd.,Oil Gas & Consumable Fuels,2025-03-03,1204.0,1206.45,1156.0,1171.25,17944938
INE002A01018,RELIANCE,Reliance Industries Ltd.,Oil Gas & Consumable Fuels,2025-03-04,1162.2,1174.0,1159.55,1161.9,11377373
INE002A01018,RELIANCE,Reliance Industries Ltd.,Oil Gas & Consumable Fuels,2025-03-05,1161.0,1183.0,1157.0,1175.6,8664095
INE002A01018,RELIANCE,Reliance Industries Ltd.,Oil Gas & Consumable Fuels,2025-03-06,1197.0,1213.95,1185.15,1209.6,14468014
INE002A01018,RELIANCE,Reliance Industries Ltd.,Oil Gas & Consumable Fuels,2025-03-07,1216.0,1254.8,1212.0,1249.8,16474965
INE002A01018,RELIANCE,Reliance Industries Ltd.,Oil Gas & Consumable Fuels,2025-03-10,1245.0,1258.0,1235.4,1238.4,11931051
INE002A01018,RELIANCE,Reliance Industries Ltd.,Oil Gas & Consumable Fuels,2025-03-11,1240.0,1249.5,1229.75,1247.3,10089838
INE002A01018,RELIANCE,Reliance Industries Ltd.,Oil Gas & Consumable Fuels,2025-03-12,1258.0,1263.0,1244.0,1257.05,11977555
INE002A01018,RELIANCE,Reliance Industries Ltd.,Oil Gas & Consumable Fuels,2025-03-13,1260.05,1264.15,1243.85,1247.9,9505270
INE002A01018,RELIANCE,Reliance Industries Ltd.,Oil Gas & Consumable Fuels,2025-03-17,1242.15,1257.4,1233.1,1238.85,16640917
INE002A01018,RELIANCE,Reliance Industries Ltd.,Oil Gas & Consumable Fuels,2025-03-18,1238.85,1238.85,1238.85,1238.85,0
INE002A01018,RELIANCE,Reliance Industries Ltd.,Oil Gas & Consumable Fuels,2025-03-19,1241.05,1253.25,1238.8,1247.15,16162399
INE002A01018,RELIANCE,Reliance Industries Ltd.,Oil Gas & Consumable Fuels,2025-03-20,1251.85,1273.0,1250.05,1269.15,15971477
INE002A01018,RELIANCE,Reliance Industries Ltd.,Oil Gas & Consumable Fuels,2025-03-21,1275.0,1281.0,1270.1,1276.35,21780769
INE002A01018,RELIANCE,Reliance Industries Ltd.,Oil Gas & Consumable Fuels,2025-03-24,1291.0,1306.0,1284.25,1302.1,20299319
INE002A01018,RELIANCE,Reliance Industries Ltd.,Oil Gas & Consumable Fuels,2025-03-25,1307.7,1307.7,1282.6,1285.45,13713899
INE002A01018,RELIANCE,Reliance Industries Ltd.,Oil Gas & Consumable Fuels,2025-03-26,1291.0,1293.8,1268.75,1273.05,12074747
INE002A01018,RELIANCE,Reliance Industries Ltd.,Oil Gas & Consumable Fuels,2025-03-27,1278.15,1285.0,1271.3,1278.2,15028056
INE002A01018,RELIANCE,Reliance Industries Ltd.,Oil Gas & Consumable Fuels,2025-03-28,1280.0,1295.75,1269.0,1275.1,18147129
INE002A01018,RELIANCE,Reliance Industries Ltd.,Oil Gas & Consumable Fuels,2025-04-01,1264.6,1277.9,1249.3,1252.6,12099648
INE002A01018,RELIANCE,Reliance Industries Ltd.,Oil Gas & Consumable Fuels,2025-04-02,1247.55,1255.55,1243.9,1251.15,10142590
INE002A01018,RELIANCE,Reliance Industries Ltd.,Oil Gas & Consumable Fuels,2025-04-03,1233.05,1251.8,1233.05,1248.7,7434366
INE002A01018,RELIANCE,Reliance Industries Ltd.,Oil Gas & Consumable Fuels,2025-04-04,1241.1,1245.45,1193.15,1204.7,17908652
INE002A01018,RELIANCE,Reliance Industries Ltd.,Oil Gas & Consumable Fuels,2025-04-07,1132.2,1171.25,1114.85,1165.7,22156106
INE002A01018,RELIANCE,Reliance Industries Ltd.,Oil Gas & Consumable Fuels,2025-04-08,1172.0,1196.6,1163.3,1182.2,19555040
INE002A01018,RELIANCE,Reliance Industries Ltd.,Oil Gas & Consumable Fuels,2025-04-09,1169.5,1189.8,1168.0,1185.35,10223104
INE002A01018,RELIANCE,Reliance Industries Ltd.,Oil Gas & Consumable Fuels,2025-04-11,1195.15,1222.65,1195.15,1218.95,11224242
INE002A01018,RELIANCE,Reliance Industries Ltd.,Oil Gas & Consumable Fuels,2025-04-15,1251.0,1251.0,1237.1,1240.1,13378535
INE002A01018,RELIANCE,Reliance Industries Ltd.,Oil Gas & Consumable Fuels,2025-04-16,1234.1,1240.9,1229.0,1239.3,8248464
INE002A01018,RELIANCE,Reliance Industries Ltd.,Oil Gas & Consumable Fuels,2025-04-17,1240.2,1280.2,1227.6,1274.5,15398401
INE002A01018,RELIANCE,Reliance Industries Ltd.,Oil Gas & Consumable Fuels,2025-04-21,1270.0,1300.9,1267.0,1295.5,10429964
INE002A01018,RELIANCE,Reliance Industries Ltd.,Oil Gas & Consumable Fuels,2025-04-22,1300.0,1303.9,1286.3,1291.2,13051707
INE002A01018,RELIANCE,Reliance Industries Ltd.,Oil Gas & Consumable Fuels,2025-04-23,1297.0,1306.0,1285.4,1300.0,10480888
INE002A01018,RELIANCE,Reliance Industries Ltd.,Oil Gas & Consumable Fuels,2025-04-24,1292.4,1304.5,1290.3,1301.6,10468940
INE002A01018,RELIANCE,Reliance Industries Ltd.,Oil Gas & Consumable Fuels,2025-04-25,1303.5,1325.2,1288.1,1300.4,14431012
INE002A01018,RELIANCE,Reliance Industries Ltd.,Oil Gas & Consumable Fuels,2025-04-28,1340.0,1374.6,1320.2,1368.8,31104496
INE002A01018,RELIANCE,Reliance Industries Ltd.,Oil Gas & Consumable Fuels,2025-04-29,1371.0,1410.9,1370.0,1399.7,32538970
INE002A01018,RELIANCE,Reliance Industries Ltd.,Oil Gas & Consumable Fuels,2025-04-30,1402.0,1412.4,1369.0,1405.0,25480745
INE002A01018,RELIANCE,Reliance Industries Ltd.,Oil Gas & Consumable Fuels,2025-05-02,1414.0,1426.7,1409.1,1419.8,13007841
INE002A01018,RELIANCE,Reliance Industries Ltd.,Oil Gas & Consumable Fuels,2025-05-05,1431.0,1439.5,1426.9,1431.3,12685649
INE002A01018,RELIANCE,Reliance Industries Ltd.,Oil Gas & Consumable Fuels,2025-05-06,1431.0,1432.0,1410.6,1420.9,14084117
INE002A01018,RELIANCE,Reliance Industries Ltd.,Oil Gas & Consumable Fuels,2025-05-07,1420.9,1424.4,1402.7,1406.0,13440169
INE002A01018,RELIANCE,Reliance Industries Ltd.,Oil Gas & Consumable Fuels,2025-05-08,1404.1,1420.8,1398.0,1407.0,16106175
INE002A01018,RELIANCE,Reliance Industries Ltd.,Oil Gas & Consumable Fuels,2025-05-09,1385.5,1394.8,1374.5,1377.2,13668904
INE002A01018,RELIANCE,Reliance Industries Ltd.,Oil Gas & Consumable Fuels,2025-05-12,1400.0,1439.0,1400.0,1436.5,10674081
INE002A01018,RELIANCE,Reliance Industries Ltd.,Oil Gas & Consumable Fuels,2025-05-13,1433.5,1447.7,1412.4,1415.7,11407896
INE002A01018,RELIANCE,Reliance Industries Ltd.,Oil Gas & Consumable Fuels,2025-05-14,1420.0,1429.9,1415.5,1424.4,5570160
INE002A01018,RELIANCE,Reliance Industries Ltd.,Oil Gas & Consumable Fuels,2025-05-15,1425.0,1461.4,1412.7,1454.2,20177211
INE002A01018,RELIANCE,Reliance Industries Ltd.,Oil Gas & Consumable Fuels,2025-05-16,1453.2,1461.0,1447.3,1456.4,9036695
INE002A01018,RELIANCE,Reliance Industries Ltd.,Oil Gas & Consumable Fuels,2025-05-19,1452.1,1454.6,1438.2,1440.8,6195791
INE002A01018,RELIANCE,Reliance Industries Ltd.,Oil Gas & Consumable Fuels,2025-05-20,1438.2,1445.0,1421.8,1424.6,11270560
INE002A01018,RELIANCE,Reliance Industries Ltd.,Oil Gas & Consumable Fuels,2025-05-21,1423.9,1436.2,1418.1,1429.2,6136364
INE002A01018,RELIANCE,Reliance Industries Ltd.,Oil Gas & Consumable Fuels,2025-05-22,1421.2,1423.8,1396.9,1409.4,12134466
INE002A01018,RELIANCE,Reliance Industries Ltd.,Oil Gas & Consumable Fuels,2025-05-23,1406.6,1433.8,1406.6,1426.8,6474883
INE002A01018,RELIANCE,Reliance Industries Ltd.,Oil Gas & Consumable Fuels,2025-05-26,1432.0,1441.0,1425.1,1434.8,4842944
INE002A01018,RELIANCE,Reliance Industries Ltd.,Oil Gas & Consumable Fuels,2025-05-27,1426.1,1437.0,1413.9,1422.1,12640414
INE002A01018,RELIANCE,Reliance Industries Ltd.,Oil Gas & Consumable Fuels,2025-05-28,1420.1,1422.6,1410.7,1412.9,5944611
INE002A01018,RELIANCE,Reliance Industries Ltd.,Oil Gas & Consumable Fuels,2025-05-29,1412.1,1420.0,1408.6,1417.8,13771917
INE002A01018,RELIANCE,Reliance Industries Ltd.,Oil Gas & Consumable Fuels,2025-05-30,1418.0,1430.6,1409.7,1420.9,13788484
INE002A01018,RELIANCE,Reliance Industries Ltd.,Oil Gas & Consumable Fuels,2025-06-02,1412.1,1417.5,1395.6,1413.7,8098668
INE002A01018,RELIANCE,Reliance Industries Ltd.,Oil Gas & Consumable Fuels,2025-06-03,1422.3,1426.5,1403.4,1405.5,11252626
INE002A01018,RELIANCE,Reliance Industries Ltd.,Oil Gas & Consumable Fuels,2025-06-04,1414.7,1425.7,1406.1,1423.5,8126827
INE002A01018,RELIANCE,Reliance Industries Ltd.,Oil Gas & Consumable Fuels,2025-06-05,1428.0,1454.7,1423.6,1442.4,13716817
INE002A01018,RELIANCE,Reliance Industries Ltd.,Oil Gas & Consumable Fuels,2025-06-06,1441.0,1451.5,1437.0,1443.5,8182161
INE002A01018,RELIANCE,Reliance Industries Ltd.,Oil Gas & Consumable Fuels,2025-06-09,1457.0,1457.5,1445.3,1448.8,7885125
INE002A01018,RELIANCE,Reliance Industries Ltd.,Oil Gas & Consumable Fuels,2025-06-10,1450.0,1453.9,1436.0,1438.5,7913181
INE002A01018,RELIANCE,Reliance Industries Ltd.,Oil Gas & Consumable Fuels,2025-06-11,1445.8,1468.6,1443.1,1448.9,8195700
INE002A01018,RELIANCE,Reliance Industries Ltd.,Oil Gas & Consumable Fuels,2025-06-12,1453.5,1457.0,1434.4,1441.6,8828114
INE002A01018,RELIANCE,Reliance Industries Ltd.,Oil Gas & Consumable Fuels,2025-06-13,1424.0,1435.5,1414.3,1427.9,9757276
INE002A01018,RELIANCE,Reliance Industries Ltd.,Oil Gas & Consumable Fuels,2025-06-16,1426.9,1442.4,1424.4,1437.8,8458093
INE002A01018,RELIANCE,Reliance Industries Ltd.,Oil Gas & Consumable Fuels,2025-06-17,1448.0,1448.0,1425.8,1431.2,10366599
INE002A01018,RELIANCE,Reliance Industries Ltd.,Oil Gas & Consumable Fuels,2025-06-18,1430.0,1442.8,1425.7,1430.1,6681735
INE002A01018,RELIANCE,Reliance Industries Ltd.,Oil Gas & Consumable Fuels,2025-06-19,1430.1,1439.9,1425.7,1433.3,10007230
INE002A01018,RELIANCE,Reliance Industries Ltd.,Oil Gas & Consumable Fuels,2025-06-20,1431.0,1471.0,1428.1,1466.2,29010635
INE002A01018,RELIANCE,Reliance Industries Ltd.,Oil Gas & Consumable Fuels,2025-06-23,1453.0,1463.8,1442.0,1456.8,5989078
INE002A01018,RELIANCE,Reliance Industries Ltd.,Oil Gas & Consumable Fuels,2025-06-24,1465.0,1475.0,1443.1,1450.8,16402744
INE002A01018,RELIANCE,Reliance Industries Ltd.,Oil Gas & Consumable Fuels,2025-06-25,1464.0,1472.4,1460.5,1467.3,7525851
INE002A01018,RELIANCE,Reliance Industries Ltd.,Oil Gas & Consumable Fuels,2025-06-26,1469.1,1498.8,1465.1,1495.3,14657893
INE002A01018,RELIANCE,Reliance Industries Ltd.,Oil Gas & Consumable Fuels,2025-06-27,1499.4,1522.0,1496.9,1515.4,11117052
INE002A01018,RELIANCE,Reliance Industries Ltd.,Oil Gas & Consumable Fuels,2025-06-30,1513.8,1524.8,1496.0,1500.6,8409527
INE002A01018,RELIANCE,Reliance Industries Ltd.,Oil Gas & Consumable Fuels,2025-07-01,1500.6,1531.4,1500.1,1528.4,10368523
INE002A01018,RELIANCE,Reliance Industries Ltd.,Oil Gas & Consumable Fuels,2025-07-02,1528.4,1530.0,1508.7,1518.8,6361002
INE002A01018,RELIANCE,Reliance Industries Ltd.,Oil Gas & Consumable Fuels,2025-07-03,1520.8,1531.9,1513.0,1517.8,11283291
INE002A01018,RELIANCE,Reliance Industries Ltd.,Oil Gas & Consumable Fuels,2025-07-04,1524.0,1530.0,1517.2,1527.3,6603501
INE002A01018,RELIANCE,Reliance Industries Ltd.,Oil Gas & Consumable Fuels,2025-07-07,1526.6,1544.8,1525.0,1541.5,7251074
INE002A01018,RELIANCE,Reliance Industries Ltd.,Oil Gas & Consumable Fuels,2025-07-08,1536.0,1544.9,1530.2,1537.6,7171261
INE002A01018,RELIANCE,Reliance Industries Ltd.,Oil Gas & Consumable Fuels,2025-07-09,1536.7,1551.0,1510.1,1519.0,8870660
INE002A01018,RELIANCE,Reliance Industries Ltd.,Oil Gas & Consumable Fuels,2025-07-10,1519.7,1524.7,1507.5,1517.2,10047129
INE002A01018,RELIANCE,Reliance Industries Ltd.,Oil Gas & Consumable Fuels,2025-07-11,1512.0,1515.0,1490.3,1495.2,7234991
INE002A01018,RELIANCE,Reliance Industries Ltd.,Oil Gas & Consumable Fuels,2025-07-14,1492.2,1500.0,1479.1,1483.7,10311846
INE002A01018,RELIANCE,Reliance Industries Ltd.,Oil Gas & Consumable Fuels,2025-07-15,1486.2,1496.5,1482.4,1485.4,8132454
INE002A01018,RELIANCE,Reliance Industries Ltd.,Oil Gas & Consumable Fuels,2025-07-16,1473.0,1491.0,1471.5,1485.6,10409983
INE002A01018,RELIANCE,Reliance Industries Ltd.,Oil Gas & Consumable Fuels,2025-07-17,1487.4,1489.6,1473.9,1476.4,11854613
INE002A01018,RELIANCE,Reliance Industries Ltd.,Oil Gas & Consumable Fuels,2025-07-18,1484.8,1484.8,1469.1,1476.0,10296318
INE002A01018,RELIANCE,Reliance Industries Ltd.,Oil Gas & Consumable Fuels,2025-07-21,1465.0,1476.0,1423.1,1428.6,22442744
INE002A01018,RELIANCE,Reliance Industries Ltd.,Oil Gas & Consumable Fuels,2025-07-22,1427.4,1431.9,1410.7,1412.8,20396320
INE002A01018,RELIANCE,Reliance Industries Ltd.,Oil Gas & Consumable Fuels,2025-07-23,1426.0,1426.0,1414.4,1424.6,8354596
INE002A01018,RELIANCE,Reliance Industries Ltd.,Oil Gas & Consumable Fuels,2025-07-24,1419.2,1423.0,1396.0,1402.9,14740507
INE002A01018,RELIANCE,Reliance Industries Ltd.,Oil Gas & Consumable Fuels,2025-07-25,1398.9,1401.0,1384.1,1391.7,11854722
INE002A01018,RELIANCE,Reliance Industries Ltd.,Oil Gas & Consumable Fuels,2025-07-28,1392.3,1407.8,1385.0,1387.6,7748361
INE002A01018,RELIANCE,Reliance Industries Ltd.,Oil Gas & Consumable Fuels,2025-07-29,1383.0,1420.2,1383.0,1417.1,10750072
INE002A01018,RELIANCE,Reliance Industries Ltd.,Oil Gas & Consumable Fuels,2025-07-30,1418.1,1423.3,1401.3,1410.1,7209849
INE002A01018,RELIANCE,Reliance Industries Ltd.,Oil Gas & Consumable Fuels,2025-07-31,1388.1,1402.6,1382.2,1390.2,17065827
INE002A01018,RELIANCE,Reliance Industries Ltd.,Oil Gas & Consumable Fuels,2025-08-01,1386.9,1405.9,1384.3,1393.7,10321171
INE002A01018,RELIANCE,Reliance Industries Ltd.,Oil Gas & Consumable Fuels,2025-08-04,1395.1,1416.1,1391.7,1411.5,6312820
INE002A01018,RELIANCE,Reliance Industries Ltd.,Oil Gas & Consumable Fuels,2025-08-05,1411.0,1411.0,1388.1,1391.7,9315972
INE002A01018,RELIANCE,Reliance Industries Ltd.,Oil Gas & Consumable Fuels,2025-08-06,1391.9,1395.9,1383.3,1392.8,5834312
INE002A01018,RELIANCE,Reliance Industries Ltd.,Oil Gas & Consumable Fuels,2025-08-07,1387.7,1393.7,1366.0,1389.4,9976705
INE002A01018,RELIANCE,Reliance Industries Ltd.,Oil Gas & Consumable Fuels,2025-08-08,1385.0,1397.2,1365.0,1367.8,8793606
INE002A01018,RELIANCE,Reliance Industries Ltd.,Oil Gas & Consumable Fuels,2025-08-11,1370.0,1388.0,1361.2,1386.2,9997486
INE002A01018,RELIANCE,Reliance Industries Ltd.,Oil Gas & Consumable Fuels,2025-08-12,1381.9,1401.9,1375.2,1380.4,12244664
INE002A01018,RELIANCE,Reliance Industries Ltd.,Oil Gas & Consumable Fuels,2025-08-13,1388.0,1391.8,1377.5,1382.6,7457021
INE002A01018,RELIANCE,Reliance Industries Ltd.,Oil Gas & Consumable Fuels,2025-08-14,1377.3,1380.7,1370.1,1373.8,7126128
INE002A01018,RELIANCE,Reliance Industries Ltd.,Oil Gas & Consumable Fuels,2025-08-18,1390.0,1394.9,1377.0,1381.7,11785109
INE002A01018,RELIANCE,Reliance Industries Ltd.,Oil Gas & Consumable Fuels,2025-08-19,1390.0,1421.0,1389.1,1420.1,14384719
INE002A01018,RELIANCE,Reliance Industries Ltd.,Oil Gas & Consumable Fuels,2025-08-20,1413.0,1424.9,1410.0,1413.0,8725641
INE002A01018,RELIANCE,Reliance Industries Ltd.,Oil Gas & Consumable Fuels,2025-08-21,1425.0,1431.9,1420.3,1424.8,11021323
INE002A01018,RELIANCE,Reliance Industries Ltd.,Oil Gas & Consumable Fuels,2025-08-22,1420.0,1423.4,1407.9,1409.2,5818868
INE002A01018,RELIANCE,Reliance Industries Ltd.,Oil Gas & Consumable Fuels,2025-08-25,1414.7,1419.5,1405.7,1412.6,5979407
INE002A01018,RELIANCE,Reliance Industries Ltd.,Oil Gas & Consumable Fuels,2025-08-26,1408.0,1410.0,1381.6,1384.9,12145259
INE002A01018,RELIANCE,Reliance Industries Ltd.,Oil Gas & Consumable Fuels,2025-08-28,1389.9,1392.2,1366.5,1385.9,13161813
INE002A01018,RELIANCE,Reliance Industries Ltd.,Oil Gas & Consumable Fuels,2025-08-29,1381.1,1403.5,1350.0,1357.2,18758842
INE002A01018,RELIANCE,Reliance Industries Ltd.,Oil Gas & Consumable Fuels,2025-09-01,1356.0,1363.2,1340.6,1353.9,11232238
INE002A01018,RELIANCE,Reliance Industries Ltd.,Oil Gas & Consumable Fuels,2025-09-02,1354.8,1384.5,1354.5,1366.5,11517006
INE002A01018,RELIANCE,Reliance Industries Ltd.,Oil Gas & Consumable Fuels,2025-09-03,1369.7,1376.5,1360.5,1372.6,7847563
INE002A01018,RELIANCE,Reliance Industries Ltd.,Oil Gas & Consumable Fuels,2025-09-04,1371.8,1374.0,1357.1,1359.3,13223177
INE002A01018,RELIANCE,Reliance Industries Ltd.,Oil Gas & Consumable Fuels,2025-09-05,1363.0,1381.0,1359.3,1375.0,5777575
INE002A01018,RELIANCE,Reliance Industries Ltd.,Oil Gas & Consumable Fuels,2025-09-08,1380.0,1386.0,1372.4,1378.5,6986720
INE002A01018,RELIANCE,Reliance Industries Ltd.,Oil Gas & Consumable Fuels,2025-09-09,1376.6,1381.2,1368.7,1376.2,9754452
INE002A01018,RELIANCE,Reliance Industries Ltd.,Oil Gas & Consumable Fuels,2025-09-10,1383.9,1388.5,1374.1,1377.0,7790815
INE002A01018,RELIANCE,Reliance Industries Ltd.,Oil Gas & Consumable Fuels,2025-09-11,1376.0,1385.5,1375.0,1383.3,9766072
INE002A01018,RELIANCE,Reliance Industries Ltd.,Oil Gas & Consumable Fuels,2025-09-12,1383.3,1396.3,1380.5,1395.0,7403368
INE002A01018,RELIANCE,Reliance Industries Ltd.,Oil Gas & Consumable Fuels,2025-09-15,1393.0,1400.8,1388.6,1399.3,5396697
INE002A01018,RELIANCE,Reliance Industries Ltd.,Oil Gas & Consumable Fuels,2025-09-16,1404.7,1408.0,1398.2,1405.3,8686961
INE002A01018,RELIANCE,Reliance Industries Ltd.,Oil Gas & Consumable Fuels,2025-09-17,1407.0,1416.2,1406.9,1413.8,7519417
INE002A01018,RELIANCE,Reliance Industries Ltd.,Oil Gas & Consumable Fuels,2025-09-18,1420.4,1422.0,1410.7,1415.0,9332642
INE002A01018,RELIANCE,Reliance Industries Ltd.,Oil Gas & Consumable Fuels,2025-09-19,1414.9,1417.0,1403.6,1407.4,13461373
INE002A01018,RELIANCE,Reliance Industries Ltd.,Oil Gas & Consumable Fuels,2025-09-22,1403.9,1410.7,1388.0,1390.6,7757970
INE002A01018,RELIANCE,Reliance Industries Ltd.,Oil Gas & Consumable Fuels,2025-09-23,1391.0,1395.0,1376.8,1389.8,14014702
INE002A01018,RELIANCE,Reliance Industries Ltd.,Oil Gas & Consumable Fuels,2025-09-24,1385.3,1396.0,1380.4,1383.0,5922759
INE002A01018,RELIANCE,Reliance Industries Ltd.,Oil Gas & Consumable Fuels,2025-09-25,1381.3,1384.5,1369.0,1372.4,11411143
INE002A01018,RELIANCE,Reliance Industries Ltd.,Oil Gas & Consumable Fuels,2025-09-26,1372.0,1382.7,1366.0,1377.6,9879109
INE002A01018,RELIANCE,Reliance Industries Ltd.,Oil Gas & Consumable Fuels,2025-09-29,1381.6,1389.0,1368.0,1372.8,14231999
INE002A01018,RELIANCE,Reliance Industries Ltd.,Oil Gas & Consumable Fuels,2025-09-30,1377.1,1377.1,1362.8,1364.0,14604684
INE002A01018,RELIANCE,Reliance Industries Ltd.,Oil Gas & Consumable Fuels,2025-10-01,1367.0,1378.6,1362.7,1368.7,12045916
INE002A01018,RELIANCE,Reliance Industries Ltd.,Oil Gas & Consumable Fuels,2025-10-03,1363.2,1371.6,1356.9,1363.4,12842347
INE002A01018,RELIANCE,Reliance Industries Ltd.,Oil Gas & Consumable Fuels,2025-10-06,1360.0,1377.4,1359.0,1375.0,12396580
INE002A01018,RELIANCE,Reliance Industries Ltd.,Oil Gas & Consumable Fuels,2025-10-07,1376.0,1395.9,1375.9,1384.8,11244040
INE002A01018,RELIANCE,Reliance Industries Ltd.,Oil Gas & Consumable Fuels,2025-10-08,1384.8,1389.0,1364.5,1367.4,8525081
INE002A01018,RELIANCE,Reliance Industries Ltd.,Oil Gas & Consumable Fuels,2025-10-09,1374.0,1380.0,1369.1,1377.8,8826633
INE002A01018,RELIANCE,Reliance Industries Ltd.,Oil Gas & Consumable Fuels,2025-10-10,1377.8,1388.0,1375.1,1381.7,6373084
INE002A01018,RELIANCE,Reliance Industries Ltd.,Oil Gas & Consumable Fuels,2025-10-13,1376.9,1377.7,1367.8,1375.0,7600682
INE002A01018,RELIANCE,Reliance Industries Ltd.,Oil Gas & Consumable Fuels,2025-10-14,1380.0,1388.0,1370.1,1375.9,9768174
INE002A01018,RELIANCE,Reliance Industries Ltd.,Oil Gas & Consumable Fuels,2025-10-15,1383.0,1384.0,1372.7,1374.3,10882743
INE002A01018,RELIANCE,Reliance Industries Ltd.,Oil Gas & Consumable Fuels,2025-10-16,1375.1,1400.5,1375.0,1398.3,12315932
INE002A01018,RELIANCE,Reliance Industries Ltd.,Oil Gas & Consumable Fuels,2025-10-17,1401.0,1423.3,1399.1,1416.8,19335561
INE002A01018,RELIANCE,Reliance Industries Ltd.,Oil Gas & Consumable Fuels,2025-10-20,1440.0,1473.8,1433.3,1466.8,24721978
INE002A01018,RELIANCE,Reliance Industries Ltd.,Oil Gas & Consumable Fuels,2025-10-21,1468.0,1474.0,1460.0,1465.2,2066169
INE002A01018,RELIANCE,Reliance Industries Ltd.,Oil Gas & Consumable Fuels,2025-10-23,1475.0,1482.9,1444.6,1448.4,18707090
INE002A01018,RELIANCE,Reliance Industries Ltd.,Oil Gas & Consumable Fuels,2025-10-24,1450.0,1459.8,1441.0,1451.6,9700837
INE002A01018,RELIANCE,Reliance Industries Ltd.,Oil Gas & Consumable Fuels,2025-10-27,1463.0,1485.0,1458.0,1484.1,14113867
INE002A01018,RELIANCE,Reliance Industries Ltd.,Oil Gas & Consumable Fuels,2025-10-28,1484.1,1492.0,1477.6,1486.9,17631577
INE002A01018,RELIANCE,Reliance Industries Ltd.,Oil Gas & Consumable Fuels,2025-10-29,1490.0,1508.3,1488.1,1504.2,11884745
INE002A01018,RELIANCE,Reliance Industries Ltd.,Oil Gas & Consumable Fuels,2025-10-30,1500.0,1503.1,1484.0,1488.5,9318663
INE002A01018,RELIANCE,Reliance Industries Ltd.,Oil Gas & Consumable Fuels,2025-10-31,1490.4,1497.5,1482.3,1486.4,8758053
INE002A01018,RELIANCE,Reliance Industries Ltd.,Oil Gas & Consumable Fuels,2025-11-03,1486.0,1495.0,1479.3,1484.7,8452085
INE002A01018,RELIANCE,Reliance Industries Ltd.,Oil Gas & Consumable Fuels,2025-11-04,1483.9,1492.8,1470.1,1473.1,10007806
INE002A01018,RELIANCE,Reliance Industries Ltd.,Oil Gas & Consumable Fuels,2025-11-06,1484.0,1501.6,1476.2,1496.1,16772678
INE002A01018,RELIANCE,Reliance Industries Ltd.,Oil Gas & Consumable Fuels,2025-11-07,1494.6,1498.4,1475.9,1478.0,7821765
INE002A01018,RELIANCE,Reliance Industries Ltd.,Oil Gas & Consumable Fuels,2025-11-10,1477.9,1501.0,1475.5,1489.3,7068438
INE002A01018,RELIANCE,Reliance Industries Ltd.,Oil Gas & Consumable Fuels,2025-11-11,1497.0,1498.8,1480.2,1493.4,7127506
INE002A01018,RELIANCE,Reliance Industries Ltd.,Oil Gas & Consumable Fuels,2025-11-12,1505.0,1524.7,1500.0,1511.5,12384459
INE002A01018,RELIANCE,Reliance Industries Ltd.,Oil Gas & Consumable Fuels,2025-11-13,1515.0,1522.1,1506.8,1510.9,7196443
INE002A01018,RELIANCE,Reliance Industries Ltd.,Oil Gas & Consumable Fuels,2025-11-14,1505.5,1520.9,1505.5,1518.9,7682823
INE002A01018,RELIANCE,Reliance Industries Ltd.,Oil Gas & Consumable Fuels,2025-11-17,1520.9,1523.7,1511.5,1518.3,5871416
INE002A01018,RELIANCE,Reliance Industries Ltd.,Oil Gas & Consumable Fuels,2025-11-18,1521.7,1527.8,1510.5,1519.4,11045042
INE002A01018,RELIANCE,Reliance Industries Ltd.,Oil Gas & Consumable Fuels,2025-11-19,1517.4,1522.3,1512.0,1518.9,5692366
INE002A01018,RELIANCE,Reliance Industries Ltd.,Oil Gas & Consumable Fuels,2025-11-20,1530.0,1550.9,1526.7,1549.1,18171724
INE002A01018,RELIANCE,Reliance Industries Ltd.,Oil Gas & Consumable Fuels,2025-11-21,1541.0,1557.8,1540.1,1546.6,9615271
INE002A01018,RELIANCE,Reliance Industries Ltd.,Oil Gas & Consumable Fuels,2025-11-24,1550.0,1550.0,1531.8,1535.9,18433951
INE002A01018,RELIANCE,Reliance Industries Ltd.,Oil Gas & Consumable Fuels,2025-11-25,1535.9,1559.6,1525.1,1539.7,15033482
INE002A01018,RELIANCE,Reliance Industries Ltd.,Oil Gas & Consumable Fuels,2025-11-26,1542.3,1571.6,1540.5,1569.9,14054299
INE002A01018,RELIANCE,Reliance Industries Ltd.,Oil Gas & Consumable Fuels,2025-11-27,1575.0,1575.5,1556.0,1563.4,9794643
INE002A01018,RELIANCE,Reliance Industries Ltd.,Oil Gas & Consumable Fuels,2025-11-28,1568.0,1581.3,1563.0,1567.5,8959508
INE002A01018,RELIANCE,Reliance Industries Ltd.,Oil Gas & Consumable Fuels,2025-12-01,1575.0,1577.5,1563.6,1566.1,8920233
INE002A01018,RELIANCE,Reliance Industries Ltd.,Oil Gas & Consumable Fuels,2025-12-02,1561.1,1567.5,1542.0,1546.3,11389150
INE002A01018,RELIANCE,Reliance Industries Ltd.,Oil Gas & Consumable Fuels,2025-12-03,1545.2,1552.4,1533.0,1538.8,6090883
INE002A01018,RELIANCE,Reliance Industries Ltd.,Oil Gas & Consumable Fuels,2025-12-04,1536.0,1560.5,1517.6,1535.6,11867930
INE002A01018,RELIANCE,Reliance Industries Ltd.,Oil Gas & Consumable Fuels,2025-12-05,1530.4,1545.8,1520.6,1540.6,10183266
INE002A01018,RELIANCE,Reliance Industries Ltd.,Oil Gas & Consumable Fuels,2025-12-08,1539.2,1551.0,1535.0,1543.0,11301491
INE002A01018,RELIANCE,Reliance Industries Ltd.,Oil Gas & Consumable Fuels,2025-12-09,1540.3,1542.5,1520.1,1529.4,11503971
INE002A01018,RELIANCE,Reliance Industries Ltd.,Oil Gas & Consumable Fuels,2025-12-10,1534.0,1547.5,1531.4,1536.9,7991629
INE002A01018,RELIANCE,Reliance Industries Ltd.,Oil Gas & Consumable Fuels,2025-12-11,1536.9,1550.0,1524.0,1545.0,4706197
INE002A01018,RELIANCE,Reliance Industries Ltd.,Oil Gas & Consumable Fuels,2025-12-12,1550.8,1559.8,1546.1,1556.5,5106655
INE002A01018,RELIANCE,Reliance Industries Ltd.,Oil Gas & Consumable Fuels,2025-12-15,1551.2,1558.6,1546.5,1556.2,5774543
INE002A01018,RELIANCE,Reliance Industries Ltd.,Oil Gas & Consumable Fuels,2025-12-16,1545.0,1551.7,1538.8,1542.3,11731856
INE002A01018,RELIANCE,Reliance Industries Ltd.,Oil Gas & Consumable Fuels,2025-12-17,1550.0,1550.0,1539.3,1544.4,7116649
INE002A01018,RELIANCE,Reliance Industries Ltd.,Oil Gas & Consumable Fuels,2025-12-18,1535.2,1551.5,1535.2,1544.4,6580829
INE002A01018,RELIANCE,Reliance Industries Ltd.,Oil Gas & Consumable Fuels,2025-12-19,1554.4,1574.2,1551.0,1565.1,13937275
INE002A01018,RELIANCE,Reliance Industries Ltd.,Oil Gas & Consumable Fuels,2025-12-22,1573.5,1577.5,1565.3,1575.4,10184852
INE002A01018,RELIANCE,Reliance Industries Ltd.,Oil Gas & Consumable Fuels,2025-12-23,1580.9,1580.9,1568.1,1570.7,7506564
INE002A01018,RELIANCE,Reliance Industries Ltd.,Oil Gas & Consumable Fuels,2025-12-24,1572.7,1575.7,1553.6,1558.2,8815745
INE002A01018,RELIANCE,Reliance Industries Ltd.,Oil Gas & Consumable Fuels,2025-12-26,1554.7,1561.0,1554.3,1559.2,2311495
INE002A01018,RELIANCE,Reliance Industries Ltd.,Oil Gas & Consumable Fuels,2025-12-29,1554.9,1558.1,1543.6,1545.6,5972105
INE002A01018,RELIANCE,Reliance Industries Ltd.,Oil Gas & Consumable Fuels,2025-12-30,1547.0,1553.6,1537.8,1539.8,8815884
INE002A01018,RELIANCE,Reliance Industries Ltd.,Oil Gas & Consumable Fuels,2025-12-31,1541.0,1577.0,1541.0,1570.4,5771830
INE002A01018,RELIANCE,Reliance Industries Ltd.,Oil Gas & Consumable Fuels,2026-01-01,1573.7,1592.5,1571.1,1575.6,6408128
INE002A01018,RELIANCE,Reliance Industries Ltd.,Oil Gas & Consumable Fuels,2026-01-02,1580.0,1594.6,1578.2,1592.3,6602230
INE002A01018,RELIANCE,Reliance Industries Ltd.,Oil Gas & Consumable Fuels,2026-01-05,1593.0,1611.8,1575.3,1578.1,8704973
INE002A01018,RELIANCE,Reliance Industries Ltd.,Oil Gas & Consumable Fuels,2026-01-06,1569.0,1569.0,1496.3,1507.6,27417125
INE002A01018,RELIANCE,Reliance Industries Ltd.,Oil Gas & Consumable Fuels,2026-01-07,1510.0,1520.0,1498.0,1504.2,11199340
INE002A01018,RELIANCE,Reliance Industries Ltd.,Oil Gas & Consumable Fuels,2026-01-08,1500.0,1503.9,1468.8,1470.6,16518684
INE002A01018,RELIANCE,Reliance Industries Ltd.,Oil Gas & Consumable Fuels,2026-01-09,1465.0,1479.9,1465.0,1475.3,8335311
INE002A01018,RELIANCE,Reliance Industries Ltd.,Oil Gas & Consumable Fuels,2026-01-12,1475.3,1485.3,1451.0,1483.2,8883745
INE002A01018,RELIANCE,Reliance Industries Ltd.,Oil Gas & Consumable Fuels,2026-01-13,1485.0,1485.8,1444.7,1452.8,13499760
INE002A01018,RELIANCE,Reliance Industries Ltd.,Oil Gas & Consumable Fuels,2026-01-14,1444.0,1467.0,1440.2,1458.8,8321764
INE002A01018,RELIANCE,Reliance Industries Ltd.,Oil Gas & Consumable Fuels,2026-01-15,1458.8,1458.8,1458.8,1458.8,0
INE002A01018,RELIANCE,Reliance Industries Ltd.,Oil Gas & Consumable Fuels,2026-01-16,1458.8,1480.0,1455.1,1457.9,17167161
INE002A01018,RELIANCE,Reliance Industries Ltd.,Oil Gas & Consumable Fuels,2026-01-19,1450.6,1450.6,1403.3,1413.6,20392765
INE002A01018,RELIANCE,Reliance Industries Ltd.,Oil Gas & Consumable Fuels,2026-01-20,1410.7,1416.0,1390.0,1394.0,13189498
INE002A01018,RELIANCE,Reliance Industries Ltd.,Oil Gas & Consumable Fuels,2026-01-21,1389.5,1412.9,1373.0,1404.6,17352720
INE002A01018,RELIANCE,Reliance Industries Ltd.,Oil Gas & Consumable Fuels,2026-01-22,1410.1,1419.5,1395.0,1402.5,15721693
INE002A01018,RELIANCE,Reliance Industries Ltd.,Oil Gas & Consumable Fuels,2026-01-23,1401.8,1407.0,1381.0,1386.1,9837802
INE002A01018,RELIANCE,Reliance Industries Ltd.,Oil Gas & Consumable Fuels,2026-01-27,1380.0,1391.6,1368.0,1380.5,26302396
INE002A01018,RELIANCE,Reliance Industries Ltd.,Oil Gas & Consumable Fuels,2026-01-28,1385.0,1409.9,1384.9,1396.7,11121657
INE002A01018,RELIANCE,Reliance Industries Ltd.,Oil Gas & Consumable Fuels,2026-01-29,1402.9,1402.9,1384.0,1391.0,20846683
INE002A01018,RELIANCE,Reliance Industries Ltd.,Oil Gas & Consumable Fuels,2026-01-30,1382.6,1398.0,1378.5,1395.4,11239835
INE002A01018,RELIANCE,Reliance Industries Ltd.,Oil Gas & Consumable Fuels,2026-02-02,1340.0,1392.9,1335.5,1390.4,15711165
INE002A01018,RELIANCE,Reliance Industries Ltd.,Oil Gas & Consumable Fuels,2026-02-03,1473.9,1489.5,1430.2,1437.1,25456171
INE002A01018,RELIANCE,Reliance Industries Ltd.,Oil Gas & Consumable Fuels,2026-02-04,1444.0,1464.0,1440.3,1456.8,8333387
INE002A01018,RELIANCE,Reliance Industries Ltd.,Oil Gas & Consumable Fuels,2026-02-05,1457.0,1461.5,1439.5,1443.4,11763658
INE002A01018,RELIANCE,Reliance Industries Ltd.,Oil Gas & Consumable Fuels,2026-02-06,1441.5,1452.8,1433.5,1450.8,8277304
INE002A01018,RELIANCE,Reliance Industries Ltd.,Oil Gas & Consumable Fuels,2026-02-09,1458.0,1465.9,1453.0,1461.6,5775864
INE002A01018,RELIANCE,Reliance Industries Ltd.,Oil Gas & Consumable Fuels,2026-02-10,1471.0,1471.0,1452.2,1458.5,10259630
INE002A01018,RELIANCE,Reliance Industries Ltd.,Oil Gas & Consumable Fuels,2026-02-11,1459.6,1470.0,1453.6,1468.7,7106877
INE002A01018,RELIANCE,Reliance Industries Ltd.,Oil Gas & Consumable Fuels,2026-02-12,1470.0,1473.0,1445.5,1448.9,11135399
INE002A01018,RELIANCE,Reliance Industries Ltd.,Oil Gas & Consumable Fuels,2026-02-13,1445.5,1450.7,1416.3,1419.6,10755693
INE002A01018,RELIANCE,Reliance Industries Ltd.,Oil Gas & Consumable Fuels,2026-02-16,1420.1,1439.6,1409.3,1437.1,5896514
INE002A01018,RELIANCE,Reliance Industries Ltd.,Oil Gas & Consumable Fuels,2026-02-17,1431.1,1431.8,1418.6,1423.0,10731630
INE002A01018,RELIANCE,Reliance Industries Ltd.,Oil Gas & Consumable Fuels,2026-02-18,1427.0,1442.1,1419.2,1441.3,5521096
INE002A01018,RELIANCE,Reliance Industries Ltd.,Oil Gas & Consumable Fuels,2026-02-19,1443.0,1443.0,1400.0,1409.5,11884664
INE002A01018,RELIANCE,Reliance Industries Ltd.,Oil Gas & Consumable Fuels,2026-02-20,1409.5,1427.4,1406.1,1419.4,8177670
INE002A01018,RELIANCE,Reliance Industries Ltd.,Oil Gas & Consumable Fuels,2026-02-23,1425.0,1434.9,1418.3,1428.0,7758856
INE002A01018,RELIANCE,Reliance Industries Ltd.,Oil Gas & Consumable Fuels,2026-02-24,1425.3,1433.3,1415.0,1428.8,12529409
INE002A01018,RELIANCE,Reliance Industries Ltd.,Oil Gas & Consumable Fuels,2026-02-25,1435.0,1440.5,1393.5,1398.5,10728792
INE002A01018,RELIANCE,Reliance Industries Ltd.,Oil Gas & Consumable Fuels,2026-02-26,1398.5,1412.9,1391.9,1406.8,16683858
INE002A01018,RELIANCE,Reliance Industries Ltd.,Oil Gas & Consumable Fuels,2026-02-27,1398.0,1410.4,1388.1,1393.9,12031440
INE002A01018,RELIANCE,Reliance Industries Ltd.,Oil Gas & Consumable Fuels,2026-03-02,1375.5,1378.6,1341.5,1358.0,23728722
INE002A01018,RELIANCE,Reliance Industries Ltd.,Oil Gas & Consumable Fuels,2026-03-04,1330.0,1352.8,1307.0,1345.0,32495007
INE002A01018,RELIANCE,Reliance Industries Ltd.,Oil Gas & Consumable Fuels,2026-03-05,1353.1,1399.0,1353.1,1389.4,25957532
INE002A01018,RELIANCE,Reliance Industries Ltd.,Oil Gas & Consumable Fuels,2026-03-06,1396.5,1424.3,1390.3,1404.8,19311971
INE002A01018,RELIANCE,Reliance Industries Ltd.,Oil Gas & Consumable Fuels,2026-03-09,1375.0,1429.4,1370.0,1424.0,24870822
INE002A01018,RELIANCE,Reliance Industries Ltd.,Oil Gas & Consumable Fuels,2026-03-10,1430.6,1431.5,1400.6,1408.8,18071259
INE002A01018,RELIANCE,Reliance Industries Ltd.,Oil Gas & Consumable Fuels,2026-03-11,1424.9,1434.0,1383.6,1390.2,21848087
INE002A01018,RELIANCE,Reliance Industries Ltd.,Oil Gas & Consumable Fuels,2026-03-12,1390.0,1410.9,1381.1,1392.2,20939959
INE002A01018,RELIANCE,Reliance Industries Ltd.,Oil Gas & Consumable Fuels,2026-03-13,1385.2,1400.8,1378.4,1380.7,17265090
INE002A01018,RELIANCE,Reliance Industries Ltd.,Oil Gas & Consumable Fuels,2026-03-16,1380.0,1397.3,1363.5,1395.1,22837802
INE002A01018,RELIANCE,Reliance Industries Ltd.,Oil Gas & Consumable Fuels,2026-03-17,1399.0,1405.9,1388.2,1397.6,19007744
INE002A01018,RELIANCE,Reliance Industries Ltd.,Oil Gas & Consumable Fuels,2026-03-18,1397.2,1412.9,1397.2,1408.1,9559327
INE002A01018,RELIANCE,Reliance Industries Ltd.,Oil Gas & Consumable Fuels,2026-03-19,1388.0,1415.7,1376.1,1384.8,16498373
INE002A01018,RELIANCE,Reliance Industries Ltd.,Oil Gas & Consumable Fuels,2026-03-20,1398.0,1430.0,1396.1,1414.4,22994918
INE002A01018,RELIANCE,Reliance Industries Ltd.,Oil Gas & Consumable Fuels,2026-03-23,1400.0,1415.6,1391.0,1407.8,18979554
INE002A01018,RELIANCE,Reliance Industries Ltd.,Oil Gas & Consumable Fuels,2026-03-24,1420.0,1422.4,1406.6,1411.8,18620893
INE002A01018,RELIANCE,Reliance Industries Ltd.,Oil Gas & Consumable Fuels,2026-03-25,1420.0,1430.5,1408.4,1413.1,19041331
INE002A01018,RELIANCE,Reliance Industries Ltd.,Oil Gas & Consumable Fuels,2026-03-27,1401.0,1404.7,1345.0,1348.1,23266517
INE002A01018,RELIANCE,Reliance Industries Ltd.,Oil Gas & Consumable Fuels,2026-03-30,1335.0,1365.0,1334.1,1343.9,24393861
INE002A01018,RELIANCE,Reliance Industries Ltd.,Oil Gas & Consumable Fuels,2026-04-01,1384.2,1384.4,1362.9,1369.2,14404619
INE002A01018,RELIANCE,Reliance Industries Ltd.,Oil Gas & Consumable Fuels,2026-04-02,1357.0,1358.2,1328.0,1350.5,21280051
INE002A01018,RELIANCE,Reliance Industries Ltd.,Oil Gas & Consumable Fuels,2026-04-06,1359.0,1359.0,1290.0,1304.7,29274881
INE002A01018,RELIANCE,Reliance Industries Ltd.,Oil Gas & Consumable Fuels,2026-04-07,1295.0,1308.3,1291.0,1304.6,28388922
INE002A01018,RELIANCE,Reliance Industries Ltd.,Oil Gas & Consumable Fuels,2026-04-08,1349.0,1350.6,1326.2,1347.8,21817543
INE002A01018,RELIANCE,Reliance Industries Ltd.,Oil Gas & Consumable Fuels,2026-04-09,1346.0,1350.0,1326.3,1330.0,20725390
INE002A01018,RELIANCE,Reliance Industries Ltd.,Oil Gas & Consumable Fuels,2026-04-10,1337.0,1352.3,1331.5,1350.2,19364461
INE002A01018,RELIANCE,Reliance Industries Ltd.,Oil Gas & Consumable Fuels,2026-04-13,1321.2,1327.6,1310.0,1315.1,28753269
INE002A01018,RELIANCE,Reliance Industries Ltd.,Oil Gas & Consumable Fuels,2026-04-15,1337.0,1347.0,1334.2,1344.1,15313779
INE002A01018,RELIANCE,Reliance Industries Ltd.,Oil Gas & Consumable Fuels,2026-04-16,1352.0,1353.8,1330.0,1343.3,30211012
INE002A01018,RELIANCE,Reliance Industries Ltd.,Oil Gas & Consumable Fuels,2026-04-17,1340.0,1368.4,1340.0,1365.0,13869105
INE002A01018,RELIANCE,Reliance Industries Ltd.,Oil Gas & Consumable Fuels,2026-04-20,1363.2,1373.0,1352.8,1363.3,13614733
INE002A01018,RELIANCE,Reliance Industries Ltd.,Oil Gas & Consumable Fuels,2026-04-21,1359.0,1369.8,1350.1,1353.3,27293629
INE002A01018,RELIANCE,Reliance Industries Ltd.,Oil Gas & Consumable Fuels,2026-04-22,1350.3,1366.0,1349.1,1362.1,9525953
INE002A01018,RELIANCE,Reliance Industries Ltd.,Oil Gas & Consumable Fuels,2026-04-23,1346.0,1355.5,1340.7,1343.4,16385079
INE002A01018,RELIANCE,Reliance Industries Ltd.,Oil Gas & Consumable Fuels,2026-04-24,1340.0,1345.9,1325.0,1327.8,11744802
INE002A01018,RELIANCE,Reliance Industries Ltd.,Oil Gas & Consumable Fuels,2026-04-27,1313.0,1371.6,1311.0,1365.8,24673098
INE002A01018,RELIANCE,Reliance Industries Ltd.,Oil Gas & Consumable Fuels,2026-04-28,1358.0,1395.2,1357.0,1388.9,41027699
INE002A01018,RELIANCE,Reliance Industries Ltd.,Oil Gas & Consumable Fuels,2026-04-29,1392.0,1433.8,1391.3,1425.4,30542143
INE002A01018,RELIANCE,Reliance Industries Ltd.,Oil Gas & Consumable Fuels,2026-04-30,1409.0,1437.0,1393.1,1430.8,30957881
INE002A01018,RELIANCE,Reliance Industries Ltd.,Oil Gas & Consumable Fuels,2026-05-01,1430.8,1430.8,1430.8,1430.8,0
INE002A01018,RELIANCE,Reliance Industries Ltd.,Oil Gas & Consumable Fuels,2026-05-04,1433.4,1467.4,1433.4,1463.1,24035700
INE002A01018,RELIANCE,Reliance Industries Ltd.,Oil Gas & Consumable Fuels,2026-05-05,1460.0,1473.4,1450.0,1463.6,23543341
INE002A01018,RELIANCE,Reliance Industries Ltd.,Oil Gas & Consumable Fuels,2026-05-06,1463.0,1473.3,1427.5,1437.9,14221786
INE002A01018,RELIANCE,Reliance Industries Ltd.,Oil Gas & Consumable Fuels,2026-05-07,1438.8,1449.5,1430.3,1436.2,19816903
INE002A01018,RELIANCE,Reliance Industries Ltd.,Oil Gas & Consumable Fuels,2026-05-08,1426.0,1442.8,1417.5,1435.2,8663105
INE002A01018,RELIANCE,Reliance Industries Ltd.,Oil Gas & Consumable Fuels,2026-05-11,1420.0,1428.0,1382.0,1388.2,15261787
INE002A01018,RELIANCE,Reliance Industries Ltd.,Oil Gas & Consumable Fuels,2026-05-12,1392.0,1393.5,1360.3,1364.0,24357500
INE002A01018,RELIANCE,Reliance Industries Ltd.,Oil Gas & Consumable Fuels,2026-05-13,1361.4,1372.4,1352.4,1358.8,13797989
INE002A01018,RELIANCE,Reliance Industries Ltd.,Oil Gas & Consumable Fuels,2026-05-14,1365.2,1378.0,1358.4,1361.8,17303059
INE002A01018,RELIANCE,Reliance Industries Ltd.,Oil Gas & Consumable Fuels,2026-05-15,1356.8,1364.8,1329.2,1336.4,19976192
INE002A01018,RELIANCE,Reliance Industries Ltd.,Oil Gas & Consumable Fuels,2026-05-18,1334.0,1342.0,1318.7,1335.9,13022473
INE002A01018,RELIANCE,Reliance Industries Ltd.,Oil Gas & Consumable Fuels,2026-05-19,1338.7,1344.0,1318.4,1322.7,21665501
INE002A01018,RELIANCE,Reliance Industries Ltd.,Oil Gas & Consumable Fuels,2026-05-20,1318.7,1362.9,1312.6,1359.7,13248515
INE002A01018,RELIANCE,Reliance Industries Ltd.,Oil Gas & Consumable Fuels,2026-05-21,1367.2,1370.9,1345.2,1349.6,17150630
INE002A01018,RELIANCE,Reliance Industries Ltd.,Oil Gas & Consumable Fuels,2026-05-22,1350.0,1367.4,1349.1,1354.5,7105813
INE002A01018,RELIANCE,Reliance Industries Ltd.,Oil Gas & Consumable Fuels,2026-05-25,1366.8,1371.1,1357.0,1367.0,6750071
INE002A01018,RELIANCE,Reliance Industries Ltd.,Oil Gas & Consumable Fuels,2026-05-26,1360.1,1368.5,1352.4,1356.3,13769747
INE002A01018,RELIANCE,Reliance Industries Ltd.,Oil Gas & Consumable Fuels,2026-05-27,1353.0,1361.0,1348.6,1350.5,13215138
INE002A01018,RELIANCE,Reliance Industries Ltd.,Oil Gas & Consumable Fuels,2026-05-28,1350.5,1350.5,1350.5,1350.5,0
INE002A01018,RELIANCE,Reliance Industries Ltd.,Oil Gas & Consumable Fuels,2026-05-29,1364.0,1369.0,1317.0,1321.2,42634247
INE002A01018,RELIANCE,Reliance Industries Ltd.,Oil Gas & Consumable Fuels,2026-06-01,1332.5,1335.5,1318.5,1320.0,10700603
INE002A01018,RELIANCE,Reliance Industries Ltd.,Oil Gas & Consumable Fuels,2026-06-02,1307.7,1327.8,1300.3,1314.6,23302785
INE002A01018,RELIANCE,Reliance Industries Ltd.,Oil Gas & Consumable Fuels,2026-06-03,1315.0,1324.0,1301.0,1313.2,20012293
INE002A01018,RELIANCE,Reliance Industries Ltd.,Oil Gas & Consumable Fuels,2026-06-04,1301.0,1311.2,1293.1,1303.7,23474327
INE002A01018,RELIANCE,Reliance Industries Ltd.,Oil Gas & Consumable Fuels,2026-06-05,1304.5,1306.0,1288.0,1291.0,17785223
INE002A01018,RELIANCE,Reliance Industries Ltd.,Oil Gas & Consumable Fuels,2026-06-08,1277.0,1282.6,1259.2,1263.3,16494759
INE002A01018,RELIANCE,Reliance Industries Ltd.,Oil Gas & Consumable Fuels,2026-06-09,1269.0,1274.2,1257.5,1269.2,23620214
INE002A01018,RELIANCE,Reliance Industries Ltd.,Oil Gas & Consumable Fuels,2026-06-10,1275.0,1300.5,1254.4,1258.8,21012796
INE002A01018,RELIANCE,Reliance Industries Ltd.,Oil Gas & Consumable Fuels,2026-06-11,1258.0,1276.0,1253.2,1263.0,13117486
INE002A01018,RELIANCE,Reliance Industries Ltd.,Oil Gas & Consumable Fuels,2026-06-12,1277.0,1297.0,1262.5,1293.0,11988785
INE002A01018,RELIANCE,Reliance Industries Ltd.,Oil Gas & Consumable Fuels,2026-06-15,1315.3,1325.0,1303.3,1307.0,18633321
INE002A01018,RELIANCE,Reliance Industries Ltd.,Oil Gas & Consumable Fuels,2026-06-16,1313.4,1333.4,1306.4,1328.8,18513223
INE002A01018,RELIANCE,Reliance Industries Ltd.,Oil Gas & Consumable Fuels,2026-06-17,1333.0,1334.0,1317.0,1332.7,10029170
INE002A01018,RELIANCE,Reliance Industries Ltd.,Oil Gas & Consumable Fuels,2026-06-18,1330.0,1333.9,1322.0,1328.1,15494549
INE002A01018,RELIANCE,Reliance Industries Ltd.,Oil Gas & Consumable Fuels,2026-06-19,1328.0,1338.2,1305.3,1309.5,24887034
INE002A01018,RELIANCE,Reliance Industries Ltd.,Oil Gas & Consumable Fuels,2026-06-22,1316.7,1344.9,1314.1,1326.5,12931213
INE002A01018,RELIANCE,Reliance Industries Ltd.,Oil Gas & Consumable Fuels,2026-06-23,1328.9,1333.0,1304.0,1309.5,15400184
INE002A01018,RELIANCE,Reliance Industries Ltd.,Oil Gas & Consumable Fuels,2026-06-24,1305.7,1322.0,1297.5,1313.6,11030917
INE002A01018,RELIANCE,Reliance Industries Ltd.,Oil Gas & Consumable Fuels,2026-06-25,1318.0,1328.0,1314.6,1318.1,12694362
INE002A01018,RELIANCE,Reliance Industries Ltd.,Oil Gas & Consumable Fuels,2026-06-26,1318.1,1318.1,1318.1,1318.1,0
INE002A01018,RELIANCE,Reliance Industries Ltd.,Oil Gas & Consumable Fuels,2026-06-29,1308.0,1313.7,1292.6,1301.0,13757656
INE002A01018,RELIANCE,Reliance Industries Ltd.,Oil Gas & Consumable Fuels,2026-06-30,1306.9,1306.9,1290.0,1293.9,15695263
INE002A01018,RELIANCE,Reliance Industries Ltd.,Oil Gas & Consumable Fuels,2026-07-01,1298.9,1312.2,1296.5,1308.0,7001401
INE002A01018,RELIANCE,Reliance Industries Ltd.,Oil Gas & Consumable Fuels,2026-07-02,1310.0,1313.2,1299.0,1303.5,17795024
INE002A01018,RELIANCE,Reliance Industries Ltd.,Oil Gas & Consumable Fuels,2026-07-03,1312.0,1312.0,1302.0,1304.0,7839550
INE002A01018,RELIANCE,Reliance Industries Ltd.,Oil Gas & Consumable Fuels,2026-07-06,1304.0,1325.6,1299.4,1321.3,7610709
INE002A01018,RELIANCE,Reliance Industries Ltd.,Oil Gas & Consumable Fuels,2026-07-07,1323.5,1328.0,1304.1,1308.4,14335554
INE002A01018,RELIANCE,Reliance Industries Ltd.,Oil Gas & Consumable Fuels,2026-07-08,1297.0,1302.3,1271.6,1275.9,19960868
INE002A01018,RELIANCE,Reliance Industries Ltd.,Oil Gas & Consumable Fuels,2026-07-09,1277.1,1296.5,1274.2,1279.8,14651963
INE002A01018,RELIANCE,Reliance Industries Ltd.,Oil Gas & Consumable Fuels,2026-07-10,1291.9,1311.1,1287.8,1307.8,8412537
INE002A01018,RELIANCE,Reliance Industries Ltd.,Oil Gas & Consumable Fuels,2026-07-13,1300.0,1306.4,1295.0,1296.9,9488352
INE002A01018,RELIANCE,Reliance Industries Ltd.,Oil Gas & Consumable Fuels,2026-07-14,1290.0,1308.0,1286.9,1293.0,13511284
INE002A01018,RELIANCE,Reliance Industries Ltd.,Oil Gas & Consumable Fuels,2026-07-15,1294.1,1310.9,1294.1,1295.5,9577965
INE002A01018,RELIANCE,Reliance Industries Ltd.,Oil Gas & Consumable Fuels,2026-07-16,1295.5,1309.4,1291.8,1296.6,15631046
INE002A01018,RELIANCE,Reliance Industries Ltd.,Oil Gas & Consumable Fuels,2026-07-17,1300.0,1330.3,1296.1,1327.2,18302218
INE002A01018,RELIANCE,Reliance Industries Ltd.,Oil Gas & Consumable Fuels,2026-07-20,1317.2,1345.9,1314.9,1323.1,14305844
INE002A01018,RELIANCE,Reliance Industries Ltd.,Oil Gas & Consumable Fuels,2026-07-21,1321.0,1326.9,1302.7,1303.7,12753410
INE002A01018,RELIANCE,Reliance Industries Ltd.,Oil Gas & Consumable Fuels,2026-07-22,1302.0,1304.6,1280.7,1288.6,10840383
INE002A01018,RELIANCE,Reliance Industries Ltd.,Oil Gas & Consumable Fuels,2026-07-23,1283.0,1287.3,1268.0,1272.2,12580741
INE002A01018,RELIANCE,Reliance Industries Ltd.,Oil Gas & Consumable Fuels,2026-07-24,1265.0,1283.4,1249.8,1278.0,9817000
INE002A01018,RELIANCE,Reliance Industries Ltd.,Oil Gas & Consumable Fuels,2026-07-27,1288.2,1288.7,1278.0,1280.0,7163132
INE002A01018,RELIANCE,Reliance Industries Ltd.,Oil Gas & Consumable Fuels,2026-07-28,1275.0,1279.2,1265.9,1267.7,9312184
INE002A01018,RELIANCE,Reliance Industries Ltd.,Oil Gas & Consumable Fuels,2026-07-29,1275.0,1282.4,1268.7,1275.9,9448307
INE002A01018,RELIANCE,Reliance Industries Ltd.,Oil Gas & Consumable Fuels,2026-07-30,1279.8,1297.0,1275.3,1292.9,12158451
INE002A01018,RELIANCE,Reliance Industries Ltd.,Oil Gas & Consumable Fuels,2026-07-31,1295.0,1309.7,1293.6,1307.8,8624996
INE002A01018,RELIANCE,Reliance Industries Ltd.,Oil Gas & Consumable Fuels,2026-08-03,1315.2,1319.0,1306.0,1319.0,7508023
INE002A01018,RELIANCE,Reliance Industries Ltd.,Oil Gas & Consumable Fuels,2026-08-04,1315.0,1315.0,1286.4,1290.9,10759546
INE002A01018,RELIANCE,Reliance Industries Ltd.,Oil Gas & Consumable Fuels,2026-08-05,1293.0,1299.0,1270.1,1280.0,24820782
INE002A01018,RELIANCE,Reliance Industries Ltd.,Oil Gas & Consumable Fuels,2026-08-06,1285.0,1325.2,1281.2,1325.0,20342297
INE002A01018,RELIANCE,Reliance Industries Ltd.,Oil Gas & Consumable Fuels,2026-08-07,1320.0,1337.0,1316.6,1334.8,9885638
INE002A01018,RELIANCE,Reliance Industries Ltd.,Oil Gas & Consumable Fuels,2026-08-10,1330.1,1332.9,1321.3,1327.3,8207102
INE002A01018,RELIANCE,Reliance Industries Ltd.,Oil Gas & Consumable Fuels,2026-08-11,1326.6,1328.7,1314.1,1323.9,9953124
INE002A01018,RELIANCE,Reliance Industries Ltd.,Oil Gas & Consumable Fuels,2026-08-12,1323.9,1329.0,1309.2,1329.0,7901012
INE002A01018,RELIANCE,Reliance Industries Ltd.,Oil Gas & Consumable Fuels,2026-08-13,1327.8,1327.8,1307.2,1317.0,9397301
INE002A01018,RELIANCE,Reliance Industries Ltd.,Oil Gas & Consumable Fuels,2026-08-14,1317.0,1317.5,1301.5,1310.0,10497358
INE002A01018,RELIANCE,Reliance Industries Ltd.,Oil Gas & Consumable Fuels,2026-08-17,1314.0,1320.8,1298.1,1316.0,13383867
INE002A01018,RELIANCE,Reliance Industries Ltd.,Oil Gas & Consumable Fuels,2026-08-18,1314.0,1328.6,1311.2,1322.0,10180567
INE002A01018,RELIANCE,Reliance Industries Ltd.,Oil Gas & Consumable Fuels,2026-08-19,1320.3,1321.6,1303.5,1311.0,7489365
INE002A01018,RELIANCE,Reliance Industries Ltd.,Oil Gas & Consumable Fuels,2026-08-20,1315.5,1316.5,1307.0,1313.2,5546227
INE002A01018,RELIANCE,Reliance Industries Ltd.,Oil Gas & Consumable Fuels,2026-08-21,1314.0,1316.0,1308.0,1316.0,5434871
INE002A01018,RELIANCE,Reliance Industries Ltd.,Oil Gas & Consumable Fuels,2026-08-24,1316.6,1320.0,1302.4,1309.8,7277167
INE002A01018,RELIANCE,Reliance Industries Ltd.,Oil Gas & Consumable Fuels,2026-08-25,1304.3,1317.1,1300.0,1317.0,7115355
INE002A01018,RELIANCE,Reliance Industries Ltd.,Oil Gas & Consumable Fuels,2026-08-26,1310.0,1315.6,1298.0,1298.0,5744474
INE002A01018,RELIANCE,Reliance Industries Ltd.,Oil Gas & Consumable Fuels,2026-08-27,1305.0,1308.4,1282.2,1282.2,11271497
INE002A01018,RELIANCE,Reliance Industries Ltd.,Oil Gas & Consumable Fuels,2026-08-28,1284.9,1291.8,1280.0,1287.0,6830228
INE002A01018,RELIANCE,Reliance Industries Ltd.,Oil Gas & Consumable Fuels,2026-08-31,1278.7,1297.6,1271.0,1277.0,34871137
INE002A01018,RELIANCE,Reliance Industries Ltd.,Oil Gas & Consumable Fuels,2026-09-01,1285.0,1311.8,1280.0,1309.0,12617528
INE002A01018,RELIANCE,Reliance Industries Ltd.,Oil Gas & Consumable Fuels,2026-09-02,1298.0,1321.9,1293.1,1313.1,13497841
INE002A01018,RELIANCE,Reliance Industries Ltd.,Oil Gas & Consumable Fuels,2026-09-03,1313.1,1316.8,1302.5,1302.5,9721454
INE002A01018,RELIANCE,Reliance Industries Ltd.,Oil Gas & Consumable Fuels,2026-09-04,1304.1,1333.0,1304.1,1322.0,13031534
INE002A01018,RELIANCE,Reliance Industries Ltd.,Oil Gas & Consumable Fuels,2026-09-07,1323.1,1324.2,1301.9,1309.5,10210522
INE002A01018,RELIANCE,Reliance Industries Ltd.,Oil Gas & Consumable Fuels,2026-09-08,1304.1,1306.8,1288.0,1294.9,9799528
INE002A01018,RELIANCE,Reliance Industries Ltd.,Oil Gas & Consumable Fuels,2026-09-09,1283.5,1294.7,1277.2,1279.0,12152819
INE002A01018,RELIANCE,Reliance Industries Ltd.,Oil Gas & Consumable Fuels,2026-09-10,1278.5,1285.3,1266.3,1274.0,9296079
INE002A01018,RELIANCE,Reliance Industries Ltd.,Oil Gas & Consumable Fuels,2026-09-11,1267.0,1267.4,1253.0,1257.5,8777736
INE002A01018,RELIANCE,Reliance Industries Ltd.,Oil Gas & Consumable Fuels,2026-09-14,1257.5,1257.5,1257.5,1257.5,0
INE002A01018,RELIANCE,Reliance Industries Ltd.,Oil Gas & Consumable Fuels,2026-09-15,1252.5,1259.4,1235.3,1235.3,13754376
INE002A01018,RELIANCE,Reliance Industries Ltd.,Oil Gas & Consumable Fuels,2026-09-16,1243.0,1255.0,1240.0,1240.0,10023997
INE002A01018,RELIANCE,Reliance Industries Ltd.,Oil Gas & Consumable Fuels,2026-09-17,1244.8,1253.4,1238.5,1243.9,7752895
INE002A01018,RELIANCE,Reliance Industries Ltd.,Oil Gas & Consumable Fuels,2026-09-18,1245.0,1247.3,1226.4,1226.4,15122715
INE002A01018,RELIANCE,Reliance Industries Ltd.,Oil Gas & Consumable Fuels,2026-09-21,1234.1,1249.1,1232.5,1247.4,10007218
INE002A01018,RELIANCE,Reliance Industries Ltd.,Oil Gas & Consumable Fuels,2026-09-22,1247.6,1251.9,1237.4,1240.4,10684376
INE002A01018,RELIANCE,Reliance Industries Ltd.,Oil Gas & Consumable Fuels,2026-09-23,1242.0,1252.8,1238.9,1248.0,8352048
INE002A01018,RELIANCE,Reliance Industries Ltd.,Oil Gas & Consumable Fuels,2026-09-24,1236.6,1241.6,1219.2,1219.2,13923795
INE002A01018,RELIANCE,Reliance Industries Ltd.,Oil Gas & Consumable Fuels,2026-09-25,1210.5,1227.4,1210.5,1226.0,13138735
INE002A01018,RELIANCE,Reliance Industries Ltd.,Oil Gas & Consumable Fuels,2026-09-28,1218.0,1219.7,1197.0,1197.6,13602349
INE002A01018,RELIANCE,Reliance Industries Ltd.,Oil Gas & Consumable Fuels,2026-09-29,1193.8,1198.3,1181.8,1182.0,24191416
INE002A01018,RELIANCE,Reliance Industries Ltd.,Oil Gas & Consumable Fuels,2026-09-30,1182.0,1196.5,1181.7,1187.0,16376789
INE002A01018,RELIANCE,Reliance Industries Ltd.,Oil Gas & Consumable Fuels,2026-10-01,1180.1,1183.9,1160.8,1167.7,16771221
INE002A01018,RELIANCE,Reliance Industries Ltd.,Oil Gas & Consumable Fuels,2026-10-02,1167.7,1167.7,1167.7,1167.7,0
INE002A01018,RELIANCE,Reliance Industries Ltd.,Oil Gas & Consumable Fuels,2026-10-05,1171.2,1193.0,1171.2,1186.4,14254907
INE002A01018,RELIANCE,Reliance Industries Ltd.,Oil Gas & Consumable Fuels,2026-10-06,1188.1,1219.1,1188.1,1218.0,18003127
INE002A01018,RELIANCE,Reliance Industries Ltd.,Oil Gas & Consumable Fuels,2026-10-07,1212.0,1220.8,1203.5,1207.7,11880731
INE062A01020,SBIN,State Bank of India,Financial Services,2024-10-08,772.25,784.4,772.25,781.45,8560960
INE062A01020,SBIN,State Bank of India,Financial Services,2024-10-09,786.7,804.35,782.05,797.4,18758697
INE062A01020,SBIN,State Bank of India,Financial Services,2024-10-10,799.0,804.45,795.0,797.1,10241015
INE062A01020,SBIN,State Bank of India,Financial Services,2024-10-11,797.2,802.7,793.0,799.75,14322720
INE062A01020,SBIN,State Bank of India,Financial Services,2024-10-14,802.0,809.25,800.8,805.15,8967564
INE062A01020,SBIN,State Bank of India,Financial Services,2024-10-15,805.5,807.5,801.6,804.65,6252104
INE062A01020,SBIN,State Bank of India,Financial Services,2024-10-16,802.8,809.0,802.05,805.45,6494240
INE062A01020,SBIN,State Bank of India,Financial Services,2024-10-17,809.5,819.5,806.0,811.05,18580553
INE062A01020,SBIN,State Bank of India,Financial Services,2024-10-18,811.1,822.6,802.9,820.4,11704698
INE062A01020,SBIN,State Bank of India,Financial Services,2024-10-21,824.7,826.45,809.0,813.95,10359618
INE062A01020,SBIN,State Bank of India,Financial Services,2024-10-22,814.0,816.85,787.5,790.4,16645356
INE062A01020,SBIN,State Bank of India,Financial Services,2024-10-23,790.0,792.6,779.8,786.0,13866198
INE062A01020,SBIN,State Bank of India,Financial Services,2024-10-24,786.05,797.0,784.65,794.55,5607500
INE062A01020,SBIN,State Bank of India,Financial Services,2024-10-25,798.0,800.75,772.0,780.95,9717125
INE062A01020,SBIN,State Bank of India,Financial Services,2024-10-28,783.8,803.95,783.55,792.05,13757251
INE062A01020,SBIN,State Bank of India,Financial Services,2024-10-29,796.0,834.85,790.5,832.7,28274791
INE062A01020,SBIN,State Bank of India,Financial Services,2024-10-30,828.0,833.0,821.05,822.45,15977682
INE062A01020,SBIN,State Bank of India,Financial Services,2024-10-31,820.0,828.0,813.55,820.2,13402324
INE062A01020,SBIN,State Bank of India,Financial Services,2024-11-01,822.4,825.6,818.9,821.2,1637141
INE062A01020,SBIN,State Bank of India,Financial Services,2024-11-04,822.7,837.5,807.1,829.85,14498161
INE062A01020,SBIN,State Bank of India,Financial Services,2024-11-05,829.85,851.4,826.25,849.2,26254561
INE062A01020,SBIN,State Bank of India,Financial Services,2024-11-06,849.2,861.4,846.2,854.8,15002433
INE062A01020,SBIN,State Bank of India,Financial Services,2024-11-07,861.0,862.4,846.7,859.6,15283847
INE062A01020,SBIN,State Bank of India,Financial Services,2024-11-08,859.6,863.5,834.2,843.15,26139105
INE062A01020,SBIN,State Bank of India,Financial Services,2024-11-11,846.0,854.0,842.0,847.65,12621337
INE062A01020,SBIN,State Bank of India,Financial Services,2024-11-12,852.5,853.4,824.3,826.7,11350729
INE062A01020,SBIN,State Bank of India,Financial Services,2024-11-13,823.35,831.75,804.65,808.65,13756706
INE062A01020,SBIN,State Bank of India,Financial Services,2024-11-14,808.65,818.0,801.05,804.25,9461484
INE062A01020,SBIN,State Bank of India,Financial Services,2024-11-18,811.0,816.7,799.25,814.3,9322451
INE062A01020,SBIN,State Bank of India,Financial Services,2024-11-19,819.0,820.3,800.1,803.0,13677029
INE062A01020,SBIN,State Bank of India,Financial Services,2024-11-21,798.5,798.5,761.55,780.75,29486577
INE062A01020,SBIN,State Bank of India,Financial Services,2024-11-22,786.0,819.95,784.05,816.05,20665405
INE062A01020,SBIN,State Bank of India,Financial Services,2024-11-25,827.0,849.6,825.65,844.45,23434605
INE062A01020,SBIN,State Bank of India,Financial Services,2024-11-26,844.0,846.7,835.55,839.4,8893744
INE062A01020,SBIN,State Bank of India,Financial Services,2024-11-27,838.5,842.5,832.1,834.1,8375108
INE062A01020,SBIN,State Bank of India,Financial Services,2024-11-28,834.1,845.8,830.5,838.85,13505677
INE062A01020,SBIN,State Bank of India,Financial Services,2024-11-29,841.1,844.05,831.55,838.95,10822949
INE062A01020,SBIN,State Bank of India,Financial Services,2024-12-02,838.95,842.0,832.7,836.4,6651119
INE062A01020,SBIN,State Bank of India,Financial Services,2024-12-03,838.0,856.6,836.9,853.95,12186182
INE062A01020,SBIN,State Bank of India,Financial Services,2024-12-04,853.95,864.0,850.3,859.7,10749716
INE062A01020,SBIN,State Bank of India,Financial Services,2024-12-05,860.0,871.45,855.6,865.45,14716036
INE062A01020,SBIN,State Bank of India,Financial Services,2024-12-06,865.25,875.45,857.0,863.65,14520568
INE062A01020,SBIN,State Bank of India,Financial Services,2024-12-09,859.0,866.85,856.95,858.05,9630346
INE062A01020,SBIN,State Bank of India,Financial Services,2024-12-10,861.8,868.95,858.05,867.5,7379849
INE062A01020,SBIN,State Bank of India,Financial Services,2024-12-11,867.5,869.85,860.95,861.6,7006973
INE062A01020,SBIN,State Bank of India,Financial Services,2024-12-12,861.5,864.3,851.15,853.7,8845103
INE062A01020,SBIN,State Bank of India,Financial Services,2024-12-13,852.6,862.9,835.0,861.55,9379370
INE062A01020,SBIN,State Bank of India,Financial Services,2024-12-16,859.8,866.4,857.8,860.95,6432713
INE062A01020,SBIN,State Bank of India,Financial Services,2024-12-17,858.55,862.6,847.05,850.55,8791216
INE062A01020,SBIN,State Bank of India,Financial Services,2024-12-18,851.0,852.0,837.0,838.15,8295338
INE062A01020,SBIN,State Bank of India,Financial Services,2024-12-19,824.6,838.0,820.2,832.8,9453398
INE062A01020,SBIN,State Bank of India,Financial Services,2024-12-20,834.9,836.0,810.0,812.0,10244198
INE062A01020,SBIN,State Bank of India,Financial Services,2024-12-23,817.3,824.0,812.2,821.15,4933200
INE062A01020,SBIN,State Bank of India,Financial Services,2024-12-24,824.25,826.2,809.2,812.05,10602771
INE062A01020,SBIN,State Bank of India,Financial Services,2024-12-26,813.0,822.85,808.0,812.45,8318714
INE062A01020,SBIN,State Bank of India,Financial Services,2024-12-27,816.3,818.3,797.2,799.65,10649800
INE062A01020,SBIN,State Bank of India,Financial Services,2024-12-30,802.0,807.95,785.0,788.3,21515438
INE062A01020,SBIN,State Bank of India,Financial Services,2024-12-31,786.95,799.2,786.0,794.95,9086044
INE062A01020,SBIN,State Bank of India,Financial Services,2025-01-01,795.55,798.65,789.5,793.2,7273098
INE062A01020,SBIN,State Bank of India,Financial Services,2025-01-02,795.0,802.4,787.0,801.2,11398319
INE062A01020,SBIN,State Bank of India,Financial Services,2025-01-03,801.2,809.5,792.15,793.4,13336514
INE062A01020,SBIN,State Bank of India,Financial Services,2025-01-06,797.4,797.6,773.15,776.4,11419367
INE062A01020,SBIN,State Bank of India,Financial Services,2025-01-07,779.85,783.85,774.85,778.75,9669152
INE062A01020,SBIN,State Bank of India,Financial Services,2025-01-08,780.9,783.95,760.1,771.15,15641490
INE062A01020,SBIN,State Bank of India,Financial Services,2025-01-09,771.15,771.35,726.25,760.45,15351029
INE062A01020,SBIN,State Bank of India,Financial Services,2025-01-10,760.35,763.4,742.05,743.25,11779296
INE062A01020,SBIN,State Bank of India,Financial Services,2025-01-13,741.5,743.95,722.5,729.5,10414733
INE062A01020,SBIN,State Bank of India,Financial Services,2025-01-14,732.95,757.0,732.95,748.15,11960975
INE062A01020,SBIN,State Bank of India,Financial Services,2025-01-15,753.15,758.9,750.0,753.7,7792299
INE062A01020,SBIN,State Bank of India,Financial Services,2025-01-16,760.4,776.7,760.4,766.3,11816079
INE062A01020,SBIN,State Bank of India,Financial Services,2025-01-17,766.3,767.95,759.4,764.1,5766573
INE062A01020,SBIN,State Bank of India,Financial Services,2025-01-20,769.0,785.0,767.85,779.25,9198929
INE062A01020,SBIN,State Bank of India,Financial Services,2025-01-21,784.8,784.9,756.05,759.05,13751780
INE062A01020,SBIN,State Bank of India,Financial Services,2025-01-22,762.0,763.0,738.0,753.45,9908339
INE062A01020,SBIN,State Bank of India,Financial Services,2025-01-23,750.0,755.65,743.1,745.9,10986405
INE062A01020,SBIN,State Bank of India,Financial Services,2025-01-24,749.9,753.7,739.0,744.15,10579213
INE062A01020,SBIN,State Bank of India,Financial Services,2025-01-27,740.0,755.35,735.9,749.2,11433353
INE062A01020,SBIN,State Bank of India,Financial Services,2025-01-28,757.0,759.75,745.4,752.4,14140860
INE062A01020,SBIN,State Bank of India,Financial Services,2025-01-29,753.0,760.8,749.8,758.45,9251973
INE062A01020,SBIN,State Bank of India,Financial Services,2025-01-30,758.55,765.0,754.75,762.6,11085824
INE062A01020,SBIN,State Bank of India,Financial Services,2025-01-31,764.9,777.55,759.5,772.9,10083763
INE062A01020,SBIN,State Bank of India,Financial Services,2025-02-01,774.8,778.75,752.15,766.0,9363077
INE062A01020,SBIN,State Bank of India,Financial Services,2025-02-03,762.8,762.8,753.15,760.95,7862190
INE062A01020,SBIN,State Bank of India,Financial Services,2025-02-04,767.0,781.25,765.65,779.2,12020807
INE062A01020,SBIN,State Bank of India,Financial Services,2025-02-05,780.0,782.0,765.0,766.05,13419162
INE062A01020,SBIN,State Bank of India,Financial Services,2025-02-06,769.0,770.85,750.05,752.25,32745391
INE062A01020,SBIN,State Bank of India,Financial Services,2025-02-07,759.8,759.9,731.75,737.2,37240692
INE062A01020,SBIN,State Bank of India,Financial Services,2025-02-10,740.0,743.9,733.4,736.8,12667049
INE062A01020,SBIN,State Bank of India,Financial Services,2025-02-11,737.45,740.15,726.55,731.1,13017060
INE062A01020,SBIN,State Bank of India,Financial Services,2025-02-12,733.15,738.7,717.15,733.15,12697743
INE062A01020,SBIN,State Bank of India,Financial Services,2025-02-13,734.4,737.5,726.15,727.65,12370571
INE062A01020,SBIN,State Bank of India,Financial Services,2025-02-14,730.95,732.9,716.2,722.15,10417539
INE062A01020,SBIN,State Bank of India,Financial Services,2025-02-17,719.05,728.75,711.55,727.7,9093600
INE062A01020,SBIN,State Bank of India,Financial Services,2025-02-18,727.7,728.25,717.35,725.8,8562003
INE062A01020,SBIN,State Bank of India,Financial Services,2025-02-19,722.05,734.85,722.05,727.3,6766606
INE062A01020,SBIN,State Bank of India,Financial Services,2025-02-20,724.9,731.5,723.35,729.7,7423268
INE062A01020,SBIN,State Bank of India,Financial Services,2025-02-21,727.3,731.7,720.0,722.0,6571602
INE062A01020,SBIN,State Bank of India,Financial Services,2025-02-24,710.5,719.75,710.5,716.4,6912148
INE062A01020,SBIN,State Bank of India,Financial Services,2025-02-25,718.95,718.95,710.0,710.9,8599635
INE062A01020,SBIN,State Bank of India,Financial Services,2025-02-27,716.0,717.7,701.1,703.9,12033139
INE062A01020,SBIN,State Bank of India,Financial Services,2025-02-28,700.9,701.35,682.6,688.8,15780609
INE062A01020,SBIN,State Bank of India,Financial Services,2025-03-03,690.15,697.4,680.0,695.3,10598479
INE062A01020,SBIN,State Bank of India,Financial Services,2025-03-04,693.0,718.45,692.1,716.05,14386214
INE062A01020,SBIN,State Bank of India,Financial Services,2025-03-05,717.55,731.3,717.0,730.35,10409805
INE062A01020,SBIN,State Bank of India,Financial Services,2025-03-06,736.0,736.75,727.0,732.05,10928847
INE062A01020,SBIN,State Bank of India,Financial Services,2025-03-07,732.05,734.85,728.0,732.75,7246729
INE062A01020,SBIN,State Bank of India,Financial Services,2025-03-10,732.75,738.5,726.6,728.9,7400109
INE062A01020,SBIN,State Bank of India,Financial Services,2025-03-11,724.9,734.05,722.7,729.85,5538789
INE062A01020,SBIN,State Bank of India,Financial Services,2025-03-12,730.6,737.0,719.05,723.05,5547762
INE062A01020,SBIN,State Bank of India,Financial Services,2025-03-13,725.9,731.45,724.5,727.85,5908337
INE062A01020,SBIN,State Bank of India,Financial Services,2025-03-17,728.9,731.25,722.3,723.15,5149563
INE062A01020,SBIN,State Bank of India,Financial Services,2025-03-18,723.15,723.15,723.15,723.15,0
INE062A01020,SBIN,State Bank of India,Financial Services,2025-03-19,739.6,749.3,739.1,745.1,7604850
INE062A01020,SBIN,State Bank of India,Financial Services,2025-03-20,748.0,752.7,744.2,749.55,6963197
INE062A01020,SBIN,State Bank of India,Financial Services,2025-03-21,749.95,755.6,747.0,753.2,9577327
INE062A01020,SBIN,State Bank of India,Financial Services,2025-03-24,758.0,782.95,755.1,780.8,12095064
INE062A01020,SBIN,State Bank of India,Financial Services,2025-03-25,783.9,786.0,769.2,772.85,15190143
INE062A01020,SBIN,State Bank of India,Financial Services,2025-03-26,772.0,776.05,761.45,764.0,7711852
INE062A01020,SBIN,State Bank of India,Financial Services,2025-03-27,763.8,775.8,760.5,772.3,15648616
INE062A01020,SBIN,State Bank of India,Financial Services,2025-03-28,772.1,778.6,767.0,771.5,7628185
INE062A01020,SBIN,State Bank of India,Financial Services,2025-04-01,766.8,782.75,763.2,771.7,7011125
INE062A01020,SBIN,State Bank of India,Financial Services,2025-04-02,772.3,777.0,764.3,775.95,5458436
INE062A01020,SBIN,State Bank of India,Financial Services,2025-04-03,770.0,784.7,769.95,779.2,7956680
INE062A01020,SBIN,State Bank of India,Financial Services,2025-04-04,779.1,782.9,765.0,767.45,8231194
INE062A01020,SBIN,State Bank of India,Financial Services,2025-04-07,730.0,753.7,730.0,746.9,14923235
INE062A01020,SBIN,State Bank of India,Financial Services,2025-04-08,760.0,774.0,758.15,768.6,12911288
INE062A01020,SBIN,State Bank of India,Financial Services,2025-04-09,767.0,767.95,741.0,742.2,11319387
INE062A01020,SBIN,State Bank of India,Financial Services,2025-04-11,759.0,759.7,746.0,753.85,9360327
INE062A01020,SBIN,State Bank of India,Financial Services,2025-04-15,770.0,770.7,757.1,763.5,7859090
INE062A01020,SBIN,State Bank of India,Financial Services,2025-04-16,763.5,774.75,760.5,771.75,12536694
INE062A01020,SBIN,State Bank of India,Financial Services,2025-04-17,772.0,801.0,767.15,797.45,27034818
INE062A01020,SBIN,State Bank of India,Financial Services,2025-04-21,803.0,824.35,801.4,816.7,16398507
INE062A01020,SBIN,State Bank of India,Financial Services,2025-04-22,821.15,835.5,814.0,822.4,25117557
INE062A01020,SBIN,State Bank of India,Financial Services,2025-04-23,826.0,831.0,810.1,813.45,12104382
INE062A01020,SBIN,State Bank of India,Financial Services,2025-04-24,812.75,819.0,811.15,813.4,12713521
INE062A01020,SBIN,State Bank of India,Financial Services,2025-04-25,815.0,819.0,787.0,798.65,13131038
INE062A01020,SBIN,State Bank of India,Financial Services,2025-04-28,798.65,822.8,797.4,817.35,11317611
INE062A01020,SBIN,State Bank of India,Financial Services,2025-04-29,820.0,829.0,809.0,812.55,11283059
INE062A01020,SBIN,State Bank of India,Financial Services,2025-04-30,811.5,811.5,784.5,788.65,25635764
INE062A01020,SBIN,State Bank of India,Financial Services,2025-05-02,790.35,803.4,789.0,796.7,14720184
INE062A01020,SBIN,State Bank of India,Financial Services,2025-05-05,782.0,799.0,782.0,790.0,23986447
INE062A01020,SBIN,State Bank of India,Financial Services,2025-05-06,793.95,799.15,771.1,774.1,18869468
INE062A01020,SBIN,State Bank of India,Financial Services,2025-05-07,765.3,782.4,764.55,776.1,15586266
INE062A01020,SBIN,State Bank of India,Financial Services,2025-05-08,779.0,786.5,764.0,769.0,14491673
INE062A01020,SBIN,State Bank of India,Financial Services,2025-05-09,756.5,781.7,755.5,779.25,13578216
INE062A01020,SBIN,State Bank of India,Financial Services,2025-05-12,799.0,803.9,793.0,801.65,15096824
INE062A01020,SBIN,State Bank of India,Financial Services,2025-05-13,798.6,807.65,797.2,801.75,13909596
INE062A01020,SBIN,State Bank of India,Financial Services,2025-05-14,805.75,807.5,796.3,800.7,9281719
INE062A01020,SBIN,State Bank of India,Financial Services,2025-05-15,804.45,809.45,794.5,807.75,17058854
INE062A01020,SBIN,State Bank of India,Financial Services,2025-05-16,804.0,804.0,791.0,792.1,14733924
INE062A01020,SBIN,State Bank of India,Financial Services,2025-05-19,792.1,801.4,792.1,795.0,10666184
INE062A01020,SBIN,State Bank of India,Financial Services,2025-05-20,798.15,799.4,783.8,785.65,11324667
INE062A01020,SBIN,State Bank of India,Financial Services,2025-05-21,787.0,791.0,779.1,787.1,8206040
INE062A01020,SBIN,State Bank of India,Financial Services,2025-05-22,788.0,788.2,780.3,785.25,7355826
INE062A01020,SBIN,State Bank of India,Financial Services,2025-05-23,787.9,794.95,786.2,790.5,5534158
INE062A01020,SBIN,State Bank of India,Financial Services,2025-05-26,792.0,797.55,789.2,794.4,4965466
INE062A01020,SBIN,State Bank of India,Financial Services,2025-05-27,794.4,801.35,790.05,793.7,11995043
INE062A01020,SBIN,State Bank of India,Financial Services,2025-05-28,794.5,798.9,792.65,796.55,6873519
INE062A01020,SBIN,State Bank of India,Financial Services,2025-05-29,799.0,800.4,791.35,797.35,14034127
INE062A01020,SBIN,State Bank of India,Financial Services,2025-05-30,798.0,814.5,792.6,812.3,22037314
INE062A01020,SBIN,State Bank of India,Financial Services,2025-06-02,812.85,822.55,809.2,813.65,26891575
INE062A01020,SBIN,State Bank of India,Financial Services,2025-06-03,816.2,818.4,805.15,809.8,14247597
INE062A01020,SBIN,State Bank of India,Financial Services,2025-06-04,817.0,817.0,805.25,806.5,9607927
INE062A01020,SBIN,State Bank of India,Financial Services,2025-06-05,808.7,811.7,802.85,806.0,13595507
INE062A01020,SBIN,State Bank of India,Financial Services,2025-06-06,806.65,816.45,803.1,813.05,17163935
INE062A01020,SBIN,State Bank of India,Financial Services,2025-06-09,817.4,824.5,815.7,820.05,12793040
INE062A01020,SBIN,State Bank of India,Financial Services,2025-06-10,821.0,822.05,814.6,817.05,6560513
INE062A01020,SBIN,State Bank of India,Financial Services,2025-06-11,817.0,820.6,813.05,815.05,7197825
INE062A01020,SBIN,State Bank of India,Financial Services,2025-06-12,816.0,816.5,801.2,805.95,13448521
INE062A01020,SBIN,State Bank of India,Financial Services,2025-06-13,786.25,796.3,786.25,792.35,11377117
INE062A01020,SBIN,State Bank of India,Financial Services,2025-06-16,792.5,795.4,786.15,792.5,8085001
INE062A01020,SBIN,State Bank of India,Financial Services,2025-06-17,794.0,798.85,790.55,792.3,7753156
INE062A01020,SBIN,State Bank of India,Financial Services,2025-06-18,792.5,795.5,788.35,791.9,5710169
INE062A01020,SBIN,State Bank of India,Financial Services,2025-06-19,792.35,793.25,781.7,785.1,11824333
INE062A01020,SBIN,State Bank of India,Financial Services,2025-06-20,787.5,799.45,786.1,796.15,11367669
INE062A01020,SBIN,State Bank of India,Financial Services,2025-06-23,790.0,794.95,788.5,790.2,5549253
INE062A01020,SBIN,State Bank of India,Financial Services,2025-06-24,799.0,806.65,793.65,795.4,11402190
INE062A01020,SBIN,State Bank of India,Financial Services,2025-06-25,799.5,803.8,796.1,800.05,6528324
INE062A01020,SBIN,State Bank of India,Financial Services,2025-06-26,802.0,803.35,791.4,797.05,24704402
INE062A01020,SBIN,State Bank of India,Financial Services,2025-06-27,805.0,809.45,802.65,805.4,19375990
INE062A01020,SBIN,State Bank of India,Financial Services,2025-06-30,809.0,821.0,807.05,820.35,19652607
INE062A01020,SBIN,State Bank of India,Financial Services,2025-07-01,820.0,824.9,813.25,820.3,11456405
INE062A01020,SBIN,State Bank of India,Financial Services,2025-07-02,821.0,824.05,809.0,812.9,6661200
INE062A01020,SBIN,State Bank of India,Financial Services,2025-07-03,813.5,814.5,805.8,807.1,7020403
INE062A01020,SBIN,State Bank of India,Financial Services,2025-07-04,808.75,813.85,804.1,811.85,4319538
INE062A01020,SBIN,State Bank of India,Financial Services,2025-07-07,811.2,812.65,805.15,806.85,4461783
INE062A01020,SBIN,State Bank of India,Financial Services,2025-07-08,807.9,813.55,805.35,812.65,5935770
INE062A01020,SBIN,State Bank of India,Financial Services,2025-07-09,810.0,812.45,809.0,810.95,4099112
INE062A01020,SBIN,State Bank of India,Financial Services,2025-07-10,811.3,815.5,806.9,808.0,12178137
INE062A01020,SBIN,State Bank of India,Financial Services,2025-07-11,807.55,812.55,804.55,808.65,6202372
INE062A01020,SBIN,State Bank of India,Financial Services,2025-07-14,809.8,815.5,808.0,808.85,6938635
INE062A01020,SBIN,State Bank of India,Financial Services,2025-07-15,811.0,821.0,810.5,816.45,9297645
INE062A01020,SBIN,State Bank of India,Financial Services,2025-07-16,816.0,834.2,815.3,831.7,16458920
INE062A01020,SBIN,State Bank of India,Financial Services,2025-07-17,838.4,842.5,826.35,829.0,23073718
INE062A01020,SBIN,State Bank of India,Financial Services,2025-07-18,832.0,832.65,820.25,823.35,15387801
INE062A01020,SBIN,State Bank of India,Financial Services,2025-07-21,823.0,827.35,817.95,824.2,8852594
INE062A01020,SBIN,State Bank of India,Financial Services,2025-07-22,827.5,828.05,814.0,815.0,7851163
INE062A01020,SBIN,State Bank of India,Financial Services,2025-07-23,812.5,825.2,811.5,820.65,15470390
INE062A01020,SBIN,State Bank of India,Financial Services,2025-07-24,820.0,821.95,810.65,815.7,10118309
INE062A01020,SBIN,State Bank of India,Financial Services,2025-07-25,815.0,819.2,805.5,806.55,6734439
INE062A01020,SBIN,State Bank of India,Financial Services,2025-07-28,806.55,808.95,796.0,797.15,7734158
INE062A01020,SBIN,State Bank of India,Financial Services,2025-07-29,796.2,800.0,793.1,799.2,7833759
INE062A01020,SBIN,State Bank of India,Financial Services,2025-07-30,798.95,803.4,796.2,801.65,8743723
INE062A01020,SBIN,State Bank of India,Financial Services,2025-07-31,795.1,803.8,792.55,796.55,11359112
INE062A01020,SBIN,State Bank of India,Financial Services,2025-08-01,795.7,801.0,792.0,794.0,15468391
INE062A01020,SBIN,State Bank of India,Financial Services,2025-08-04,794.5,797.2,786.55,795.7,8820724
INE062A01020,SBIN,State Bank of India,Financial Services,2025-08-05,798.0,804.05,796.3,800.6,7381537
INE062A01020,SBIN,State Bank of India,Financial Services,2025-08-06,800.95,810.2,799.0,805.15,7409396
INE062A01020,SBIN,State Bank of India,Financial Services,2025-08-07,801.1,806.65,793.4,805.15,7091392
INE062A01020,SBIN,State Bank of India,Financial Services,2025-08-08,805.0,807.8,790.0,804.3,15708181
INE062A01020,SBIN,State Bank of India,Financial Services,2025-08-11,808.0,825.0,808.0,823.45,15236297
INE062A01020,SBIN,State Bank of India,Financial Services,2025-08-12,824.95,825.5,820.0,820.6,7986728
INE062A01020,SBIN,State Bank of India,Financial Services,2025-08-13,822.65,824.95,820.65,821.85,4447508
INE062A01020,SBIN,State Bank of India,Financial Services,2025-08-14,822.0,828.0,819.1,826.55,7087573
INE062A01020,SBIN,State Bank of India,Financial Services,2025-08-18,836.0,838.0,825.15,827.65,6138124
INE062A01020,SBIN,State Bank of India,Financial Services,2025-08-19,827.5,831.0,825.8,830.4,5076681
INE062A01020,SBIN,State Bank of India,Financial Services,2025-08-20,828.7,831.9,827.4,828.95,4493888
INE062A01020,SBIN,State Bank of India,Financial Services,2025-08-21,828.95,833.25,824.05,825.7,4402511
INE062A01020,SBIN,State Bank of India,Financial Services,2025-08-22,824.0,826.0,815.7,816.25,5097647
INE062A01020,SBIN,State Bank of India,Financial Services,2025-08-25,817.45,820.5,814.2,816.45,5672898
INE062A01020,SBIN,State Bank of India,Financial Services,2025-08-26,814.85,815.85,806.75,807.85,6997817
INE062A01020,SBIN,State Bank of India,Financial Services,2025-08-28,807.25,811.0,800.65,801.95,7898436
INE062A01020,SBIN,State Bank of India,Financial Services,2025-08-29,800.7,806.7,798.5,802.5,6861440
INE062A01020,SBIN,State Bank of India,Financial Services,2025-09-01,803.1,808.3,802.65,806.05,5619805
INE062A01020,SBIN,State Bank of India,Financial Services,2025-09-02,806.3,810.5,802.65,803.9,5075460
INE062A01020,SBIN,State Bank of India,Financial Services,2025-09-03,804.3,813.3,803.0,812.15,4261589
INE062A01020,SBIN,State Bank of India,Financial Services,2025-09-04,814.65,816.75,808.0,809.4,4471950
INE062A01020,SBIN,State Bank of India,Financial Services,2025-09-05,811.5,812.5,803.65,806.6,5194842
INE062A01020,SBIN,State Bank of India,Financial Services,2025-09-08,808.0,813.85,806.8,808.8,4614227
INE062A01020,SBIN,State Bank of India,Financial Services,2025-09-09,812.0,812.35,805.6,808.85,4567272
INE062A01020,SBIN,State Bank of India,Financial Services,2025-09-10,812.0,824.6,810.4,818.2,7285853
INE062A01020,SBIN,State Bank of India,Financial Services,2025-09-11,819.1,825.7,819.0,823.65,7425055
INE062A01020,SBIN,State Bank of India,Financial Services,2025-09-12,824.1,825.8,819.8,823.55,5078018
INE062A01020,SBIN,State Bank of India,Financial Services,2025-09-15,823.55,827.8,821.1,824.75,3852494
INE062A01020,SBIN,State Bank of India,Financial Services,2025-09-16,825.1,833.0,821.65,831.55,9467531
INE062A01020,SBIN,State Bank of India,Financial Services,2025-09-17,834.3,858.15,831.0,857.15,17243938
INE062A01020,SBIN,State Bank of India,Financial Services,2025-09-18,858.65,860.8,851.1,854.35,10400847
INE062A01020,SBIN,State Bank of India,Financial Services,2025-09-19,852.0,864.45,849.3,862.35,15206426
INE062A01020,SBIN,State Bank of India,Financial Services,2025-09-22,862.0,868.2,854.0,855.25,6594034
INE062A01020,SBIN,State Bank of India,Financial Services,2025-09-23,854.6,874.25,851.2,870.6,14357863
INE062A01020,SBIN,State Bank of India,Financial Services,2025-09-24,876.0,880.5,864.45,866.2,12840160
INE062A01020,SBIN,State Bank of India,Financial Services,2025-09-25,866.55,870.15,859.95,861.15,8678821
INE062A01020,SBIN,State Bank of India,Financial Services,2025-09-26,862.0,864.35,853.0,856.95,6959545
INE062A01020,SBIN,State Bank of India,Financial Services,2025-09-29,858.05,873.5,856.0,870.75,22641712
INE062A01020,SBIN,State Bank of India,Financial Services,2025-09-30,869.95,877.6,867.6,872.45,12831593
INE062A01020,SBIN,State Bank of India,Financial Services,2025-10-01,872.3,876.45,862.8,864.1,10832384
INE062A01020,SBIN,State Bank of India,Financial Services,2025-10-03,865.15,873.0,863.8,867.3,8019442
INE062A01020,SBIN,State Bank of India,Financial Services,2025-10-06,868.0,875.3,862.8,874.05,7820352
INE062A01020,SBIN,State Bank of India,Financial Services,2025-10-07,874.15,877.0,863.0,864.7,9242580
INE062A01020,SBIN,State Bank of India,Financial Services,2025-10-08,866.8,867.8,857.25,858.25,7156112
INE062A01020,SBIN,State Bank of India,Financial Services,2025-10-09,861.6,865.8,858.1,862.1,7020501
INE062A01020,SBIN,State Bank of India,Financial Services,2025-10-10,862.1,883.75,861.3,880.65,13713015
INE062A01020,SBIN,State Bank of India,Financial Services,2025-10-13,879.0,888.1,876.0,882.95,11923143
INE062A01020,SBIN,State Bank of India,Financial Services,2025-10-14,883.0,884.15,872.1,876.95,7681973
INE062A01020,SBIN,State Bank of India,Financial Services,2025-10-15,878.1,887.5,877.05,886.1,8269225
INE062A01020,SBIN,State Bank of India,Financial Services,2025-10-16,888.3,891.85,882.45,886.95,8493686
INE062A01020,SBIN,State Bank of India,Financial Services,2025-10-17,887.5,894.75,883.0,889.15,8511854
INE062A01020,SBIN,State Bank of India,Financial Services,2025-10-20,894.6,913.65,891.05,907.5,13546463
INE062A01020,SBIN,State Bank of India,Financial Services,2025-10-21,908.0,910.0,906.4,907.85,1783576
INE062A01020,SBIN,State Bank of India,Financial Services,2025-10-23,912.0,918.0,904.8,911.55,13382769
INE062A01020,SBIN,State Bank of India,Financial Services,2025-10-24,910.95,914.1,900.95,904.5,5313227
INE062A01020,SBIN,State Bank of India,Financial Services,2025-10-27,906.95,928.0,906.0,922.75,9150761
INE062A01020,SBIN,State Bank of India,Financial Services,2025-10-28,927.1,935.85,917.7,930.25,22066289
INE062A01020,SBIN,State Bank of India,Financial Services,2025-10-29,933.9,942.05,930.25,939.75,12314222
INE062A01020,SBIN,State Bank of India,Financial Services,2025-10-30,939.45,944.9,933.05,934.35,13044473
INE062A01020,SBIN,State Bank of India,Financial Services,2025-10-31,934.9,946.7,930.25,937.0,12078252
INE062A01020,SBIN,State Bank of India,Financial Services,2025-11-03,938.75,953.4,937.5,949.7,11744735
INE062A01020,SBIN,State Bank of India,Financial Services,2025-11-04,951.0,959.3,941.5,957.6,19154518
INE062A01020,SBIN,State Bank of India,Financial Services,2025-11-06,969.65,971.4,955.3,960.75,23088096
INE062A01020,SBIN,State Bank of India,Financial Services,2025-11-07,958.75,964.85,944.0,955.85,13371323
INE062A01020,SBIN,State Bank of India,Financial Services,2025-11-10,956.0,963.2,949.1,951.15,7343249
INE062A01020,SBIN,State Bank of India,Financial Services,2025-11-11,953.6,954.95,945.05,953.3,8648917
INE062A01020,SBIN,State Bank of India,Financial Services,2025-11-12,957.7,961.55,951.4,957.15,7043323
INE062A01020,SBIN,State Bank of India,Financial Services,2025-11-13,954.25,963.95,952.45,954.0,8894441
INE062A01020,SBIN,State Bank of India,Financial Services,2025-11-14,952.95,969.05,952.0,967.85,11032927
INE062A01020,SBIN,State Bank of India,Financial Services,2025-11-17,971.0,976.0,968.5,973.35,7415026
INE062A01020,SBIN,State Bank of India,Financial Services,2025-11-18,975.6,976.7,968.85,972.45,6594686
INE062A01020,SBIN,State Bank of India,Financial Services,2025-11-19,972.45,984.45,968.8,982.75,8291226
INE062A01020,SBIN,State Bank of India,Financial Services,2025-11-20,986.0,986.6,979.35,981.55,6440857
INE062A01020,SBIN,State Bank of India,Financial Services,2025-11-21,979.7,980.6,971.05,972.6,5377241
INE062A01020,SBIN,State Bank of India,Financial Services,2025-11-24,975.55,977.7,968.05,970.6,9901946
INE062A01020,SBIN,State Bank of India,Financial Services,2025-11-25,975.55,988.95,971.35,983.6,9140201
INE062A01020,SBIN,State Bank of India,Financial Services,2025-11-26,986.6,999.0,982.15,983.9,13943490
INE062A01020,SBIN,State Bank of India,Financial Services,2025-11-27,986.7,988.55,968.9,972.85,11909168
INE062A01020,SBIN,State Bank of India,Financial Services,2025-11-28,976.8,983.0,973.05,979.0,8117842
INE062A01020,SBIN,State Bank of India,Financial Services,2025-12-01,985.45,991.2,969.85,973.1,8808306
INE062A01020,SBIN,State Bank of India,Financial Services,2025-12-02,976.0,980.45,964.9,967.3,13444314
INE062A01020,SBIN,State Bank of India,Financial Services,2025-12-03,970.45,972.55,947.55,951.05,14051968
INE062A01020,SBIN,State Bank of India,Financial Services,2025-12-04,951.05,952.55,944.45,948.1,13622724
INE062A01020,SBIN,State Bank of India,Financial Services,2025-12-05,948.85,973.3,946.7,971.5,17347847
INE062A01020,SBIN,State Bank of India,Financial Services,2025-12-08,970.85,972.5,951.7,956.4,15386438
INE062A01020,SBIN,State Bank of India,Financial Services,2025-12-09,954.8,964.0,950.45,959.35,9580294
INE062A01020,SBIN,State Bank of India,Financial Services,2025-12-10,960.1,963.95,955.25,959.75,6989178
INE062A01020,SBIN,State Bank of India,Financial Services,2025-12-11,962.1,966.5,958.45,963.25,5979035
INE062A01020,SBIN,State Bank of India,Financial Services,2025-12-12,966.0,967.0,958.0,963.15,5681930
INE062A01020,SBIN,State Bank of India,Financial Services,2025-12-15,957.25,968.85,957.25,967.25,4416952
INE062A01020,SBIN,State Bank of India,Financial Services,2025-12-16,966.05,969.0,958.05,961.15,4764786
INE062A01020,SBIN,State Bank of India,Financial Services,2025-12-17,965.55,978.5,964.3,975.85,8013382
INE062A01020,SBIN,State Bank of India,Financial Services,2025-12-18,977.9,981.45,973.5,977.55,4926879
INE062A01020,SBIN,State Bank of India,Financial Services,2025-12-19,979.95,982.0,977.05,980.3,5376584
INE062A01020,SBIN,State Bank of India,Financial Services,2025-12-22,981.1,983.0,972.55,974.3,5959037
INE062A01020,SBIN,State Bank of India,Financial Services,2025-12-23,976.3,977.55,970.7,971.9,5123287
INE062A01020,SBIN,State Bank of India,Financial Services,2025-12-24,973.2,977.3,967.5,968.95,4105643
INE062A01020,SBIN,State Bank of India,Financial Services,2025-12-26,968.95,971.0,964.75,966.3,3286321
INE062A01020,SBIN,State Bank of India,Financial Services,2025-12-29,966.9,968.9,961.45,965.05,5267233
INE062A01020,SBIN,State Bank of India,Financial Services,2025-12-30,963.0,976.2,959.5,973.45,15030644
INE062A01020,SBIN,State Bank of India,Financial Services,2025-12-31,975.25,985.65,973.5,982.2,5807630
INE062A01020,SBIN,State Bank of India,Financial Services,2026-01-01,983.2,987.65,980.35,984.75,4328348
INE062A01020,SBIN,State Bank of India,Financial Services,2026-01-02,984.5,1009.5,983.95,998.95,7357435
INE062A01020,SBIN,State Bank of India,Financial Services,2026-01-05,1000.0,1015.5,1000.0,1005.55,11259060
INE062A01020,SBIN,State Bank of India,Financial Services,2026-01-06,1007.95,1024.0,1004.95,1018.9,9575742
INE062A01020,SBIN,State Bank of India,Financial Services,2026-01-07,1022.7,1022.7,1004.0,1007.15,7896720
INE062A01020,SBIN,State Bank of India,Financial Services,2026-01-08,1006.6,1011.6,995.85,998.0,6854268
INE062A01020,SBIN,State Bank of India,Financial Services,2026-01-09,996.0,1008.0,994.0,1000.5,7809460
INE062A01020,SBIN,State Bank of India,Financial Services,2026-01-12,1008.0,1017.25,996.0,1015.15,7617922
INE062A01020,SBIN,State Bank of India,Financial Services,2026-01-13,1022.8,1029.5,1016.0,1028.45,11016895
INE062A01020,SBIN,State Bank of India,Financial Services,2026-01-14,1030.0,1030.4,1020.5,1028.35,7370514
INE062A01020,SBIN,State Bank of India,Financial Services,2026-01-15,1028.35,1028.35,1028.35,1028.35,0
INE062A01020,SBIN,State Bank of India,Financial Services,2026-01-16,1032.0,1047.45,1028.4,1042.3,11051580
INE062A01020,SBIN,State Bank of India,Financial Services,2026-01-19,1035.0,1043.6,1034.0,1038.4,5460164
INE062A01020,SBIN,State Bank of India,Financial Services,2026-01-20,1039.75,1052.0,1033.05,1036.4,8905718
INE062A01020,SBIN,State Bank of India,Financial Services,2026-01-21,1032.0,1040.6,1022.0,1028.65,7408949
INE062A01020,SBIN,State Bank of India,Financial Services,2026-01-22,1035.0,1055.5,1034.05,1048.35,12001641
INE062A01020,SBIN,State Bank of India,Financial Services,2026-01-23,1051.9,1053.0,1025.6,1029.5,10917698
INE062A01020,SBIN,State Bank of India,Financial Services,2026-01-27,1034.1,1055.0,1030.25,1053.15,14420630
INE062A01020,SBIN,State Bank of India,Financial Services,2026-01-28,1059.4,1065.6,1044.15,1063.5,12171257
INE062A01020,SBIN,State Bank of India,Financial Services,2026-01-29,1063.0,1075.0,1060.3,1066.2,14800724
INE062A01020,SBIN,State Bank of India,Financial Services,2026-01-30,1064.0,1082.5,1060.4,1077.15,9480769
INE062A01020,SBIN,State Bank of India,Financial Services,2026-02-02,1019.9,1031.3,990.0,1028.7,14434549
INE062A01020,SBIN,State Bank of India,Financial Services,2026-02-03,1087.0,1089.8,1040.3,1064.2,16129381
INE062A01020,SBIN,State Bank of India,Financial Services,2026-02-04,1064.2,1073.9,1056.3,1068.2,7312276
INE062A01020,SBIN,State Bank of India,Financial Services,2026-02-05,1068.2,1081.0,1067.5,1073.5,9551567
INE062A01020,SBIN,State Bank of India,Financial Services,2026-02-06,1070.0,1073.6,1051.0,1066.4,7041557
INE062A01020,SBIN,State Bank of India,Financial Services,2026-02-09,1120.0,1150.0,1100.5,1146.0,40852966
INE062A01020,SBIN,State Bank of India,Financial Services,2026-02-10,1151.0,1154.0,1138.1,1144.1,17280036
INE062A01020,SBIN,State Bank of India,Financial Services,2026-02-11,1144.7,1187.5,1142.8,1182.9,29491859
INE062A01020,SBIN,State Bank of India,Financial Services,2026-02-12,1183.0,1203.7,1174.8,1192.4,33214985
INE062A01020,SBIN,State Bank of India,Financial Services,2026-02-13,1189.0,1201.0,1184.5,1198.6,18141390
INE062A01020,SBIN,State Bank of India,Financial Services,2026-02-16,1194.0,1212.3,1185.3,1208.1,14972739
INE062A01020,SBIN,State Bank of India,Financial Services,2026-02-17,1206.1,1225.5,1204.1,1213.4,20107196
INE062A01020,SBIN,State Bank of India,Financial Services,2026-02-18,1218.8,1224.1,1214.0,1218.9,10417264
INE062A01020,SBIN,State Bank of India,Financial Services,2026-02-19,1222.9,1224.9,1199.2,1205.7,9630899
INE062A01020,SBIN,State Bank of India,Financial Services,2026-02-20,1206.2,1218.0,1201.8,1216.1,9958162
INE062A01020,SBIN,State Bank of India,Financial Services,2026-02-23,1222.0,1231.1,1217.1,1227.8,9733835
INE062A01020,SBIN,State Bank of India,Financial Services,2026-02-24,1232.0,1234.7,1219.7,1223.3,15788449
INE062A01020,SBIN,State Bank of India,Financial Services,2026-02-25,1228.1,1228.1,1197.5,1200.1,19581100
INE062A01020,SBIN,State Bank of India,Financial Services,2026-02-26,1201.0,1215.4,1188.9,1209.5,16196052
INE062A01020,SBIN,State Bank of India,Financial Services,2026-02-27,1207.0,1211.8,1198.6,1201.7,10700355
INE062A01020,SBIN,State Bank of India,Financial Services,2026-03-02,1185.0,1197.3,1179.4,1189.9,16270835
INE062A01020,SBIN,State Bank of India,Financial Services,2026-03-04,1172.1,1182.7,1157.6,1174.5,13855065
INE062A01020,SBIN,State Bank of India,Financial Services,2026-03-05,1181.0,1183.2,1150.6,1169.5,22100665
INE062A01020,SBIN,State Bank of India,Financial Services,2026-03-06,1168.5,1169.3,1138.0,1143.0,20333328
INE062A01020,SBIN,State Bank of India,Financial Services,2026-03-09,1115.0,1115.0,1064.3,1098.5,24631198
INE062A01020,SBIN,State Bank of India,Financial Services,2026-03-10,1111.1,1119.9,1104.5,1112.2,17491459
INE062A01020,SBIN,State Bank of India,Financial Services,2026-03-11,1113.4,1115.9,1088.0,1091.1,8364878
INE062A01020,SBIN,State Bank of India,Financial Services,2026-03-12,1075.1,1098.0,1070.5,1085.2,14614140
INE062A01020,SBIN,State Bank of India,Financial Services,2026-03-13,1077.5,1081.3,1042.3,1047.0,15978675
INE062A01020,SBIN,State Bank of India,Financial Services,2026-03-16,1048.7,1073.0,1036.1,1066.7,15322269
INE062A01020,SBIN,State Bank of India,Financial Services,2026-03-17,1073.9,1073.9,1047.0,1064.7,16427877
INE062A01020,SBIN,State Bank of India,Financial Services,2026-03-18,1067.5,1075.4,1061.3,1069.8,10749915
INE062A01020,SBIN,State Bank of India,Financial Services,2026-03-19,1049.5,1059.7,1041.0,1048.9,13431191
INE062A01020,SBIN,State Bank of India,Financial Services,2026-03-20,1058.4,1085.0,1054.0,1058.0,17748625
INE062A01020,SBIN,State Bank of India,Financial Services,2026-03-23,1039.0,1045.6,1014.2,1031.9,16039603
INE062A01020,SBIN,State Bank of India,Financial Services,2026-03-24,1055.2,1059.0,1020.0,1030.8,30416734
INE062A01020,SBIN,State Bank of India,Financial Services,2026-03-25,1043.0,1065.5,1043.0,1060.6,16205333
INE062A01020,SBIN,State Bank of India,Financial Services,2026-03-27,1051.3,1055.3,1013.0,1019.5,20445349
INE062A01020,SBIN,State Bank of India,Financial Services,2026-03-30,1005.0,1009.4,975.8,979.4,21438137
INE062A01020,SBIN,State Bank of India,Financial Services,2026-04-01,1008.0,1031.0,998.45,1017.8,17424479
INE062A01020,SBIN,State Bank of India,Financial Services,2026-04-02,1000.0,1026.0,977.9,1018.4,20777629
INE062A01020,SBIN,State Bank of India,Financial Services,2026-04-06,1020.0,1035.7,1005.05,1032.75,23576634
INE062A01020,SBIN,State Bank of India,Financial Services,2026-04-07,1025.0,1033.7,1012.0,1030.4,15021291
INE062A01020,SBIN,State Bank of India,Financial Services,2026-04-08,1074.0,1077.8,1059.45,1061.45,28533742
INE062A01020,SBIN,State Bank of India,Financial Services,2026-04-09,1060.1,1064.35,1038.3,1040.95,24772948
INE062A01020,SBIN,State Bank of India,Financial Services,2026-04-10,1049.0,1069.45,1046.15,1066.7,17861336
INE062A01020,SBIN,State Bank of India,Financial Services,2026-04-13,1042.0,1067.25,1030.0,1063.55,17763348
INE062A01020,SBIN,State Bank of India,Financial Services,2026-04-15,1076.0,1088.0,1068.2,1071.5,16195810
INE062A01020,SBIN,State Bank of India,Financial Services,2026-04-16,1078.0,1084.15,1062.0,1067.15,20313165
INE062A01020,SBIN,State Bank of India,Financial Services,2026-04-17,1067.0,1082.15,1060.0,1080.25,16823879
INE062A01020,SBIN,State Bank of India,Financial Services,2026-04-20,1080.3,1120.95,1075.85,1107.85,31179584
INE062A01020,SBIN,State Bank of India,Financial Services,2026-04-21,1113.4,1114.75,1105.95,1111.85,16963734
INE062A01020,SBIN,State Bank of India,Financial Services,2026-04-22,1110.0,1117.85,1100.1,1103.3,12412659
INE062A01020,SBIN,State Bank of India,Financial Services,2026-04-23,1095.0,1101.9,1082.2,1094.25,13669001
INE062A01020,SBIN,State Bank of India,Financial Services,2026-04-24,1091.35,1106.0,1090.05,1101.1,13774745
INE062A01020,SBIN,State Bank of India,Financial Services,2026-04-27,1110.95,1114.8,1103.4,1111.85,11624385
INE062A01020,SBIN,State Bank of India,Financial Services,2026-04-28,1102.3,1110.5,1089.15,1091.3,10727835
INE062A01020,SBIN,State Bank of India,Financial Services,2026-04-29,1094.0,1105.0,1084.25,1086.9,10611104
INE062A01020,SBIN,State Bank of India,Financial Services,2026-04-30,1075.0,1077.7,1063.0,1068.45,14269539
INE062A01020,SBIN,State Bank of India,Financial Services,2026-05-01,1068.45,1068.45,1068.45,1068.45,0
INE062A01020,SBIN,State Bank of India,Financial Services,2026-05-04,1063.6,1089.1,1063.6,1068.4,11693211
INE062A01020,SBIN,State Bank of India,Financial Services,2026-05-05,1060.6,1068.5,1049.4,1059.9,12194631
INE062A01020,SBIN,State Bank of India,Financial Services,2026-05-06,1072.0,1101.1,1061.2,1096.0,14384779
INE062A01020,SBIN,State Bank of India,Financial Services,2026-05-07,1106.0,1108.0,1086.1,1092.0,16105163
INE062A01020,SBIN,State Bank of India,Financial Services,2026-05-08,1090.0,1095.0,1010.9,1019.3,48065909
INE062A01020,SBIN,State Bank of India,Financial Services,2026-05-11,1007.0,1007.0,971.1,973.6,46927396
INE062A01020,SBIN,State Bank of India,Financial Services,2026-05-12,976.9,981.4,962.4,974.6,25787092
INE062A01020,SBIN,State Bank of India,Financial Services,2026-05-13,978.0,981.2,961.2,970.1,17584580
INE062A01020,SBIN,State Bank of India,Financial Services,2026-05-14,973.5,987.0,963.6,979.9,16487142
INE062A01020,SBIN,State Bank of India,Financial Services,2026-05-15,971.2,972.5,957.0,963.2,26972493
INE062A01020,SBIN,State Bank of India,Financial Services,2026-05-18,952.0,954.9,933.9,939.4,16554877
INE062A01020,SBIN,State Bank of India,Financial Services,2026-05-19,942.0,956.6,939.5,948.8,17280869
INE062A01020,SBIN,State Bank of India,Financial Services,2026-05-20,941.1,955.0,935.0,950.9,11928460
INE062A01020,SBIN,State Bank of India,Financial Services,2026-05-21,957.0,960.9,946.5,950.9,11756520
INE062A01020,SBIN,State Bank of India,Financial Services,2026-05-22,950.9,958.6,947.7,949.2,7807192
INE062A01020,SBIN,State Bank of India,Financial Services,2026-05-25,959.9,972.5,957.5,969.6,10934747
INE062A01020,SBIN,State Bank of India,Financial Services,2026-05-26,969.9,978.8,962.1,968.5,16269800
INE062A01020,SBIN,State Bank of India,Financial Services,2026-05-27,969.8,975.9,966.6,967.8,8111259
INE062A01020,SBIN,State Bank of India,Financial Services,2026-05-28,967.8,967.8,967.8,967.8,0
INE062A01020,SBIN,State Bank of India,Financial Services,2026-05-29,967.8,973.7,960.3,964.4,22292535
INE062A01020,SBIN,State Bank of India,Financial Services,2026-06-01,966.25,970.25,950.1,954.1,11118975
INE062A01020,SBIN,State Bank of India,Financial Services,2026-06-02,950.95,961.3,939.9,956.65,15911760
INE062A01020,SBIN,State Bank of India,Financial Services,2026-06-03,953.75,974.0,937.2,970.45,27947005
INE062A01020,SBIN,State Bank of India,Financial Services,2026-06-04,969.9,985.8,961.1,979.25,18875883
INE062A01020,SBIN,State Bank of India,Financial Services,2026-06-05,980.0,992.6,970.6,977.7,20955539
INE062A01020,SBIN,State Bank of India,Financial Services,2026-06-08,966.0,988.65,965.15,981.95,12895416
INE062A01020,SBIN,State Bank of India,Financial Services,2026-06-09,985.0,1009.0,983.0,1002.7,22142480
INE062A01020,SBIN,State Bank of India,Financial Services,2026-06-10,1002.7,1012.4,999.5,1003.25,19122317
INE062A01020,SBIN,State Bank of India,Financial Services,2026-06-11,998.1,1009.4,993.0,1000.7,13773978
INE062A01020,SBIN,State Bank of India,Financial Services,2026-06-12,1018.0,1018.7,1004.35,1017.15,11081119
INE062A01020,SBIN,State Bank of India,Financial Services,2026-06-15,1034.0,1034.0,1018.5,1020.85,12463437
INE062A01020,SBIN,State Bank of India,Financial Services,2026-06-16,1023.8,1026.55,1007.4,1015.3,9693677
INE062A01020,SBIN,State Bank of India,Financial Services,2026-06-17,1017.0,1028.1,1013.45,1026.5,8190062
INE062A01020,SBIN,State Bank of India,Financial Services,2026-06-18,1027.9,1045.7,1024.45,1042.7,11048009
INE062A01020,SBIN,State Bank of India,Financial Services,2026-06-19,1042.0,1042.0,1029.3,1035.1,9099878
INE062A01020,SBIN,State Bank of India,Financial Services,2026-06-22,1038.0,1043.0,1033.6,1040.75,6209440
INE062A01020,SBIN,State Bank of India,Financial Services,2026-06-23,1041.0,1045.5,1022.35,1024.2,10411004
INE062A01020,SBIN,State Bank of India,Financial Services,2026-06-24,1024.0,1044.5,1020.5,1034.6,11724076
INE062A01020,SBIN,State Bank of India,Financial Services,2026-06-25,1040.0,1055.4,1038.55,1045.4,16002360
INE062A01020,SBIN,State Bank of India,Financial Services,2026-06-26,1045.4,1045.4,1045.4,1045.4,0
INE062A01020,SBIN,State Bank of India,Financial Services,2026-06-29,1044.45,1046.4,1030.85,1036.1,16818246
INE062A01020,SBIN,State Bank of India,Financial Services,2026-06-30,1040.0,1044.0,1025.05,1026.9,11161643
INE062A01020,SBIN,State Bank of India,Financial Services,2026-07-01,1031.0,1049.9,1025.5,1047.4,6295315
INE062A01020,SBIN,State Bank of India,Financial Services,2026-07-02,1050.9,1059.8,1045.0,1051.6,14682790
INE062A01020,SBIN,State Bank of India,Financial Services,2026-07-03,1055.0,1057.0,1034.5,1040.0,10441493
INE062A01020,SBIN,State Bank of India,Financial Services,2026-07-06,1041.9,1048.4,1036.5,1037.7,8761017
INE062A01020,SBIN,State Bank of India,Financial Services,2026-07-07,1039.3,1049.6,1035.5,1038.1,11053574
INE062A01020,SBIN,State Bank of India,Financial Services,2026-07-08,1029.6,1038.3,1011.7,1016.9,14141694
INE062A01020,SBIN,State Bank of India,Financial Services,2026-07-09,1019.8,1031.7,1019.3,1022.1,7661699
INE062A01020,SBIN,State Bank of India,Financial Services,2026-07-10,1029.5,1047.8,1023.5,1036.0,8792150
INE062A01020,SBIN,State Bank of India,Financial Services,2026-07-13,1023.5,1042.9,1022.1,1037.0,8381510
INE062A01020,SBIN,State Bank of India,Financial Services,2026-07-14,1033.3,1033.7,1011.4,1015.4,11562326
INE062A01020,SBIN,State Bank of India,Financial Services,2026-07-15,1015.5,1036.0,1013.7,1030.1,14275394
INE062A01020,SBIN,State Bank of India,Financial Services,2026-07-16,1030.1,1036.0,1027.3,1031.2,7708316
INE062A01020,SBIN,State Bank of India,Financial Services,2026-07-17,1030.6,1048.0,1028.3,1044.3,8452780
INE062A01020,SBIN,State Bank of India,Financial Services,2026-07-20,1041.6,1065.0,1038.3,1060.0,16540411
INE062A01020,SBIN,State Bank of India,Financial Services,2026-07-21,1056.2,1067.0,1042.8,1044.4,10514887
INE062A01020,SBIN,State Bank of India,Financial Services,2026-07-22,1044.4,1044.4,1019.2,1025.0,11227214
INE062A01020,SBIN,State Bank of India,Financial Services,2026-07-23,1022.0,1023.1,1006.5,1012.6,8910230
INE062A01020,SBIN,State Bank of India,Financial Services,2026-07-24,1006.0,1017.8,1000.8,1015.0,13797053
INE062A01020,SBIN,State Bank of India,Financial Services,2026-07-27,1020.3,1023.7,1015.9,1020.6,6093002
INE062A01020,SBIN,State Bank of India,Financial Services,2026-07-28,1018.0,1022.0,1008.3,1013.2,9873370
INE062A01020,SBIN,State Bank of India,Financial Services,2026-07-29,1020.0,1020.2,1012.0,1013.7,4792964
INE062A01020,SBIN,State Bank of India,Financial Services,2026-07-30,1013.5,1028.3,1007.6,1025.3,6847458
INE062A01020,SBIN,State Bank of India,Financial Services,2026-07-31,1028.1,1034.3,1023.5,1027.4,10921417
INE062A01020,SBIN,State Bank of India,Financial Services,2026-08-03,1035.0,1051.5,1031.6,1045.0,10507450
INE062A01020,SBIN,State Bank of India,Financial Services,2026-08-04,1047.6,1047.6,1030.9,1042.7,8544184
INE062A01020,SBIN,State Bank of India,Financial Services,2026-08-05,1043.0,1055.0,1040.3,1055.0,8707119
INE062A01020,SBIN,State Bank of India,Financial Services,2026-08-06,1052.5,1088.1,1052.5,1085.0,13822265
INE062A01020,SBIN,State Bank of India,Financial Services,2026-08-07,1080.1,1124.5,1075.7,1097.2,29410622
INE062A01020,SBIN,State Bank of India,Financial Services,2026-08-10,1108.0,1113.3,1068.6,1071.0,16623448
INE062A01020,SBIN,State Bank of India,Financial Services,2026-08-11,1071.0,1071.0,1060.4,1066.0,9456913
INE062A01020,SBIN,State Bank of India,Financial Services,2026-08-12,1066.0,1085.5,1066.0,1082.0,17673922
INE062A01020,SBIN,State Bank of India,Financial Services,2026-08-13,1083.0,1086.8,1073.0,1083.0,9502483
INE062A01020,SBIN,State Bank of India,Financial Services,2026-08-14,1082.0,1082.0,1065.1,1067.7,6273501
INE062A01020,SBIN,State Bank of India,Financial Services,2026-08-17,1064.2,1068.8,1052.4,1061.2,7039473
INE062A01020,SBIN,State Bank of India,Financial Services,2026-08-18,1059.6,1067.7,1053.0,1053.0,5583771
INE062A01020,SBIN,State Bank of India,Financial Services,2026-08-19,1053.2,1054.8,1041.4,1048.6,7182636
INE062A01020,SBIN,State Bank of India,Financial Services,2026-08-20,1052.9,1052.9,1045.7,1048.0,5879949
INE062A01020,SBIN,State Bank of India,Financial Services,2026-08-21,1052.7,1054.7,1040.1,1048.7,6534213
INE062A01020,SBIN,State Bank of India,Financial Services,2026-08-24,1047.9,1047.9,1032.1,1039.5,8868193
INE062A01020,SBIN,State Bank of India,Financial Services,2026-08-25,1036.0,1048.0,1031.3,1048.0,9982723
INE062A01020,SBIN,State Bank of India,Financial Services,2026-08-26,1051.4,1062.3,1051.2,1052.0,5858099
INE062A01020,SBIN,State Bank of India,Financial Services,2026-08-27,1052.0,1054.4,1042.9,1042.9,4788716
INE062A01020,SBIN,State Bank of India,Financial Services,2026-08-28,1046.0,1051.2,1040.5,1047.5,4969272
INE062A01020,SBIN,State Bank of India,Financial Services,2026-08-31,1041.2,1060.0,1034.5,1060.0,5138732
INE062A01020,SBIN,State Bank of India,Financial Services,2026-09-01,1051.3,1051.3,1027.1,1034.5,7605132
INE062A01020,SBIN,State Bank of India,Financial Services,2026-09-02,1026.0,1035.3,1017.3,1020.9,13843678
INE062A01020,SBIN,State Bank of India,Financial Services,2026-09-03,1028.9,1036.0,1021.1,1023.4,7371804
INE062A01020,SBIN,State Bank of India,Financial Services,2026-09-04,1026.0,1029.2,1016.1,1016.1,6724566
INE062A01020,SBIN,State Bank of India,Financial Services,2026-09-07,1020.8,1021.7,1000.6,1005.9,10220001
INE062A01020,SBIN,State Bank of India,Financial Services,2026-09-08,1004.9,1011.2,1002.1,1008.0,7084768
INE062A01020,SBIN,State Bank of India,Financial Services,2026-09-09,999.0,1012.2,992.4,1000.5,7091386
INE062A01020,SBIN,State Bank of India,Financial Services,2026-09-10,1002.0,1011.9,1001.0,1009.7,5504031
INE062A01020,SBIN,State Bank of India,Financial Services,2026-09-11,1000.0,1001.9,993.0,995.7,7771109
INE062A01020,SBIN,State Bank of India,Financial Services,2026-09-14,995.7,995.7,995.7,995.7,0
INE062A01020,SBIN,State Bank of India,Financial Services,2026-09-15,994.0,999.8,968.0,968.0,10004115
INE062A01020,SBIN,State Bank of India,Financial Services,2026-09-16,976.0,991.4,973.2,991.4,8609956
INE062A01020,SBIN,State Bank of India,Financial Services,2026-09-17,991.2,1000.9,985.2,988.7,8624398
INE062A01020,SBIN,State Bank of India,Financial Services,2026-09-18,992.0,996.2,985.1,996.2,5699456
INE062A01020,SBIN,State Bank of India,Financial Services,2026-09-21,993.6,997.5,989.1,996.0,3590054
INE062A01020,SBIN,State Bank of India,Financial Services,2026-09-22,999.1,1000.1,981.3,987.0,6126235
INE062A01020,SBIN,State Bank of India,Financial Services,2026-09-23,987.0,996.4,986.4,994.1,4522248
INE062A01020,SBIN,State Bank of India,Financial Services,2026-09-24,982.3,992.0,975.8,978.5,13724672
INE062A01020,SBIN,State Bank of India,Financial Services,2026-09-25,980.8,985.7,977.0,983.0,3759097
INE062A01020,SBIN,State Bank of India,Financial Services,2026-09-28,980.1,982.5,956.1,962.0,9846646
INE062A01020,SBIN,State Bank of India,Financial Services,2026-09-29,960.9,968.1,953.0,964.7,26781498
INE062A01020,SBIN,State Bank of India,Financial Services,2026-09-30,964.7,972.8,959.5,959.5,8010571
INE062A01020,SBIN,State Bank of India,Financial Services,2026-10-01,953.1,965.4,945.8,954.1,7390452
INE062A01020,SBIN,State Bank of India,Financial Services,2026-10-02,954.1,954.1,954.1,954.1,0
INE062A01020,SBIN,State Bank of India,Financial Services,2026-10-05,959.0,969.45,956.0,958.0,8165087
INE062A01020,SBIN,State Bank of India,Financial Services,2026-10-06,962.1,963.65,949.85,958.75,8204620
INE062A01020,SBIN,State Bank of India,Financial Services,2026-10-07,955.0,966.0,945.6,954.0,12523009
INE467B01029,TCS,Tata Consultancy Services Ltd.,Information Technology,2024-10-08,4272.6,4279.4,4203.95,4253.25,1541867
INE467B01029,TCS,Tata Consultancy Services Ltd.,Information Technology,2024-10-09,4260.0,4295.0,4246.7,4252.95,1082504
INE467B01029,TCS,Tata Consultancy Services Ltd.,Information Technology,2024-10-10,4253.25,4293.85,4198.6,4227.4,2378875
INE467B01029,TCS,Tata Consultancy Services Ltd.,Information Technology,2024-10-11,4143.0,4241.95,4112.45,4149.2,5759183
INE467B01029,TCS,Tata Consultancy Services Ltd.,Information Technology,2024-10-14,4140.0,4165.4,4122.2,4136.65,2137590
INE467B01029,TCS,Tata Consultancy Services Ltd.,Information Technology,2024-10-15,4131.05,4169.95,4095.0,4116.8,2759474
INE467B01029,TCS,Tata Consultancy Services Ltd.,Information Technology,2024-10-16,4085.0,4115.0,4067.2,4094.95,2359151
INE467B01029,TCS,Tata Consultancy Services Ltd.,Information Technology,2024-10-17,4112.8,4129.95,4092.95,4109.0,2522659
INE467B01029,TCS,Tata Consultancy Services Ltd.,Information Technology,2024-10-18,4090.0,4146.15,4080.0,4123.05,2361000
INE467B01029,TCS,Tata Consultancy Services Ltd.,Information Technology,2024-10-21,4132.6,4139.95,4070.0,4079.85,1595450
INE467B01029,TCS,Tata Consultancy Services Ltd.,Information Technology,2024-10-22,4066.0,4089.8,4006.35,4015.5,1928049
INE467B01029,TCS,Tata Consultancy Services Ltd.,Information Technology,2024-10-23,3999.6,4113.55,3995.15,4066.25,1966476
INE467B01029,TCS,Tata Consultancy Services Ltd.,Information Technology,2024-10-24,4004.0,4079.0,4004.0,4047.9,2676744
INE467B01029,TCS,Tata Consultancy Services Ltd.,Information Technology,2024-10-25,4057.05,4092.0,4032.7,4057.55,1759676
INE467B01029,TCS,Tata Consultancy Services Ltd.,Information Technology,2024-10-28,4068.95,4134.0,4051.0,4090.85,1532534
INE467B01029,TCS,Tata Consultancy Services Ltd.,Information Technology,2024-10-29,4095.85,4103.5,4060.1,4075.25,1445885
INE467B01029,TCS,Tata Consultancy Services Ltd.,Information Technology,2024-10-30,4075.0,4107.0,4060.05,4084.65,1935002
INE467B01029,TCS,Tata Consultancy Services Ltd.,Information Technology,2024-10-31,4070.0,4078.3,3960.0,3968.45,3740372
INE467B01029,TCS,Tata Consultancy Services Ltd.,Information Technology,2024-11-01,3989.85,3998.95,3976.05,3984.2,154895
INE467B01029,TCS,Tata Consultancy Services Ltd.,Information Technology,2024-11-04,3966.3,3991.9,3913.25,3964.15,2269192
INE467B01029,TCS,Tata Consultancy Services Ltd.,Information Technology,2024-11-05,3941.1,3986.0,3941.1,3971.35,967590
INE467B01029,TCS,Tata Consultancy Services Ltd.,Information Technology,2024-11-06,4003.6,4149.8,3975.25,4139.65,3792017
INE467B01029,TCS,Tata Consultancy Services Ltd.,Information Technology,2024-11-07,4169.7,4205.8,4085.05,4150.9,3724349
INE467B01029,TCS,Tata Consultancy Services Ltd.,Information Technology,2024-11-08,4155.0,4169.75,4117.65,4147.0,1648039
INE467B01029,TCS,Tata Consultancy Services Ltd.,Information Technology,2024-11-11,4128.2,4234.3,4117.65,4198.7,1406487
INE467B01029,TCS,Tata Consultancy Services Ltd.,Information Technology,2024-11-12,4216.0,4218.0,4164.35,4197.4,1587640
INE467B01029,TCS,Tata Consultancy Services Ltd.,Information Technology,2024-11-13,4178.1,4196.75,4131.05,4150.35,1098813
INE467B01029,TCS,Tata Consultancy Services Ltd.,Information Technology,2024-11-14,4135.0,4160.0,4116.45,4145.9,1825432
INE467B01029,TCS,Tata Consultancy Services Ltd.,Information Technology,2024-11-18,4213.0,4213.0,3990.2,4019.5,3313944
INE467B01029,TCS,Tata Consultancy Services Ltd.,Information Technology,2024-11-19,4019.9,4132.15,4014.1,4039.55,1776233
INE467B01029,TCS,Tata Consultancy Services Ltd.,Information Technology,2024-11-21,4044.9,4092.45,4024.0,4072.85,2384347
INE467B01029,TCS,Tata Consultancy Services Ltd.,Information Technology,2024-11-22,4071.0,4254.95,4054.0,4244.6,3096553
INE467B01029,TCS,Tata Consultancy Services Ltd.,Information Technology,2024-11-25,4280.0,4328.1,4252.2,4315.1,4052167
INE467B01029,TCS,Tata Consultancy Services Ltd.,Information Technology,2024-11-26,4321.05,4366.6,4310.0,4352.7,2060669
INE467B01029,TCS,Tata Consultancy Services Ltd.,Information Technology,2024-11-27,4358.95,4377.4,4324.05,4332.55,1558993
INE467B01029,TCS,Tata Consultancy Services Ltd.,Information Technology,2024-11-28,4319.0,4339.95,4233.0,4244.9,2558544
INE467B01029,TCS,Tata Consultancy Services Ltd.,Information Technology,2024-11-29,4220.0,4298.7,4195.65,4270.85,2017425
INE467B01029,TCS,Tata Consultancy Services Ltd.,Information Technology,2024-12-02,4270.0,4288.2,4230.05,4276.65,1670944
INE467B01029,TCS,Tata Consultancy Services Ltd.,Information Technology,2024-12-03,4314.35,4325.0,4265.45,4302.75,2010905
INE467B01029,TCS,Tata Consultancy Services Ltd.,Information Technology,2024-12-04,4313.55,4386.95,4289.05,4354.4,3302642
INE467B01029,TCS,Tata Consultancy Services Ltd.,Information Technology,2024-12-05,4400.8,4489.0,4360.0,4464.05,3746747
INE467B01029,TCS,Tata Consultancy Services Ltd.,Information Technology,2024-12-06,4453.0,4465.0,4412.75,4445.5,1842087
INE467B01029,TCS,Tata Consultancy Services Ltd.,Information Technology,2024-12-09,4430.45,4469.4,4415.55,4452.15,2066639
INE467B01029,TCS,Tata Consultancy Services Ltd.,Information Technology,2024-12-10,4426.15,4493.8,4412.1,4432.55,2087828
INE467B01029,TCS,Tata Consultancy Services Ltd.,Information Technology,2024-12-11,4431.85,4448.65,4407.0,4427.45,1635256
INE467B01029,TCS,Tata Consultancy Services Ltd.,Information Technology,2024-12-12,4430.05,4485.0,4426.0,4454.95,1914642
INE467B01029,TCS,Tata Consultancy Services Ltd.,Information Technology,2024-12-13,4434.95,4494.9,4394.4,4473.9,1967048
INE467B01029,TCS,Tata Consultancy Services Ltd.,Information Technology,2024-12-16,4459.0,4475.0,4397.0,4415.2,1646224
INE467B01029,TCS,Tata Consultancy Services Ltd.,Information Technology,2024-12-17,4410.0,4432.95,4318.0,4328.5,3225027
INE467B01029,TCS,Tata Consultancy Services Ltd.,Information Technology,2024-12-18,4311.7,4362.0,4289.6,4347.85,1575404
INE467B01029,TCS,Tata Consultancy Services Ltd.,Information Technology,2024-12-19,4282.0,4364.0,4262.0,4271.9,3015763
INE467B01029,TCS,Tata Consultancy Services Ltd.,Information Technology,2024-12-20,4329.0,4382.0,4152.5,4170.3,4116989
INE467B01029,TCS,Tata Consultancy Services Ltd.,Information Technology,2024-12-23,4200.05,4217.0,4114.9,4158.3,2195338
INE467B01029,TCS,Tata Consultancy Services Ltd.,Information Technology,2024-12-24,4158.3,4218.0,4158.3,4179.5,1181886
INE467B01029,TCS,Tata Consultancy Services Ltd.,Information Technology,2024-12-26,4179.5,4199.95,4143.15,4169.1,1208464
INE467B01029,TCS,Tata Consultancy Services Ltd.,Information Technology,2024-12-27,4163.0,4180.95,4147.25,4164.85,858100
INE467B01029,TCS,Tata Consultancy Services Ltd.,Information Technology,2024-12-30,4151.0,4199.3,4112.0,4158.8,1527169
INE467B01029,TCS,Tata Consultancy Services Ltd.,Information Technology,2024-12-31,4135.0,4139.95,4032.05,4094.8,1555429
INE467B01029,TCS,Tata Consultancy Services Ltd.,Information Technology,2025-01-01,4094.4,4134.0,4085.45,4112.45,763161
INE467B01029,TCS,Tata Consultancy Services Ltd.,Information Technology,2025-01-02,4120.0,4183.0,4096.95,4175.75,1720835
INE467B01029,TCS,Tata Consultancy Services Ltd.,Information Technology,2025-01-03,4179.95,4179.95,4092.3,4099.9,1791953
INE467B01029,TCS,Tata Consultancy Services Ltd.,Information Technology,2025-01-06,4105.5,4149.65,4066.4,4095.0,2085593
INE467B01029,TCS,Tata Consultancy Services Ltd.,Information Technology,2025-01-07,4114.95,4140.35,4011.55,4028.3,2669054
INE467B01029,TCS,Tata Consultancy Services Ltd.,Information Technology,2025-01-08,4034.9,4126.0,4017.75,4108.4,2181277
INE467B01029,TCS,Tata Consultancy Services Ltd.,Information Technology,2025-01-09,4101.0,4137.75,4025.3,4038.85,2392472
INE467B01029,TCS,Tata Consultancy Services Ltd.,Information Technology,2025-01-10,4200.0,4297.0,4170.0,4265.65,7894300
INE467B01029,TCS,Tata Consultancy Services Ltd.,Information Technology,2025-01-13,4245.0,4322.95,4227.4,4291.1,4003771
INE467B01029,TCS,Tata Consultancy Services Ltd.,Information Technology,2025-01-14,4302.0,4313.9,4219.05,4233.05,3441709
INE467B01029,TCS,Tata Consultancy Services Ltd.,Information Technology,2025-01-15,4218.0,4256.45,4207.45,4249.6,1653474
INE467B01029,TCS,Tata Consultancy Services Ltd.,Information Technology,2025-01-16,4260.0,4294.0,4191.85,4206.3,2637705
INE467B01029,TCS,Tata Consultancy Services Ltd.,Information Technology,2025-01-17,4159.9,4160.6,4100.05,4124.3,1761466
INE467B01029,TCS,Tata Consultancy Services Ltd.,Information Technology,2025-01-20,4145.8,4145.8,4068.1,4077.8,1287799
INE467B01029,TCS,Tata Consultancy Services Ltd.,Information Technology,2025-01-21,4095.3,4111.0,4030.0,4035.85,1971591
INE467B01029,TCS,Tata Consultancy Services Ltd.,Information Technology,2025-01-22,4050.0,4163.15,4044.2,4156.6,2409223
INE467B01029,TCS,Tata Consultancy Services Ltd.,Information Technology,2025-01-23,4168.0,4191.35,4140.05,4145.45,1822998
INE467B01029,TCS,Tata Consultancy Services Ltd.,Information Technology,2025-01-24,4104.0,4178.0,4104.0,4152.35,1910099
INE467B01029,TCS,Tata Consultancy Services Ltd.,Information Technology,2025-01-27,4102.0,4156.35,4041.05,4065.15,1551782
INE467B01029,TCS,Tata Consultancy Services Ltd.,Information Technology,2025-01-28,4070.8,4102.0,4028.3,4040.3,2468272
INE467B01029,TCS,Tata Consultancy Services Ltd.,Information Technology,2025-01-29,4054.0,4107.85,4054.0,4099.8,1217089
INE467B01029,TCS,Tata Consultancy Services Ltd.,Information Technology,2025-01-30,4099.9,4129.9,4058.5,4100.05,1531251
INE467B01029,TCS,Tata Consultancy Services Ltd.,Information Technology,2025-01-31,4110.0,4128.45,4085.25,4112.4,1492943
INE467B01029,TCS,Tata Consultancy Services Ltd.,Information Technology,2025-02-01,4113.0,4135.9,4056.0,4073.15,437172
INE467B01029,TCS,Tata Consultancy Services Ltd.,Information Technology,2025-02-03,4030.9,4077.0,3998.7,4068.65,1265713
INE467B01029,TCS,Tata Consultancy Services Ltd.,Information Technology,2025-02-04,4083.7,4118.85,4066.05,4107.05,2547132
INE467B01029,TCS,Tata Consultancy Services Ltd.,Information Technology,2025-02-05,4150.0,4150.0,4076.0,4091.1,1693912
INE467B01029,TCS,Tata Consultancy Services Ltd.,Information Technology,2025-02-06,4105.4,4139.5,4051.55,4082.75,2284536
INE467B01029,TCS,Tata Consultancy Services Ltd.,Information Technology,2025-02-07,4090.0,4090.0,4008.0,4029.4,1548940
INE467B01029,TCS,Tata Consultancy Services Ltd.,Information Technology,2025-02-10,4040.0,4052.0,4014.35,4036.95,1339511
INE467B01029,TCS,Tata Consultancy Services Ltd.,Information Technology,2025-02-11,4018.4,4040.0,3955.0,3963.55,1810908
INE467B01029,TCS,Tata Consultancy Services Ltd.,Information Technology,2025-02-12,3971.1,4021.75,3940.15,3950.15,1678002
INE467B01029,TCS,Tata Consultancy Services Ltd.,Information Technology,2025-02-13,3968.0,3984.45,3902.25,3910.15,2277310
INE467B01029,TCS,Tata Consultancy Services Ltd.,Information Technology,2025-02-14,3925.0,3948.0,3900.0,3934.85,1681975
INE467B01029,TCS,Tata Consultancy Services Ltd.,Information Technology,2025-02-17,3856.5,3934.0,3856.2,3904.5,1799806
INE467B01029,TCS,Tata Consultancy Services Ltd.,Information Technology,2025-02-18,3898.4,3924.4,3864.5,3873.2,2149879
INE467B01029,TCS,Tata Consultancy Services Ltd.,Information Technology,2025-02-19,3872.2,3874.95,3768.15,3784.1,4366672
INE467B01029,TCS,Tata Consultancy Services Ltd.,Information Technology,2025-02-20,3761.5,3788.0,3751.3,3779.4,2888572
INE467B01029,TCS,Tata Consultancy Services Ltd.,Information Technology,2025-02-21,3776.1,3817.0,3775.0,3786.0,1833931
INE467B01029,TCS,Tata Consultancy Services Ltd.,Information Technology,2025-02-24,3743.15,3763.2,3670.0,3675.6,2508516
INE467B01029,TCS,Tata Consultancy Services Ltd.,Information Technology,2025-02-25,3625.0,3658.0,3621.25,3629.55,4101954
INE467B01029,TCS,Tata Consultancy Services Ltd.,Information Technology,2025-02-27,3611.7,3638.0,3600.7,3612.55,3823856
INE467B01029,TCS,Tata Consultancy Services Ltd.,Information Technology,2025-02-28,3584.95,3600.0,3457.0,3483.25,7085018
INE467B01029,TCS,Tata Consultancy Services Ltd.,Information Technology,2025-03-03,3485.0,3523.25,3476.15,3493.05,4990439
INE467B01029,TCS,Tata Consultancy Services Ltd.,Information Technology,2025-03-04,3474.0,3551.0,3464.3,3532.05,2797737
INE467B01029,TCS,Tata Consultancy Services Ltd.,Information Technology,2025-03-05,3520.85,3600.35,3520.85,3547.05,2501894
INE467B01029,TCS,Tata Consultancy Services Ltd.,Information Technology,2025-03-06,3557.0,3609.45,3536.1,3601.6,2786513
INE467B01029,TCS,Tata Consultancy Services Ltd.,Information Technology,2025-03-07,3600.0,3625.0,3574.4,3611.2,2051315
INE467B01029,TCS,Tata Consultancy Services Ltd.,Information Technology,2025-03-10,3606.5,3622.1,3582.6,3589.65,1004626
INE467B01029,TCS,Tata Consultancy Services Ltd.,Information Technology,2025-03-11,3558.0,3588.75,3537.65,3575.3,1995450
INE467B01029,TCS,Tata Consultancy Services Ltd.,Information Technology,2025-03-12,3565.0,3569.25,3486.85,3506.2,3174167
INE467B01029,TCS,Tata Consultancy Services Ltd.,Information Technology,2025-03-13,3502.3,3524.3,3484.1,3511.05,1693004
INE467B01029,TCS,Tata Consultancy Services Ltd.,Information Technology,2025-03-17,3489.0,3530.45,3477.35,3497.7,2690906
INE467B01029,TCS,Tata Consultancy Services Ltd.,Information Technology,2025-03-18,3497.7,3497.7,3497.7,3497.7,0
INE467B01029,TCS,Tata Consultancy Services Ltd.,Information Technology,2025-03-19,3547.0,3547.0,3462.75,3497.1,3051244
INE467B01029,TCS,Tata Consultancy Services Ltd.,Information Technology,2025-03-20,3512.0,3578.95,3512.0,3563.15,2845192
INE467B01029,TCS,Tata Consultancy Services Ltd.,Information Technology,2025-03-21,3475.0,3616.25,3465.0,3578.1,4161925
INE467B01029,TCS,Tata Consultancy Services Ltd.,Information Technology,2025-03-24,3600.0,3649.75,3566.6,3628.95,1834751
INE467B01029,TCS,Tata Consultancy Services Ltd.,Information Technology,2025-03-25,3645.0,3710.0,3638.0,3657.75,3135390
INE467B01029,TCS,Tata Consultancy Services Ltd.,Information Technology,2025-03-26,3647.75,3680.5,3625.85,3635.8,1734499
INE467B01029,TCS,Tata Consultancy Services Ltd.,Information Technology,2025-03-27,3614.85,3663.0,3610.5,3651.2,2528474
INE467B01029,TCS,Tata Consultancy Services Ltd.,Information Technology,2025-03-28,3651.0,3660.95,3591.9,3606.15,2051919
INE467B01029,TCS,Tata Consultancy Services Ltd.,Information Technology,2025-04-01,3572.7,3584.0,3525.0,3550.8,2618493
INE467B01029,TCS,Tata Consultancy Services Ltd.,Information Technology,2025-04-02,3544.0,3564.1,3530.05,3543.95,1764313
INE467B01029,TCS,Tata Consultancy Services Ltd.,Information Technology,2025-04-03,3491.0,3502.0,3396.15,3403.15,4537821
INE467B01029,TCS,Tata Consultancy Services Ltd.,Information Technology,2025-04-04,3362.6,3399.65,3295.5,3299.4,5317367
INE467B01029,TCS,Tata Consultancy Services Ltd.,Information Technology,2025-04-07,3100.0,3291.4,3056.05,3274.05,6623955
INE467B01029,TCS,Tata Consultancy Services Ltd.,Information Technology,2025-04-08,3302.05,3349.0,3255.3,3292.95,5557558
INE467B01029,TCS,Tata Consultancy Services Ltd.,Information Technology,2025-04-09,3260.55,3270.0,3212.05,3246.6,2990265
INE467B01029,TCS,Tata Consultancy Services Ltd.,Information Technology,2025-04-11,3289.55,3298.95,3206.0,3231.5,7108961
INE467B01029,TCS,Tata Consultancy Services Ltd.,Information Technology,2025-04-15,3314.4,3314.4,3238.6,3248.2,3512160
INE467B01029,TCS,Tata Consultancy Services Ltd.,Information Technology,2025-04-16,3248.2,3278.1,3229.0,3273.8,2384391
INE467B01029,TCS,Tata Consultancy Services Ltd.,Information Technology,2025-04-17,3245.5,3303.6,3218.0,3298.9,2932346
INE467B01029,TCS,Tata Consultancy Services Ltd.,Information Technology,2025-04-21,3290.1,3354.0,3284.1,3321.6,2432946
INE467B01029,TCS,Tata Consultancy Services Ltd.,Information Technology,2025-04-22,3322.6,3333.9,3295.0,3314.4,2710498
INE467B01029,TCS,Tata Consultancy Services Ltd.,Information Technology,2025-04-23,3365.0,3420.9,3337.3,3413.0,3543923
INE467B01029,TCS,Tata Consultancy Services Ltd.,Information Technology,2025-04-24,3401.1,3412.5,3387.7,3401.6,2252175
INE467B01029,TCS,Tata Consultancy Services Ltd.,Information Technology,2025-04-25,3420.0,3477.8,3405.0,3448.0,2742991
INE467B01029,TCS,Tata Consultancy Services Ltd.,Information Technology,2025-04-28,3435.0,3457.8,3405.0,3443.5,1593296
INE467B01029,TCS,Tata Consultancy Services Ltd.,Information Technology,2025-04-29,3455.0,3495.0,3430.4,3472.5,1578332
INE467B01029,TCS,Tata Consultancy Services Ltd.,Information Technology,2025-04-30,3472.0,3509.9,3366.0,3453.7,2809332
INE467B01029,TCS,Tata Consultancy Services Ltd.,Information Technology,2025-05-02,3472.0,3491.5,3420.0,3431.0,1721761
INE467B01029,TCS,Tata Consultancy Services Ltd.,Information Technology,2025-05-05,3450.0,3504.5,3446.4,3454.3,1284443
INE467B01029,TCS,Tata Consultancy Services Ltd.,Information Technology,2025-05-06,3460.0,3473.0,3437.0,3460.0,1324763
INE467B01029,TCS,Tata Consultancy Services Ltd.,Information Technology,2025-05-07,3420.6,3459.5,3420.6,3445.1,1477128
INE467B01029,TCS,Tata Consultancy Services Ltd.,Information Technology,2025-05-08,3448.0,3477.0,3428.7,3448.9,2543591
INE467B01029,TCS,Tata Consultancy Services Ltd.,Information Technology,2025-05-09,3399.0,3446.2,3398.1,3440.3,2531757
INE467B01029,TCS,Tata Consultancy Services Ltd.,Information Technology,2025-05-12,3505.0,3630.5,3502.2,3620.4,2228678
INE467B01029,TCS,Tata Consultancy Services Ltd.,Information Technology,2025-05-13,3620.4,3623.0,3510.5,3515.0,3062887
INE467B01029,TCS,Tata Consultancy Services Ltd.,Information Technology,2025-05-14,3521.0,3561.0,3508.6,3548.7,2119499
INE467B01029,TCS,Tata Consultancy Services Ltd.,Information Technology,2025-05-15,3564.0,3600.0,3514.1,3579.9,3548330
INE467B01029,TCS,Tata Consultancy Services Ltd.,Information Technology,2025-05-16,3593.9,3593.9,3546.1,3561.3,1666727
INE467B01029,TCS,Tata Consultancy Services Ltd.,Information Technology,2025-05-19,3550.0,3550.0,3503.7,3518.8,2537377
INE467B01029,TCS,Tata Consultancy Services Ltd.,Information Technology,2025-05-20,3531.8,3558.0,3494.0,3498.3,2038374
INE467B01029,TCS,Tata Consultancy Services Ltd.,Information Technology,2025-05-21,3508.0,3537.0,3498.3,3525.8,1440153
INE467B01029,TCS,Tata Consultancy Services Ltd.,Information Technology,2025-05-22,3495.0,3497.8,3451.3,3477.0,2034383
INE467B01029,TCS,Tata Consultancy Services Ltd.,Information Technology,2025-05-23,3477.0,3535.0,3465.6,3514.6,1274331
INE467B01029,TCS,Tata Consultancy Services Ltd.,Information Technology,2025-05-26,3521.0,3545.0,3510.1,3537.3,967470
INE467B01029,TCS,Tata Consultancy Services Ltd.,Information Technology,2025-05-27,3532.0,3540.0,3483.1,3498.7,2467680
INE467B01029,TCS,Tata Consultancy Services Ltd.,Information Technology,2025-05-28,3520.0,3529.0,3493.0,3497.7,1222933
INE467B01029,TCS,Tata Consultancy Services Ltd.,Information Technology,2025-05-29,3504.7,3532.5,3486.5,3498.1,3188072
INE467B01029,TCS,Tata Consultancy Services Ltd.,Information Technology,2025-05-30,3490.0,3506.7,3453.1,3463.4,3404365
INE467B01029,TCS,Tata Consultancy Services Ltd.,Information Technology,2025-06-02,3450.0,3460.0,3418.6,3449.8,1877585
INE467B01029,TCS,Tata Consultancy Services Ltd.,Information Technology,2025-06-03,3446.0,3473.5,3400.5,3405.2,2848125
INE467B01029,TCS,Tata Consultancy Services Ltd.,Information Technology,2025-06-04,3389.0,3394.8,3370.0,3380.9,2544807
INE467B01029,TCS,Tata Consultancy Services Ltd.,Information Technology,2025-06-05,3409.0,3409.0,3363.7,3371.1,3584683
INE467B01029,TCS,Tata Consultancy Services Ltd.,Information Technology,2025-06-06,3371.1,3390.9,3358.7,3384.2,2070390
INE467B01029,TCS,Tata Consultancy Services Ltd.,Information Technology,2025-06-09,3400.0,3434.0,3390.9,3421.9,1718678
INE467B01029,TCS,Tata Consultancy Services Ltd.,Information Technology,2025-06-10,3440.0,3485.8,3423.2,3462.9,2419874
INE467B01029,TCS,Tata Consultancy Services Ltd.,Information Technology,2025-06-11,3470.0,3489.0,3449.1,3471.9,2847013
INE467B01029,TCS,Tata Consultancy Services Ltd.,Information Technology,2025-06-12,3471.9,3474.7,3423.2,3434.2,4060134
INE467B01029,TCS,Tata Consultancy Services Ltd.,Information Technology,2025-06-13,3393.2,3450.5,3393.2,3445.7,2178493
INE467B01029,TCS,Tata Consultancy Services Ltd.,Information Technology,2025-06-16,3440.0,3509.0,3426.2,3496.3,1934088
INE467B01029,TCS,Tata Consultancy Services Ltd.,Information Technology,2025-06-17,3510.0,3520.0,3488.1,3515.3,2111940
INE467B01029,TCS,Tata Consultancy Services Ltd.,Information Technology,2025-06-18,3519.1,3538.0,3443.1,3451.4,2696327
INE467B01029,TCS,Tata Consultancy Services Ltd.,Information Technology,2025-06-19,3450.0,3451.0,3413.0,3424.0,2672768
INE467B01029,TCS,Tata Consultancy Services Ltd.,Information Technology,2025-06-20,3425.0,3446.3,3410.9,3435.7,2351248
INE467B01029,TCS,Tata Consultancy Services Ltd.,Information Technology,2025-06-23,3415.0,3425.0,3370.0,3393.6,3123421
INE467B01029,TCS,Tata Consultancy Services Ltd.,Information Technology,2025-06-24,3434.6,3442.1,3382.0,3390.4,3403048
INE467B01029,TCS,Tata Consultancy Services Ltd.,Information Technology,2025-06-25,3407.3,3450.0,3400.0,3444.8,1757699
INE467B01029,TCS,Tata Consultancy Services Ltd.,Information Technology,2025-06-26,3444.8,3451.4,3415.3,3441.8,2879106
INE467B01029,TCS,Tata Consultancy Services Ltd.,Information Technology,2025-06-27,3455.0,3466.4,3431.0,3441.1,1778433
INE467B01029,TCS,Tata Consultancy Services Ltd.,Information Technology,2025-06-30,3439.9,3464.9,3430.0,3462.0,1468351
INE467B01029,TCS,Tata Consultancy Services Ltd.,Information Technology,2025-07-01,3455.0,3485.0,3413.5,3429.7,2375183
INE467B01029,TCS,Tata Consultancy Services Ltd.,Information Technology,2025-07-02,3487.2,3489.9,3420.0,3423.3,3090585
INE467B01029,TCS,Tata Consultancy Services Ltd.,Information Technology,2025-07-03,3430.0,3435.3,3397.6,3400.8,2531870
INE467B01029,TCS,Tata Consultancy Services Ltd.,Information Technology,2025-07-04,3408.0,3427.0,3390.1,3419.8,1109320
INE467B01029,TCS,Tata Consultancy Services Ltd.,Information Technology,2025-07-07,3418.3,3426.1,3408.4,3411.7,1639174
INE467B01029,TCS,Tata Consultancy Services Ltd.,Information Technology,2025-07-08,3405.0,3425.0,3393.4,3406.2,2325242
INE467B01029,TCS,Tata Consultancy Services Ltd.,Information Technology,2025-07-09,3410.0,3414.0,3367.0,3383.8,2034938
INE467B01029,TCS,Tata Consultancy Services Ltd.,Information Technology,2025-07-10,3380.0,3399.0,3356.0,3382.0,3035012
INE467B01029,TCS,Tata Consultancy Services Ltd.,Information Technology,2025-07-11,3299.9,3335.0,3261.1,3266.0,7635550
INE467B01029,TCS,Tata Consultancy Services Ltd.,Information Technology,2025-07-14,3266.0,3272.0,3200.0,3222.7,3924009
INE467B01029,TCS,Tata Consultancy Services Ltd.,Information Technology,2025-07-15,3206.0,3259.4,3206.0,3252.3,2590889
INE467B01029,TCS,Tata Consultancy Services Ltd.,Information Technology,2025-07-16,3227.0,3244.9,3220.6,3233.1,2540733
INE467B01029,TCS,Tata Consultancy Services Ltd.,Information Technology,2025-07-17,3224.1,3242.0,3204.1,3209.2,2947640
INE467B01029,TCS,Tata Consultancy Services Ltd.,Information Technology,2025-07-18,3225.0,3228.8,3187.0,3189.9,3432645
INE467B01029,TCS,Tata Consultancy Services Ltd.,Information Technology,2025-07-21,3190.0,3197.6,3152.0,3158.2,3844346
INE467B01029,TCS,Tata Consultancy Services Ltd.,Information Technology,2025-07-22,3159.6,3180.1,3154.6,3159.6,3198036
INE467B01029,TCS,Tata Consultancy Services Ltd.,Information Technology,2025-07-23,3159.6,3182.0,3157.6,3179.1,1922875
INE467B01029,TCS,Tata Consultancy Services Ltd.,Information Technology,2025-07-24,3165.1,3173.7,3140.0,3148.0,2934778
INE467B01029,TCS,Tata Consultancy Services Ltd.,Information Technology,2025-07-25,3140.0,3156.9,3125.6,3135.8,2568917
INE467B01029,TCS,Tata Consultancy Services Ltd.,Information Technology,2025-07-28,3110.0,3118.0,3069.9,3079.3,3374473
INE467B01029,TCS,Tata Consultancy Services Ltd.,Information Technology,2025-07-29,3060.0,3074.0,3041.2,3056.0,4785312
INE467B01029,TCS,Tata Consultancy Services Ltd.,Information Technology,2025-07-30,3060.0,3069.0,3047.2,3053.6,2880121
INE467B01029,TCS,Tata Consultancy Services Ltd.,Information Technology,2025-07-31,3041.7,3059.8,3015.0,3036.8,2968371
INE467B01029,TCS,Tata Consultancy Services Ltd.,Information Technology,2025-08-01,3029.9,3036.8,3000.0,3003.0,2053847
INE467B01029,TCS,Tata Consultancy Services Ltd.,Information Technology,2025-08-04,3009.1,3079.4,2991.6,3074.4,2519252
INE467B01029,TCS,Tata Consultancy Services Ltd.,Information Technology,2025-08-05,3074.4,3077.5,3042.0,3063.9,1927996
INE467B01029,TCS,Tata Consultancy Services Ltd.,Information Technology,2025-08-06,3063.0,3066.8,3026.0,3032.3,1487081
INE467B01029,TCS,Tata Consultancy Services Ltd.,Information Technology,2025-08-07,3016.0,3051.6,3010.9,3047.0,2543076
INE467B01029,TCS,Tata Consultancy Services Ltd.,Information Technology,2025-08-08,3048.1,3059.8,3025.0,3036.4,2762140
INE467B01029,TCS,Tata Consultancy Services Ltd.,Information Technology,2025-08-11,3036.4,3049.9,3021.3,3040.8,1884215
INE467B01029,TCS,Tata Consultancy Services Ltd.,Information Technology,2025-08-12,3041.0,3096.4,3026.9,3035.4,3358232
INE467B01029,TCS,Tata Consultancy Services Ltd.,Information Technology,2025-08-13,3036.1,3044.4,3028.6,3036.2,2148166
INE467B01029,TCS,Tata Consultancy Services Ltd.,Information Technology,2025-08-14,3034.0,3055.9,3019.1,3022.3,3342174
INE467B01029,TCS,Tata Consultancy Services Ltd.,Information Technology,2025-08-18,3046.5,3049.0,3003.4,3011.2,2945609
INE467B01029,TCS,Tata Consultancy Services Ltd.,Information Technology,2025-08-19,3011.2,3025.0,3011.1,3016.2,2650784
INE467B01029,TCS,Tata Consultancy Services Ltd.,Information Technology,2025-08-20,3010.9,3103.4,3010.9,3098.6,4952358
INE467B01029,TCS,Tata Consultancy Services Ltd.,Information Technology,2025-08-21,3130.0,3130.0,3083.1,3102.6,3230726
INE467B01029,TCS,Tata Consultancy Services Ltd.,Information Technology,2025-08-22,3086.0,3095.7,3050.0,3054.0,1593791
INE467B01029,TCS,Tata Consultancy Services Ltd.,Information Technology,2025-08-25,3087.3,3152.0,3077.1,3140.6,3448370
INE467B01029,TCS,Tata Consultancy Services Ltd.,Information Technology,2025-08-26,3129.0,3162.0,3120.0,3157.2,5522097
INE467B01029,TCS,Tata Consultancy Services Ltd.,Information Technology,2025-08-28,3145.0,3146.5,3086.5,3093.7,3116051
INE467B01029,TCS,Tata Consultancy Services Ltd.,Information Technology,2025-08-29,3093.0,3115.0,3077.2,3084.7,2271789
INE467B01029,TCS,Tata Consultancy Services Ltd.,Information Technology,2025-09-01,3090.0,3131.1,3090.0,3112.6,1246862
INE467B01029,TCS,Tata Consultancy Services Ltd.,Information Technology,2025-09-02,3121.1,3155.0,3103.1,3111.5,2185229
INE467B01029,TCS,Tata Consultancy Services Ltd.,Information Technology,2025-09-03,3129.9,3141.9,3088.0,3097.5,1799774
INE467B01029,TCS,Tata Consultancy Services Ltd.,Information Technology,2025-09-04,3116.0,3118.0,3090.8,3095.7,1481391
INE467B01029,TCS,Tata Consultancy Services Ltd.,Information Technology,2025-09-05,3097.1,3103.4,3028.6,3048.3,2802055
INE467B01029,TCS,Tata Consultancy Services Ltd.,Information Technology,2025-09-08,3050.0,3064.9,3016.0,3019.0,2626187
INE467B01029,TCS,Tata Consultancy Services Ltd.,Information Technology,2025-09-09,3032.1,3060.0,3030.8,3049.4,2489301
INE467B01029,TCS,Tata Consultancy Services Ltd.,Information Technology,2025-09-10,3056.4,3122.7,3053.4,3110.0,2079428
INE467B01029,TCS,Tata Consultancy Services Ltd.,Information Technology,2025-09-11,3139.0,3139.0,3110.1,3124.2,2263446
INE467B01029,TCS,Tata Consultancy Services Ltd.,Information Technology,2025-09-12,3144.0,3148.7,3121.0,3133.4,1447167
INE467B01029,TCS,Tata Consultancy Services Ltd.,Information Technology,2025-09-15,3134.0,3134.0,3096.0,3111.9,1732539
INE467B01029,TCS,Tata Consultancy Services Ltd.,Information Technology,2025-09-16,3128.0,3150.0,3109.1,3145.7,2573429
INE467B01029,TCS,Tata Consultancy Services Ltd.,Information Technology,2025-09-17,3152.0,3182.4,3142.4,3172.8,2418271
INE467B01029,TCS,Tata Consultancy Services Ltd.,Information Technology,2025-09-18,3185.0,3203.0,3161.4,3176.7,2633138
INE467B01029,TCS,Tata Consultancy Services Ltd.,Information Technology,2025-09-19,3170.0,3180.5,3144.0,3169.2,4901694
INE467B01029,TCS,Tata Consultancy Services Ltd.,Information Technology,2025-09-22,3095.0,3106.9,3065.0,3073.8,3634901
INE467B01029,TCS,Tata Consultancy Services Ltd.,Information Technology,2025-09-23,3070.0,3080.7,3052.0,3062.4,3177741
INE467B01029,TCS,Tata Consultancy Services Ltd.,Information Technology,2025-09-24,3050.0,3057.0,3033.0,3035.4,1625714
INE467B01029,TCS,Tata Consultancy Services Ltd.,Information Technology,2025-09-25,3022.0,3029.6,2951.0,2957.4,4974361
INE467B01029,TCS,Tata Consultancy Services Ltd.,Information Technology,2025-09-26,2941.0,2954.8,2891.3,2899.1,3934636
INE467B01029,TCS,Tata Consultancy Services Ltd.,Information Technology,2025-09-29,2916.0,2929.3,2894.0,2896.1,3110035
INE467B01029,TCS,Tata Consultancy Services Ltd.,Information Technology,2025-09-30,2911.0,2915.3,2885.1,2888.4,2253458
INE467B01029,TCS,Tata Consultancy Services Ltd.,Information Technology,2025-10-01,2891.0,2924.8,2866.6,2914.2,1952902
INE467B01029,TCS,Tata Consultancy Services Ltd.,Information Technology,2025-10-03,2924.0,2924.0,2891.1,2901.9,2899519
INE467B01029,TCS,Tata Consultancy Services Ltd.,Information Technology,2025-10-06,2902.0,2993.6,2895.6,2988.4,2112774
INE467B01029,TCS,Tata Consultancy Services Ltd.,Information Technology,2025-10-07,2995.0,3004.5,2955.5,2973.7,3062943
INE467B01029,TCS,Tata Consultancy Services Ltd.,Information Technology,2025-10-08,2975.0,3043.0,2968.0,3027.2,4121889
INE467B01029,TCS,Tata Consultancy Services Ltd.,Information Technology,2025-10-09,3034.0,3066.0,3020.0,3061.7,3211304
INE467B01029,TCS,Tata Consultancy Services Ltd.,Information Technology,2025-10-10,3050.0,3070.0,3006.9,3028.3,8817365
INE467B01029,TCS,Tata Consultancy Services Ltd.,Information Technology,2025-10-13,3027.0,3035.5,2998.2,3007.2,2866865
INE467B01029,TCS,Tata Consultancy Services Ltd.,Information Technology,2025-10-14,3021.0,3027.2,2955.5,2960.3,3611416
INE467B01029,TCS,Tata Consultancy Services Ltd.,Information Technology,2025-10-15,2971.0,2979.7,2951.0,2969.8,4282226
INE467B01029,TCS,Tata Consultancy Services Ltd.,Information Technology,2025-10-16,2969.9,2975.0,2943.1,2970.7,3251495
INE467B01029,TCS,Tata Consultancy Services Ltd.,Information Technology,2025-10-17,2970.0,2988.8,2955.4,2962.2,4374683
INE467B01029,TCS,Tata Consultancy Services Ltd.,Information Technology,2025-10-20,2985.5,3023.0,2978.5,3015.2,3133039
INE467B01029,TCS,Tata Consultancy Services Ltd.,Information Technology,2025-10-21,3031.1,3031.8,2996.0,3006.7,310644
INE467B01029,TCS,Tata Consultancy Services Ltd.,Information Technology,2025-10-23,3055.0,3098.0,3036.1,3073.2,5564758
INE467B01029,TCS,Tata Consultancy Services Ltd.,Information Technology,2025-10-24,3080.0,3090.0,3058.3,3063.2,2684318
INE467B01029,TCS,Tata Consultancy Services Ltd.,Information Technology,2025-10-27,3066.5,3094.2,3060.2,3084.9,1946312
INE467B01029,TCS,Tata Consultancy Services Ltd.,Information Technology,2025-10-28,3076.0,3090.2,3040.2,3057.9,3470737
INE467B01029,TCS,Tata Consultancy Services Ltd.,Information Technology,2025-10-29,3057.9,3076.0,3046.1,3057.6,2895420
INE467B01029,TCS,Tata Consultancy Services Ltd.,Information Technology,2025-10-30,3049.1,3063.8,3032.8,3035.3,2241536
INE467B01029,TCS,Tata Consultancy Services Ltd.,Information Technology,2025-10-31,3035.0,3067.4,3025.1,3058.0,1868085
INE467B01029,TCS,Tata Consultancy Services Ltd.,Information Technology,2025-11-03,3046.9,3058.0,3010.0,3016.8,2194877
INE467B01029,TCS,Tata Consultancy Services Ltd.,Information Technology,2025-11-04,3019.6,3029.3,2976.0,2990.2,2670720
INE467B01029,TCS,Tata Consultancy Services Ltd.,Information Technology,2025-11-06,2990.1,3024.0,2990.0,3010.9,2542721
INE467B01029,TCS,Tata Consultancy Services Ltd.,Information Technology,2025-11-07,3001.0,3004.0,2960.5,2991.8,1830520
INE467B01029,TCS,Tata Consultancy Services Ltd.,Information Technology,2025-11-10,2993.0,3047.9,2992.0,3025.2,1556656
INE467B01029,TCS,Tata Consultancy Services Ltd.,Information Technology,2025-11-11,3045.0,3055.7,3018.0,3047.0,2806868
INE467B01029,TCS,Tata Consultancy Services Ltd.,Information Technology,2025-11-12,3060.0,3136.4,3057.1,3131.8,4460315
INE467B01029,TCS,Tata Consultancy Services Ltd.,Information Technology,2025-11-13,3131.8,3131.9,3102.0,3105.7,1740435
INE467B01029,TCS,Tata Consultancy Services Ltd.,Information Technology,2025-11-14,3090.0,3113.1,3077.3,3106.0,2210794
INE467B01029,TCS,Tata Consultancy Services Ltd.,Information Technology,2025-11-17,3106.0,3123.5,3086.6,3102.2,2232853
INE467B01029,TCS,Tata Consultancy Services Ltd.,Information Technology,2025-11-18,3102.0,3105.0,3078.0,3087.1,2548350
INE467B01029,TCS,Tata Consultancy Services Ltd.,Information Technology,2025-11-19,3097.0,3155.0,3083.5,3147.7,3151053
INE467B01029,TCS,Tata Consultancy Services Ltd.,Information Technology,2025-11-20,3148.0,3164.5,3138.1,3144.8,2700767
INE467B01029,TCS,Tata Consultancy Services Ltd.,Information Technology,2025-11-21,3144.8,3170.0,3135.2,3150.6,4177037
INE467B01029,TCS,Tata Consultancy Services Ltd.,Information Technology,2025-11-24,3158.0,3178.9,3131.0,3141.2,6703764
INE467B01029,TCS,Tata Consultancy Services Ltd.,Information Technology,2025-11-25,3145.3,3149.8,3115.0,3119.2,2737920
INE467B01029,TCS,Tata Consultancy Services Ltd.,Information Technology,2025-11-26,3118.8,3178.0,3117.0,3162.9,2508527
INE467B01029,TCS,Tata Consultancy Services Ltd.,Information Technology,2025-11-27,3180.0,3180.0,3125.0,3136.6,2836233
INE467B01029,TCS,Tata Consultancy Services Ltd.,Information Technology,2025-11-28,3140.0,3147.3,3125.0,3137.5,1616690
INE467B01029,TCS,Tata Consultancy Services Ltd.,Information Technology,2025-12-01,3137.9,3154.0,3122.2,3133.4,1747647
INE467B01029,TCS,Tata Consultancy Services Ltd.,Information Technology,2025-12-02,3131.0,3144.0,3120.4,3135.7,2512003
INE467B01029,TCS,Tata Consultancy Services Ltd.,Information Technology,2025-12-03,3140.0,3211.9,3139.0,3180.0,3952112
INE467B01029,TCS,Tata Consultancy Services Ltd.,Information Technology,2025-12-04,3194.0,3250.0,3187.4,3229.2,5025905
INE467B01029,TCS,Tata Consultancy Services Ltd.,Information Technology,2025-12-05,3230.0,3271.6,3222.4,3238.2,5244013
INE467B01029,TCS,Tata Consultancy Services Ltd.,Information Technology,2025-12-08,3243.0,3259.9,3208.6,3236.5,2544725
INE467B01029,TCS,Tata Consultancy Services Ltd.,Information Technology,2025-12-09,3230.0,3233.7,3181.2,3208.3,2734893
INE467B01029,TCS,Tata Consultancy Services Ltd.,Information Technology,2025-12-10,3225.0,3225.0,3178.1,3189.2,1386849
INE467B01029,TCS,Tata Consultancy Services Ltd.,Information Technology,2025-12-11,3205.0,3208.4,3153.1,3191.9,1914362
INE467B01029,TCS,Tata Consultancy Services Ltd.,Information Technology,2025-12-12,3197.7,3223.0,3185.7,3220.5,1146554
INE467B01029,TCS,Tata Consultancy Services Ltd.,Information Technology,2025-12-15,3211.1,3238.2,3197.3,3230.2,1562190
INE467B01029,TCS,Tata Consultancy Services Ltd.,Information Technology,2025-12-16,3220.0,3220.0,3191.1,3205.1,1734623
INE467B01029,TCS,Tata Consultancy Services Ltd.,Information Technology,2025-12-17,3200.5,3236.9,3200.5,3217.8,1376350
INE467B01029,TCS,Tata Consultancy Services Ltd.,Information Technology,2025-12-18,3228.0,3287.8,3221.0,3280.8,2307422
INE467B01029,TCS,Tata Consultancy Services Ltd.,Information Technology,2025-12-19,3299.0,3317.9,3278.8,3282.0,3902511
INE467B01029,TCS,Tata Consultancy Services Ltd.,Information Technology,2025-12-22,3310.0,3328.6,3291.0,3324.9,2632816
INE467B01029,TCS,Tata Consultancy Services Ltd.,Information Technology,2025-12-23,3319.9,3319.9,3293.5,3310.0,2365420
INE467B01029,TCS,Tata Consultancy Services Ltd.,Information Technology,2025-12-24,3304.1,3327.1,3296.1,3319.0,1367708
INE467B01029,TCS,Tata Consultancy Services Ltd.,Information Technology,2025-12-26,3313.1,3320.0,3271.8,3280.0,1176664
INE467B01029,TCS,Tata Consultancy Services Ltd.,Information Technology,2025-12-29,3280.0,3288.0,3242.9,3251.5,2079473
INE467B01029,TCS,Tata Consultancy Services Ltd.,Information Technology,2025-12-30,3250.0,3267.5,3239.5,3246.8,2807593
INE467B01029,TCS,Tata Consultancy Services Ltd.,Information Technology,2025-12-31,3240.0,3246.0,3198.5,3206.2,3362634
INE467B01029,TCS,Tata Consultancy Services Ltd.,Information Technology,2026-01-01,3215.0,3234.1,3198.2,3227.4,1255735
INE467B01029,TCS,Tata Consultancy Services Ltd.,Information Technology,2026-01-02,3234.0,3254.3,3219.5,3250.7,1184324
INE467B01029,TCS,Tata Consultancy Services Ltd.,Information Technology,2026-01-05,3240.5,3247.0,3191.0,3216.1,2341703
INE467B01029,TCS,Tata Consultancy Services Ltd.,Information Technology,2026-01-06,3210.0,3263.2,3205.0,3255.8,2912325
INE467B01029,TCS,Tata Consultancy Services Ltd.,Information Technology,2026-01-07,3242.9,3300.6,3223.2,3295.6,1989442
INE467B01029,TCS,Tata Consultancy Services Ltd.,Information Technology,2026-01-08,3286.9,3286.9,3182.0,3203.9,4159336
INE467B01029,TCS,Tata Consultancy Services Ltd.,Information Technology,2026-01-09,3191.0,3229.7,3191.0,3207.8,1938673
INE467B01029,TCS,Tata Consultancy Services Ltd.,Information Technology,2026-01-12,3203.0,3252.0,3174.3,3239.6,2228342
INE467B01029,TCS,Tata Consultancy Services Ltd.,Information Technology,2026-01-13,3245.0,3280.0,3210.5,3268.0,5645341
INE467B01029,TCS,Tata Consultancy Services Ltd.,Information Technology,2026-01-14,3260.0,3260.0,3183.0,3192.5,3539511
INE467B01029,TCS,Tata Consultancy Services Ltd.,Information Technology,2026-01-15,3192.5,3192.5,3192.5,3192.5,0
INE467B01029,TCS,Tata Consultancy Services Ltd.,Information Technology,2026-01-16,3219.4,3221.9,3171.0,3206.7,4293470
INE467B01029,TCS,Tata Consultancy Services Ltd.,Information Technology,2026-01-19,3188.0,3220.0,3152.1,3163.6,3387562
INE467B01029,TCS,Tata Consultancy Services Ltd.,Information Technology,2026-01-20,3151.6,3160.0,3091.1,3102.3,4499273
INE467B01029,TCS,Tata Consultancy Services Ltd.,Information Technology,2026-01-21,3100.0,3138.5,3082.0,3122.6,2015150
INE467B01029,TCS,Tata Consultancy Services Ltd.,Information Technology,2026-01-22,3150.0,3160.0,3122.3,3150.4,2269827
INE467B01029,TCS,Tata Consultancy Services Ltd.,Information Technology,2026-01-23,3190.3,3194.5,3152.0,3162.5,2068857
INE467B01029,TCS,Tata Consultancy Services Ltd.,Information Technology,2026-01-27,3175.0,3175.0,3130.0,3158.0,4279874
INE467B01029,TCS,Tata Consultancy Services Ltd.,Information Technology,2026-01-28,3176.0,3205.2,3170.6,3200.1,2751234
INE467B01029,TCS,Tata Consultancy Services Ltd.,Information Technology,2026-01-29,3200.1,3200.1,3125.6,3144.4,2457641
INE467B01029,TCS,Tata Consultancy Services Ltd.,Information Technology,2026-01-30,3141.0,3141.0,3092.0,3123.9,3022068
INE467B01029,TCS,Tata Consultancy Services Ltd.,Information Technology,2026-02-02,3198.0,3198.0,3134.0,3169.6,2636272
INE467B01029,TCS,Tata Consultancy Services Ltd.,Information Technology,2026-02-03,3350.0,3350.0,3186.3,3225.3,4366060
INE467B01029,TCS,Tata Consultancy Services Ltd.,Information Technology,2026-02-04,3120.0,3120.0,2986.0,2999.1,10852595
INE467B01029,TCS,Tata Consultancy Services Ltd.,Information Technology,2026-02-05,2990.0,3029.7,2972.3,2991.5,3521545
INE467B01029,TCS,Tata Consultancy Services Ltd.,Information Technology,2026-02-06,2976.6,2985.0,2916.0,2941.6,4687389
INE467B01029,TCS,Tata Consultancy Services Ltd.,Information Technology,2026-02-09,2959.1,2977.0,2937.5,2948.2,2380318
INE467B01029,TCS,Tata Consultancy Services Ltd.,Information Technology,2026-02-10,2949.8,3011.6,2943.5,2984.6,3547763
INE467B01029,TCS,Tata Consultancy Services Ltd.,Information Technology,2026-02-11,2980.0,2998.0,2904.2,2909.8,3363513
INE467B01029,TCS,Tata Consultancy Services Ltd.,Information Technology,2026-02-12,2869.8,2880.0,2740.0,2750.1,10612156
INE467B01029,TCS,Tata Consultancy Services Ltd.,Information Technology,2026-02-13,2585.0,2713.0,2585.0,2692.2,11168735
INE467B01029,TCS,Tata Consultancy Services Ltd.,Information Technology,2026-02-16,2700.0,2719.8,2671.0,2706.6,2918730
INE467B01029,TCS,Tata Consultancy Services Ltd.,Information Technology,2026-02-17,2716.0,2760.0,2695.2,2717.4,4209118
INE467B01029,TCS,Tata Consultancy Services Ltd.,Information Technology,2026-02-18,2730.0,2730.0,2657.3,2694.9,2950820
INE467B01029,TCS,Tata Consultancy Services Ltd.,Information Technology,2026-02-19,2708.0,2748.7,2666.6,2677.9,3238849
INE467B01029,TCS,Tata Consultancy Services Ltd.,Information Technology,2026-02-20,2667.0,2702.6,2647.5,2686.2,2293482
INE467B01029,TCS,Tata Consultancy Services Ltd.,Information Technology,2026-02-23,2686.0,2704.0,2660.2,2676.3,4699596
INE467B01029,TCS,Tata Consultancy Services Ltd.,Information Technology,2026-02-24,2641.0,2647.5,2561.3,2573.7,7798833
INE467B01029,TCS,Tata Consultancy Services Ltd.,Information Technology,2026-02-25,2596.0,2654.2,2595.0,2629.3,3621285
INE467B01029,TCS,Tata Consultancy Services Ltd.,Information Technology,2026-02-26,2650.0,2671.0,2635.0,2647.7,3464267
INE467B01029,TCS,Tata Consultancy Services Ltd.,Information Technology,2026-02-27,2681.6,2688.6,2626.1,2637.4,5083717
INE467B01029,TCS,Tata Consultancy Services Ltd.,Information Technology,2026-03-02,2592.0,2623.8,2580.3,2613.5,3374385
INE467B01029,TCS,Tata Consultancy Services Ltd.,Information Technology,2026-03-04,2625.0,2635.0,2580.4,2587.8,3446434
INE467B01029,TCS,Tata Consultancy Services Ltd.,Information Technology,2026-03-05,2600.0,2609.5,2546.4,2578.8,2960636
INE467B01029,TCS,Tata Consultancy Services Ltd.,Information Technology,2026-03-06,2572.0,2619.2,2553.6,2557.6,3998643
INE467B01029,TCS,Tata Consultancy Services Ltd.,Information Technology,2026-03-09,2530.0,2560.0,2505.0,2527.4,3653428
INE467B01029,TCS,Tata Consultancy Services Ltd.,Information Technology,2026-03-10,2541.0,2545.2,2490.1,2513.1,4323710
INE467B01029,TCS,Tata Consultancy Services Ltd.,Information Technology,2026-03-11,2508.1,2521.0,2460.1,2464.9,2720664
INE467B01029,TCS,Tata Consultancy Services Ltd.,Information Technology,2026-03-12,2459.8,2472.9,2436.0,2442.4,2752075
INE467B01029,TCS,Tata Consultancy Services Ltd.,Information Technology,2026-03-13,2437.0,2445.9,2397.0,2410.5,2466488
INE467B01029,TCS,Tata Consultancy Services Ltd.,Information Technology,2026-03-16,2410.0,2425.0,2366.1,2409.2,3807907
INE467B01029,TCS,Tata Consultancy Services Ltd.,Information Technology,2026-03-17,2420.0,2420.0,2360.0,2391.7,2993367
INE467B01029,TCS,Tata Consultancy Services Ltd.,Information Technology,2026-03-18,2410.0,2482.9,2410.0,2440.8,3082388
INE467B01029,TCS,Tata Consultancy Services Ltd.,Information Technology,2026-03-19,2417.0,2424.0,2350.2,2356.0,2757060
INE467B01029,TCS,Tata Consultancy Services Ltd.,Information Technology,2026-03-20,2386.0,2407.8,2364.2,2390.6,4206320
INE467B01029,TCS,Tata Consultancy Services Ltd.,Information Technology,2026-03-23,2365.0,2406.8,2348.0,2383.8,3860515
INE467B01029,TCS,Tata Consultancy Services Ltd.,Information Technology,2026-03-24,2404.1,2435.4,2379.1,2398.8,3420182
INE467B01029,TCS,Tata Consultancy Services Ltd.,Information Technology,2026-03-25,2400.9,2421.6,2369.8,2377.4,5843778
INE467B01029,TCS,Tata Consultancy Services Ltd.,Information Technology,2026-03-27,2403.9,2422.1,2385.0,2389.8,4979411
INE467B01029,TCS,Tata Consultancy Services Ltd.,Information Technology,2026-03-30,2375.1,2398.0,2346.2,2358.9,6804756
INE467B01029,TCS,Tata Consultancy Services Ltd.,Information Technology,2026-04-01,2429.0,2472.0,2397.9,2408.2,4132661
INE467B01029,TCS,Tata Consultancy Services Ltd.,Information Technology,2026-04-02,2386.0,2469.9,2375.7,2450.7,5378361
INE467B01029,TCS,Tata Consultancy Services Ltd.,Information Technology,2026-04-06,2474.0,2482.0,2448.2,2473.9,2572417
INE467B01029,TCS,Tata Consultancy Services Ltd.,Information Technology,2026-04-07,2461.0,2543.9,2448.0,2539.8,4516550
INE467B01029,TCS,Tata Consultancy Services Ltd.,Information Technology,2026-04-08,2572.0,2580.3,2540.1,2559.2,4769337
INE467B01029,TCS,Tata Consultancy Services Ltd.,Information Technology,2026-04-09,2554.0,2605.0,2531.1,2589.0,5628261
INE467B01029,TCS,Tata Consultancy Services Ltd.,Information Technology,2026-04-10,2565.8,2565.8,2501.1,2524.3,10480239
INE467B01029,TCS,Tata Consultancy Services Ltd.,Information Technology,2026-04-13,2489.9,2504.9,2470.0,2472.6,3739587
INE467B01029,TCS,Tata Consultancy Services Ltd.,Information Technology,2026-04-15,2501.9,2559.0,2493.4,2554.9,5261384
INE467B01029,TCS,Tata Consultancy Services Ltd.,Information Technology,2026-04-16,2572.0,2594.0,2558.0,2576.9,3905403
INE467B01029,TCS,Tata Consultancy Services Ltd.,Information Technology,2026-04-17,2570.0,2589.0,2555.9,2581.5,2718206
INE467B01029,TCS,Tata Consultancy Services Ltd.,Information Technology,2026-04-20,2587.1,2594.0,2561.2,2579.6,2288558
INE467B01029,TCS,Tata Consultancy Services Ltd.,Information Technology,2026-04-21,2560.0,2614.0,2560.0,2610.5,2719959
INE467B01029,TCS,Tata Consultancy Services Ltd.,Information Technology,2026-04-22,2580.0,2580.0,2503.6,2538.5,5232045
INE467B01029,TCS,Tata Consultancy Services Ltd.,Information Technology,2026-04-23,2529.0,2559.5,2516.3,2521.8,2509050
INE467B01029,TCS,Tata Consultancy Services Ltd.,Information Technology,2026-04-24,2488.0,2505.0,2388.8,2396.9,5107719
INE467B01029,TCS,Tata Consultancy Services Ltd.,Information Technology,2026-04-27,2396.9,2459.0,2396.9,2447.6,5853425
INE467B01029,TCS,Tata Consultancy Services Ltd.,Information Technology,2026-04-28,2444.0,2487.0,2427.4,2444.7,4508363
INE467B01029,TCS,Tata Consultancy Services Ltd.,Information Technology,2026-04-29,2451.0,2487.9,2447.6,2474.7,2835961
INE467B01029,TCS,Tata Consultancy Services Ltd.,Information Technology,2026-04-30,2479.0,2491.0,2438.0,2473.9,3970446
INE467B01029,TCS,Tata Consultancy Services Ltd.,Information Technology,2026-05-01,2473.9,2473.9,2473.9,2473.9,0
INE467B01029,TCS,Tata Consultancy Services Ltd.,Information Technology,2026-05-04,2494.0,2498.3,2425.0,2431.3,2632358
INE467B01029,TCS,Tata Consultancy Services Ltd.,Information Technology,2026-05-05,2430.0,2460.4,2412.2,2427.3,3385720
INE467B01029,TCS,Tata Consultancy Services Ltd.,Information Technology,2026-05-06,2441.9,2471.0,2406.5,2435.4,3147628
INE467B01029,TCS,Tata Consultancy Services Ltd.,Information Technology,2026-05-07,2438.2,2439.7,2398.0,2401.4,5829594
INE467B01029,TCS,Tata Consultancy Services Ltd.,Information Technology,2026-05-08,2398.0,2407.0,2375.1,2394.4,3792199
INE467B01029,TCS,Tata Consultancy Services Ltd.,Information Technology,2026-05-11,2371.0,2415.0,2371.0,2392.9,1975188
INE467B01029,TCS,Tata Consultancy Services Ltd.,Information Technology,2026-05-12,2375.0,2375.0,2283.0,2300.3,6347884
INE467B01029,TCS,Tata Consultancy Services Ltd.,Information Technology,2026-05-13,2306.0,2309.2,2269.0,2272.8,3171843
INE467B01029,TCS,Tata Consultancy Services Ltd.,Information Technology,2026-05-14,2265.0,2265.0,2206.4,2246.0,5633313
INE467B01029,TCS,Tata Consultancy Services Ltd.,Information Technology,2026-05-15,2252.0,2304.9,2252.0,2264.0,3410637
INE467B01029,TCS,Tata Consultancy Services Ltd.,Information Technology,2026-05-18,2264.0,2292.9,2252.2,2283.2,3773336
INE467B01029,TCS,Tata Consultancy Services Ltd.,Information Technology,2026-05-19,2300.0,2377.6,2297.1,2327.1,10394707
INE467B01029,TCS,Tata Consultancy Services Ltd.,Information Technology,2026-05-20,2323.9,2342.0,2317.8,2327.4,2537422
INE467B01029,TCS,Tata Consultancy Services Ltd.,Information Technology,2026-05-21,2331.0,2335.9,2314.0,2327.2,3299087
INE467B01029,TCS,Tata Consultancy Services Ltd.,Information Technology,2026-05-22,2331.1,2340.0,2308.1,2317.3,2617262
INE467B01029,TCS,Tata Consultancy Services Ltd.,Information Technology,2026-05-25,2325.0,2326.1,2293.0,2308.2,3298364
INE467B01029,TCS,Tata Consultancy Services Ltd.,Information Technology,2026-05-26,2308.2,2327.9,2272.4,2276.2,3587597
INE467B01029,TCS,Tata Consultancy Services Ltd.,Information Technology,2026-05-27,2275.0,2295.6,2260.9,2284.2,2653950
INE467B01029,TCS,Tata Consultancy Services Ltd.,Information Technology,2026-05-28,2284.2,2284.2,2284.2,2284.2,0
INE467B01029,TCS,Tata Consultancy Services Ltd.,Information Technology,2026-05-29,2291.0,2334.0,2235.0,2258.9,16331582
INE467B01029,TCS,Tata Consultancy Services Ltd.,Information Technology,2026-06-01,2284.0,2335.0,2280.0,2297.4,7505095
INE467B01029,TCS,Tata Consultancy Services Ltd.,Information Technology,2026-06-02,2320.0,2457.4,2316.2,2446.9,11306127
INE467B01029,TCS,Tata Consultancy Services Ltd.,Information Technology,2026-06-03,2393.0,2393.0,2224.8,2241.7,15660062
INE467B01029,TCS,Tata Consultancy Services Ltd.,Information Technology,2026-06-04,2241.7,2253.1,2216.6,2241.0,4867263
INE467B01029,TCS,Tata Consultancy Services Ltd.,Information Technology,2026-06-05,2262.9,2271.8,2192.0,2198.9,5019717
INE467B01029,TCS,Tata Consultancy Services Ltd.,Information Technology,2026-06-08,2170.0,2177.0,2143.3,2151.4,6536734
INE467B01029,TCS,Tata Consultancy Services Ltd.,Information Technology,2026-06-09,2174.0,2174.0,2132.8,2151.0,4148655
INE467B01029,TCS,Tata Consultancy Services Ltd.,Information Technology,2026-06-10,2151.3,2180.8,2144.8,2153.9,2848650
INE467B01029,TCS,Tata Consultancy Services Ltd.,Information Technology,2026-06-11,2127.0,2154.6,2110.0,2135.6,3079815
INE467B01029,TCS,Tata Consultancy Services Ltd.,Information Technology,2026-06-12,2150.0,2168.0,2138.0,2161.4,2124656
INE467B01029,TCS,Tata Consultancy Services Ltd.,Information Technology,2026-06-15,2192.0,2192.0,2159.3,2162.0,3337083
INE467B01029,TCS,Tata Consultancy Services Ltd.,Information Technology,2026-06-16,2167.0,2209.0,2160.6,2199.0,3079898
INE467B01029,TCS,Tata Consultancy Services Ltd.,Information Technology,2026-06-17,2209.0,2231.0,2200.7,2223.0,2865010
INE467B01029,TCS,Tata Consultancy Services Ltd.,Information Technology,2026-06-18,2209.0,2214.0,2182.0,2203.3,3735188
INE467B01029,TCS,Tata Consultancy Services Ltd.,Information Technology,2026-06-19,2105.0,2138.0,2059.9,2125.0,13286502
INE467B01029,TCS,Tata Consultancy Services Ltd.,Information Technology,2026-06-22,2132.2,2157.0,2121.0,2127.8,4566101
INE467B01029,TCS,Tata Consultancy Services Ltd.,Information Technology,2026-06-23,2111.0,2114.0,2055.0,2059.6,6392736
INE467B01029,TCS,Tata Consultancy Services Ltd.,Information Technology,2026-06-24,2061.0,2120.7,2061.0,2109.0,4747277
INE467B01029,TCS,Tata Consultancy Services Ltd.,Information Technology,2026-06-25,2133.6,2148.5,2088.0,2094.7,4738903
INE467B01029,TCS,Tata Consultancy Services Ltd.,Information Technology,2026-06-26,2094.7,2094.7,2094.7,2094.7,0
INE467B01029,TCS,Tata Consultancy Services Ltd.,Information Technology,2026-06-29,2090.0,2105.0,2071.0,2097.9,3412470
INE467B01029,TCS,Tata Consultancy Services Ltd.,Information Technology,2026-06-30,2090.0,2104.3,2018.8,2031.5,6848411
INE467B01029,TCS,Tata Consultancy Services Ltd.,Information Technology,2026-07-01,2039.9,2052.0,1976.8,1982.6,4658295
INE467B01029,TCS,Tata Consultancy Services Ltd.,Information Technology,2026-07-02,2008.0,2076.9,2002.5,2068.1,6040621
INE467B01029,TCS,Tata Consultancy Services Ltd.,Information Technology,2026-07-03,2100.0,2116.6,2085.0,2093.5,4028819
INE467B01029,TCS,Tata Consultancy Services Ltd.,Information Technology,2026-07-06,2090.0,2093.0,2050.6,2057.6,2567386
INE467B01029,TCS,Tata Consultancy Services Ltd.,Information Technology,2026-07-07,2050.0,2122.7,2049.0,2096.1,4769048
INE467B01029,TCS,Tata Consultancy Services Ltd.,Information Technology,2026-07-08,2094.0,2109.7,2048.8,2057.5,3666985
INE467B01029,TCS,Tata Consultancy Services Ltd.,Information Technology,2026-07-09,2057.5,2065.0,2016.0,2049.5,3791498
INE467B01029,TCS,Tata Consultancy Services Ltd.,Information Technology,2026-07-10,2105.2,2133.3,2064.6,2069.0,6714551
INE467B01029,TCS,Tata Consultancy Services Ltd.,Information Technology,2026-07-13,2075.0,2204.9,2065.1,2181.5,12382622
INE467B01029,TCS,Tata Consultancy Services Ltd.,Information Technology,2026-07-14,2182.9,2228.0,2179.0,2200.6,9546290
INE467B01029,TCS,Tata Consultancy Services Ltd.,Information Technology,2026-07-15,2174.1,2202.9,2145.4,2189.2,5426489
INE467B01029,TCS,Tata Consultancy Services Ltd.,Information Technology,2026-07-16,2206.0,2231.4,2187.8,2201.0,5197595
INE467B01029,TCS,Tata Consultancy Services Ltd.,Information Technology,2026-07-17,2224.8,2275.0,2215.1,2269.0,5615138
INE467B01029,TCS,Tata Consultancy Services Ltd.,Information Technology,2026-07-20,2280.1,2283.4,2245.1,2251.1,2202693
INE467B01029,TCS,Tata Consultancy Services Ltd.,Information Technology,2026-07-21,2245.1,2259.9,2218.5,2221.1,2382160
INE467B01029,TCS,Tata Consultancy Services Ltd.,Information Technology,2026-07-22,2216.0,2226.8,2201.0,2208.3,1599665
INE467B01029,TCS,Tata Consultancy Services Ltd.,Information Technology,2026-07-23,2204.0,2250.0,2193.6,2242.9,2503539
INE467B01029,TCS,Tata Consultancy Services Ltd.,Information Technology,2026-07-24,2205.1,2264.3,2205.1,2254.3,3211699
INE467B01029,TCS,Tata Consultancy Services Ltd.,Information Technology,2026-07-27,2286.0,2315.0,2272.4,2295.6,4007292
INE467B01029,TCS,Tata Consultancy Services Ltd.,Information Technology,2026-07-28,2325.0,2417.4,2323.0,2398.0,8248513
INE467B01029,TCS,Tata Consultancy Services Ltd.,Information Technology,2026-07-29,2440.0,2475.5,2415.1,2446.6,7169419
INE467B01029,TCS,Tata Consultancy Services Ltd.,Information Technology,2026-07-30,2440.0,2495.0,2423.0,2431.8,4901582
INE467B01029,TCS,Tata Consultancy Services Ltd.,Information Technology,2026-07-31,2385.0,2391.0,2326.1,2365.6,4343683
INE467B01029,TCS,Tata Consultancy Services Ltd.,Information Technology,2026-08-03,2383.9,2473.7,2383.0,2473.7,3036839
INE467B01029,TCS,Tata Consultancy Services Ltd.,Information Technology,2026-08-04,2463.1,2467.4,2435.1,2460.0,2792792
INE467B01029,TCS,Tata Consultancy Services Ltd.,Information Technology,2026-08-05,2460.0,2460.9,2408.0,2413.0,3014409
INE467B01029,TCS,Tata Consultancy Services Ltd.,Information Technology,2026-08-06,2417.0,2434.5,2368.5,2373.0,2729141
INE467B01029,TCS,Tata Consultancy Services Ltd.,Information Technology,2026-08-07,2375.0,2457.7,2375.0,2452.7,4547979
INE467B01029,TCS,Tata Consultancy Services Ltd.,Information Technology,2026-08-10,2452.7,2472.9,2423.5,2425.7,2322023
INE467B01029,TCS,Tata Consultancy Services Ltd.,Information Technology,2026-08-11,2438.0,2456.6,2428.0,2445.7,1514105
INE467B01029,TCS,Tata Consultancy Services Ltd.,Information Technology,2026-08-12,2445.7,2445.8,2300.1,2349.7,7022647
INE467B01029,TCS,Tata Consultancy Services Ltd.,Information Technology,2026-08-13,2349.7,2375.0,2332.3,2375.0,2123494
INE467B01029,TCS,Tata Consultancy Services Ltd.,Information Technology,2026-08-14,2375.1,2390.0,2333.4,2361.0,2232160
INE467B01029,TCS,Tata Consultancy Services Ltd.,Information Technology,2026-08-17,2351.0,2361.1,2310.6,2313.2,2237636
INE467B01029,TCS,Tata Consultancy Services Ltd.,Information Technology,2026-08-18,2300.0,2307.0,2280.0,2280.0,1797822
INE467B01029,TCS,Tata Consultancy Services Ltd.,Information Technology,2026-08-19,2293.6,2308.2,2258.3,2289.0,3368922
INE467B01029,TCS,Tata Consultancy Services Ltd.,Information Technology,2026-08-20,2319.4,2329.0,2288.1,2298.0,2047848
INE467B01029,TCS,Tata Consultancy Services Ltd.,Information Technology,2026-08-21,2290.1,2307.2,2263.3,2302.0,2066749
INE467B01029,TCS,Tata Consultancy Services Ltd.,Information Technology,2026-08-24,2302.4,2321.6,2279.5,2284.1,1542723
INE467B01029,TCS,Tata Consultancy Services Ltd.,Information Technology,2026-08-25,2305.0,2313.5,2262.0,2296.2,3041609
INE467B01029,TCS,Tata Consultancy Services Ltd.,Information Technology,2026-08-26,2305.1,2306.3,2266.4,2270.0,1660737
INE467B01029,TCS,Tata Consultancy Services Ltd.,Information Technology,2026-08-27,2270.0,2283.6,2243.9,2248.4,1709113
INE467B01029,TCS,Tata Consultancy Services Ltd.,Information Technology,2026-08-28,2272.0,2348.5,2263.3,2342.0,4054069
INE467B01029,TCS,Tata Consultancy Services Ltd.,Information Technology,2026-08-31,2342.0,2399.3,2306.2,2399.3,2905846
INE467B01029,TCS,Tata Consultancy Services Ltd.,Information Technology,2026-09-01,2355.0,2372.0,2325.0,2369.0,2678034
INE467B01029,TCS,Tata Consultancy Services Ltd.,Information Technology,2026-09-02,2347.9,2363.0,2303.5,2348.0,2533005
INE467B01029,TCS,Tata Consultancy Services Ltd.,Information Technology,2026-09-03,2353.6,2353.6,2316.1,2320.1,1892786
INE467B01029,TCS,Tata Consultancy Services Ltd.,Information Technology,2026-09-04,2330.0,2363.9,2302.4,2304.0,2564322
INE467B01029,TCS,Tata Consultancy Services Ltd.,Information Technology,2026-09-07,2290.1,2299.9,2260.1,2270.0,2297551
INE467B01029,TCS,Tata Consultancy Services Ltd.,Information Technology,2026-09-08,2270.0,2274.5,2244.0,2255.5,2148114
INE467B01029,TCS,Tata Consultancy Services Ltd.,Information Technology,2026-09-09,2237.0,2237.0,2193.2,2208.0,3370071
INE467B01029,TCS,Tata Consultancy Services Ltd.,Information Technology,2026-09-10,2199.0,2232.0,2190.6,2204.1,2490912
INE467B01029,TCS,Tata Consultancy Services Ltd.,Information Technology,2026-09-11,2185.5,2232.6,2185.5,2200.8,2634124
INE467B01029,TCS,Tata Consultancy Services Ltd.,Information Technology,2026-09-14,2200.8,2200.8,2200.8,2200.8,0
INE467B01029,TCS,Tata Consultancy Services Ltd.,Information Technology,2026-09-15,2275.5,2323.0,2251.0,2251.0,5406210
INE467B01029,TCS,Tata Consultancy Services Ltd.,Information Technology,2026-09-16,2270.0,2273.9,2172.0,2188.8,2763709
INE467B01029,TCS,Tata Consultancy Services Ltd.,Information Technology,2026-09-17,2171.0,2263.6,2162.5,2190.0,3295917
INE467B01029,TCS,Tata Consultancy Services Ltd.,Information Technology,2026-09-18,2177.2,2177.3,2101.2,2105.0,6875428
INE467B01029,TCS,Tata Consultancy Services Ltd.,Information Technology,2026-09-21,2090.0,2145.0,2075.3,2128.7,2330811
INE467B01029,TCS,Tata Consultancy Services Ltd.,Information Technology,2026-09-22,2135.1,2135.2,2098.2,2105.0,3641623
INE467B01029,TCS,Tata Consultancy Services Ltd.,Information Technology,2026-09-23,2099.0,2104.2,2077.6,2089.6,2228402
INE467B01029,TCS,Tata Consultancy Services Ltd.,Information Technology,2026-09-24,2076.0,2096.9,2067.1,2087.0,1760662
INE467B01029,TCS,Tata Consultancy Services Ltd.,Information Technology,2026-09-25,2054.0,2090.2,2038.1,2082.0,3342195
INE467B01029,TCS,Tata Consultancy Services Ltd.,Information Technology,2026-09-28,2100.0,2100.0,2051.0,2070.7,2457049
INE467B01029,TCS,Tata Consultancy Services Ltd.,Information Technology,2026-09-29,2065.0,2085.1,2032.4,2032.4,4437783
INE467B01029,TCS,Tata Consultancy Services Ltd.,Information Technology,2026-09-30,2069.0,2101.0,2050.6,2050.6,3656425
INE467B01029,TCS,Tata Consultancy Services Ltd.,Information Technology,2026-10-01,2052.6,2093.9,2045.1,2075.0,3428501
INE467B01029,TCS,Tata Consultancy Services Ltd.,Information Technology,2026-10-02,2075.0,2075.0,2075.0,2075.0,0
INE467B01029,TCS,Tata Consultancy Services Ltd.,Information Technology,2026-10-05,2114.0,2140.9,2063.6,2114.4,5270768
INE467B01029,TCS,Tata Consultancy Services Ltd.,Information Technology,2026-10-06,2097.0,2115.0,2082.7,2100.0,2382510
INE467B01029,TCS,Tata Consultancy Services Ltd.,Information Technology,2026-10-07,2085.2,2105.0,2076.0,2080.3,1349758
